"CodigoBarras","ZCE","Categoria","Estado","Extension","Archivo","Carpeta","Ruta","Repeticiones"
"","ZCE-2185AO","2018","EN_USO",".jpg","745130421258.jpg","ZCE-2185AO","I:\PROYECTOS DE DISEÑO(ADOLFO)\(PIERRE ZEITOUNE) FERRETTI\ADOLFO CODIGOS DE BARRAS\2018\ZCE-2185AO\745130421258.jpg","0"
"","ZCE-2185AO","2018","EN_USO",".pdf","745130421258.pdf","ZCE-2185AO","I:\PROYECTOS DE DISEÑO(ADOLFO)\(PIERRE ZEITOUNE) FERRETTI\ADOLFO CODIGOS DE BARRAS\2018\ZCE-2185AO\745130421258.pdf","0"
"","ZCE-8885AP","2018","EN_USO",".jpg","745130421259.jpg","ZCE-8885AP","I:\PROYECTOS DE DISEÑO(ADOLFO)\(PIERRE ZEITOUNE) FERRETTI\ADOLFO CODIGOS DE BARRAS\2018\ZCE-8885AP\745130421259.jpg","0"
"","ZCE-8885AP","2018","EN_USO",".pdf","745130421259.pdf","ZCE-8885AP","I:\PROYECTOS DE DISEÑO(ADOLFO)\(PIERRE ZEITOUNE) FERRETTI\ADOLFO CODIGOS DE BARRAS\2018\ZCE-8885AP\745130421259.pdf","0"
"","ZCE-7453AQ","2018","EN_USO",".jpg","745130421260.jpg","ZCE-7453AQ","I:\PROYECTOS DE DISEÑO(ADOLFO)\(PIERRE ZEITOUNE) FERRETTI\ADOLFO CODIGOS DE BARRAS\2018\ZCE-7453AQ\745130421260.jpg","0"
"","ZCE-7453AQ","2018","EN_USO",".pdf","745130421260.pdf","ZCE-7453AQ","I:\PROYECTOS DE DISEÑO(ADOLFO)\(PIERRE ZEITOUNE) FERRETTI\ADOLFO CODIGOS DE BARRAS\2018\ZCE-7453AQ\745130421260.pdf","0"
"","","2018","EN_USO",".jpg","745130421285.jpg","Candado de Anticizalla","I:\PROYECTOS DE DISEÑO(ADOLFO)\(PIERRE ZEITOUNE) FERRETTI\ADOLFO CODIGOS DE BARRAS\2018\Candado de Anticizalla\745130421285.jpg","0"
"","","2018","EN_USO",".pdf","745130421285.pdf","Candado de Anticizalla","I:\PROYECTOS DE DISEÑO(ADOLFO)\(PIERRE ZEITOUNE) FERRETTI\ADOLFO CODIGOS DE BARRAS\2018\Candado de Anticizalla\745130421285.pdf","0"
"","","2018","EN_USO",".jpg","745130421286.jpg","Candado de Anticizalla","I:\PROYECTOS DE DISEÑO(ADOLFO)\(PIERRE ZEITOUNE) FERRETTI\ADOLFO CODIGOS DE BARRAS\2018\Candado de Anticizalla\745130421286.jpg","0"
"","","2018","EN_USO",".pdf","745130421286.pdf","Candado de Anticizalla","I:\PROYECTOS DE DISEÑO(ADOLFO)\(PIERRE ZEITOUNE) FERRETTI\ADOLFO CODIGOS DE BARRAS\2018\Candado de Anticizalla\745130421286.pdf","0"
"","","2018","EN_USO",".jpg","745130421287.jpg","Candado de Anticizalla","I:\PROYECTOS DE DISEÑO(ADOLFO)\(PIERRE ZEITOUNE) FERRETTI\ADOLFO CODIGOS DE BARRAS\2018\Candado de Anticizalla\745130421287.jpg","0"
"","","2018","EN_USO",".pdf","745130421287.pdf","Candado de Anticizalla","I:\PROYECTOS DE DISEÑO(ADOLFO)\(PIERRE ZEITOUNE) FERRETTI\ADOLFO CODIGOS DE BARRAS\2018\Candado de Anticizalla\745130421287.pdf","0"
"","","2018","EN_USO",".eps","745130421288.eps","Candado de Anticizalla","I:\PROYECTOS DE DISEÑO(ADOLFO)\(PIERRE ZEITOUNE) FERRETTI\ADOLFO CODIGOS DE BARRAS\2018\Candado de Anticizalla\745130421288.eps","0"
"","","2018","EN_USO",".jpg","745130421288.jpg","Candado de Anticizalla","I:\PROYECTOS DE DISEÑO(ADOLFO)\(PIERRE ZEITOUNE) FERRETTI\ADOLFO CODIGOS DE BARRAS\2018\Candado de Anticizalla\745130421288.jpg","0"
"","","2018","EN_USO",".pdf","745130421288.pdf","Candado de Anticizalla","I:\PROYECTOS DE DISEÑO(ADOLFO)\(PIERRE ZEITOUNE) FERRETTI\ADOLFO CODIGOS DE BARRAS\2018\Candado de Anticizalla\745130421288.pdf","0"
"","ZCE-6484BW","2018","EN_USO",".ai","745130421291.ai","ZCE-6484BW","I:\PROYECTOS DE DISEÑO(ADOLFO)\(PIERRE ZEITOUNE) FERRETTI\ADOLFO CODIGOS DE BARRAS\2018\Candado Tipo Barrilito\ZCE-6484BW\745130421291.ai","0"
"","ZCE-6484BW","2018","EN_USO",".eps","745130421291.eps","ZCE-6484BW","I:\PROYECTOS DE DISEÑO(ADOLFO)\(PIERRE ZEITOUNE) FERRETTI\ADOLFO CODIGOS DE BARRAS\2018\Candado Tipo Barrilito\ZCE-6484BW\745130421291.eps","0"
"","ZCE-6484BW","2018","EN_USO",".jpg","745130421291.jpg","ZCE-6484BW","I:\PROYECTOS DE DISEÑO(ADOLFO)\(PIERRE ZEITOUNE) FERRETTI\ADOLFO CODIGOS DE BARRAS\2018\Candado Tipo Barrilito\ZCE-6484BW\745130421291.jpg","0"
"","ZCE-6484BW","2018","EN_USO",".pdf","745130421291.pdf","ZCE-6484BW","I:\PROYECTOS DE DISEÑO(ADOLFO)\(PIERRE ZEITOUNE) FERRETTI\ADOLFO CODIGOS DE BARRAS\2018\Candado Tipo Barrilito\ZCE-6484BW\745130421291.pdf","0"
"","ZCE-7884BX","2018","EN_USO",".ai","745130421292.ai","ZCE-7884BX","I:\PROYECTOS DE DISEÑO(ADOLFO)\(PIERRE ZEITOUNE) FERRETTI\ADOLFO CODIGOS DE BARRAS\2018\Candado Tipo Barrilito\ZCE-7884BX\745130421292.ai","0"
"","ZCE-7884BX","2018","EN_USO",".eps","745130421292.eps","ZCE-7884BX","I:\PROYECTOS DE DISEÑO(ADOLFO)\(PIERRE ZEITOUNE) FERRETTI\ADOLFO CODIGOS DE BARRAS\2018\Candado Tipo Barrilito\ZCE-7884BX\745130421292.eps","0"
"","ZCE-7884BX","2018","EN_USO",".jpg","745130421292.jpg","ZCE-7884BX","I:\PROYECTOS DE DISEÑO(ADOLFO)\(PIERRE ZEITOUNE) FERRETTI\ADOLFO CODIGOS DE BARRAS\2018\Candado Tipo Barrilito\ZCE-7884BX\745130421292.jpg","0"
"","ZCE-7884BX","2018","EN_USO",".pdf","745130421292.pdf","ZCE-7884BX","I:\PROYECTOS DE DISEÑO(ADOLFO)\(PIERRE ZEITOUNE) FERRETTI\ADOLFO CODIGOS DE BARRAS\2018\Candado Tipo Barrilito\ZCE-7884BX\745130421292.pdf","0"
"","","2018","EN_USO",".jpg","745130421301.jpg","CANDADO ACORAZADO","I:\PROYECTOS DE DISEÑO(ADOLFO)\(PIERRE ZEITOUNE) FERRETTI\ADOLFO CODIGOS DE BARRAS\2018\CANDADO ACORAZADO\745130421301.jpg","0"
"","","2018","EN_USO",".pdf","745130421301.pdf","CANDADO ACORAZADO","I:\PROYECTOS DE DISEÑO(ADOLFO)\(PIERRE ZEITOUNE) FERRETTI\ADOLFO CODIGOS DE BARRAS\2018\CANDADO ACORAZADO\745130421301.pdf","0"
"","","2018","EN_USO",".jpg","745130421302.jpg","CANDADO ACORAZADO","I:\PROYECTOS DE DISEÑO(ADOLFO)\(PIERRE ZEITOUNE) FERRETTI\ADOLFO CODIGOS DE BARRAS\2018\CANDADO ACORAZADO\745130421302.jpg","0"
"","","2018","EN_USO",".pdf","745130421302.pdf","CANDADO ACORAZADO","I:\PROYECTOS DE DISEÑO(ADOLFO)\(PIERRE ZEITOUNE) FERRETTI\ADOLFO CODIGOS DE BARRAS\2018\CANDADO ACORAZADO\745130421302.pdf","0"
"","","2018","EN_USO",".ai","745130421353.ai","CANDADO DE COMBINACIÓN TSA","I:\PROYECTOS DE DISEÑO(ADOLFO)\(PIERRE ZEITOUNE) FERRETTI\ADOLFO CODIGOS DE BARRAS\2018\CANDADO DE COMBINACIÓN TSA\745130421353.ai","0"
"","","2018","EN_USO",".eps","745130421353.eps","CANDADO DE COMBINACIÓN TSA","I:\PROYECTOS DE DISEÑO(ADOLFO)\(PIERRE ZEITOUNE) FERRETTI\ADOLFO CODIGOS DE BARRAS\2018\CANDADO DE COMBINACIÓN TSA\745130421353.eps","0"
"","","2018","EN_USO",".jpg","745130421353.jpg","CANDADO DE COMBINACIÓN TSA","I:\PROYECTOS DE DISEÑO(ADOLFO)\(PIERRE ZEITOUNE) FERRETTI\ADOLFO CODIGOS DE BARRAS\2018\CANDADO DE COMBINACIÓN TSA\745130421353.jpg","0"
"","","2018","EN_USO",".pdf","745130421353.pdf","CANDADO DE COMBINACIÓN TSA","I:\PROYECTOS DE DISEÑO(ADOLFO)\(PIERRE ZEITOUNE) FERRETTI\ADOLFO CODIGOS DE BARRAS\2018\CANDADO DE COMBINACIÓN TSA\745130421353.pdf","0"
"","","2018","EN_USO",".jpg","745130421354.jpg","CANDADO DE COMBINACIÓN TSA","I:\PROYECTOS DE DISEÑO(ADOLFO)\(PIERRE ZEITOUNE) FERRETTI\ADOLFO CODIGOS DE BARRAS\2018\CANDADO DE COMBINACIÓN TSA\745130421354.jpg","0"
"","","2018","EN_USO",".pdf","745130421354.pdf","CANDADO DE COMBINACIÓN TSA","I:\PROYECTOS DE DISEÑO(ADOLFO)\(PIERRE ZEITOUNE) FERRETTI\ADOLFO CODIGOS DE BARRAS\2018\CANDADO DE COMBINACIÓN TSA\745130421354.pdf","0"
"","","2018","EN_USO",".jpg","745130421355.jpg","CANDADO DE COMBINACIÓN SIMPLE","I:\PROYECTOS DE DISEÑO(ADOLFO)\(PIERRE ZEITOUNE) FERRETTI\ADOLFO CODIGOS DE BARRAS\2018\CANDADO DE COMBINACIÓN SIMPLE\745130421355.jpg","0"
"","","2018","EN_USO",".pdf","745130421355.pdf","CANDADO DE COMBINACIÓN SIMPLE","I:\PROYECTOS DE DISEÑO(ADOLFO)\(PIERRE ZEITOUNE) FERRETTI\ADOLFO CODIGOS DE BARRAS\2018\CANDADO DE COMBINACIÓN SIMPLE\745130421355.pdf","0"
"","","2018","EN_USO",".jpg","745130421356.jpg","CANDADO DE COMBINACIÓN SIMPLE","I:\PROYECTOS DE DISEÑO(ADOLFO)\(PIERRE ZEITOUNE) FERRETTI\ADOLFO CODIGOS DE BARRAS\2018\CANDADO DE COMBINACIÓN SIMPLE\745130421356.jpg","0"
"","","2018","EN_USO",".pdf","745130421356.pdf","CANDADO DE COMBINACIÓN SIMPLE","I:\PROYECTOS DE DISEÑO(ADOLFO)\(PIERRE ZEITOUNE) FERRETTI\ADOLFO CODIGOS DE BARRAS\2018\CANDADO DE COMBINACIÓN SIMPLE\745130421356.pdf","0"
"","","2018","EN_USO",".jpg","745130421365.jpg","CANDADO CUELLO ESTANDART DE HIERRO","I:\PROYECTOS DE DISEÑO(ADOLFO)\(PIERRE ZEITOUNE) FERRETTI\ADOLFO CODIGOS DE BARRAS\2018\CANDADO CUELLO ESTANDART DE HIERRO\745130421365.jpg","0"
"","","2018","EN_USO",".pdf","745130421365.pdf","CANDADO CUELLO ESTANDART DE HIERRO","I:\PROYECTOS DE DISEÑO(ADOLFO)\(PIERRE ZEITOUNE) FERRETTI\ADOLFO CODIGOS DE BARRAS\2018\CANDADO CUELLO ESTANDART DE HIERRO\745130421365.pdf","0"
"","","2018","EN_USO",".jpg","745130421366.jpg","CANDADO CUELLO ESTANDART DE HIERRO","I:\PROYECTOS DE DISEÑO(ADOLFO)\(PIERRE ZEITOUNE) FERRETTI\ADOLFO CODIGOS DE BARRAS\2018\CANDADO CUELLO ESTANDART DE HIERRO\745130421366.jpg","0"
"","","2018","EN_USO",".pdf","745130421366.pdf","CANDADO CUELLO ESTANDART DE HIERRO","I:\PROYECTOS DE DISEÑO(ADOLFO)\(PIERRE ZEITOUNE) FERRETTI\ADOLFO CODIGOS DE BARRAS\2018\CANDADO CUELLO ESTANDART DE HIERRO\745130421366.pdf","0"
"","","2018","EN_USO",".jpg","745130421367.jpg","CANDADO CUELLO ESTANDART DE HIERRO","I:\PROYECTOS DE DISEÑO(ADOLFO)\(PIERRE ZEITOUNE) FERRETTI\ADOLFO CODIGOS DE BARRAS\2018\CANDADO CUELLO ESTANDART DE HIERRO\745130421367.jpg","0"
"","","2018","EN_USO",".pdf","745130421367.pdf","CANDADO CUELLO ESTANDART DE HIERRO","I:\PROYECTOS DE DISEÑO(ADOLFO)\(PIERRE ZEITOUNE) FERRETTI\ADOLFO CODIGOS DE BARRAS\2018\CANDADO CUELLO ESTANDART DE HIERRO\745130421367.pdf","0"
"","","2018","EN_USO",".jpg","745130421368.jpg","CANDADO CUELLO ESTANDART DE HIERRO","I:\PROYECTOS DE DISEÑO(ADOLFO)\(PIERRE ZEITOUNE) FERRETTI\ADOLFO CODIGOS DE BARRAS\2018\CANDADO CUELLO ESTANDART DE HIERRO\745130421368.jpg","0"
"","","2018","EN_USO",".pdf","745130421368.pdf","CANDADO CUELLO ESTANDART DE HIERRO","I:\PROYECTOS DE DISEÑO(ADOLFO)\(PIERRE ZEITOUNE) FERRETTI\ADOLFO CODIGOS DE BARRAS\2018\CANDADO CUELLO ESTANDART DE HIERRO\745130421368.pdf","0"
"","","2018","EN_USO",".jpg","745130421369.jpg","ANTICIZALLA DE ACERO","I:\PROYECTOS DE DISEÑO(ADOLFO)\(PIERRE ZEITOUNE) FERRETTI\ADOLFO CODIGOS DE BARRAS\2018\ANTICIZALLA DE ACERO\745130421369.jpg","0"
"","","2018","EN_USO",".pdf","745130421369.pdf","ANTICIZALLA DE ACERO","I:\PROYECTOS DE DISEÑO(ADOLFO)\(PIERRE ZEITOUNE) FERRETTI\ADOLFO CODIGOS DE BARRAS\2018\ANTICIZALLA DE ACERO\745130421369.pdf","0"
"","","2018","EN_USO",".jpg","745130421370.jpg","ANTICIZALLA DE ACERO","I:\PROYECTOS DE DISEÑO(ADOLFO)\(PIERRE ZEITOUNE) FERRETTI\ADOLFO CODIGOS DE BARRAS\2018\ANTICIZALLA DE ACERO\745130421370.jpg","0"
"","","2018","EN_USO",".pdf","745130421370.pdf","ANTICIZALLA DE ACERO","I:\PROYECTOS DE DISEÑO(ADOLFO)\(PIERRE ZEITOUNE) FERRETTI\ADOLFO CODIGOS DE BARRAS\2018\ANTICIZALLA DE ACERO\745130421370.pdf","0"
"","","2018","EN_USO",".jpg","745130421371.jpg","ANTICIZALLA DE ACERO","I:\PROYECTOS DE DISEÑO(ADOLFO)\(PIERRE ZEITOUNE) FERRETTI\ADOLFO CODIGOS DE BARRAS\2018\ANTICIZALLA DE ACERO\745130421371.jpg","0"
"","","2018","EN_USO",".pdf","745130421371.pdf","ANTICIZALLA DE ACERO","I:\PROYECTOS DE DISEÑO(ADOLFO)\(PIERRE ZEITOUNE) FERRETTI\ADOLFO CODIGOS DE BARRAS\2018\ANTICIZALLA DE ACERO\745130421371.pdf","0"
"","","2018","EN_USO",".jpg","745130421372.jpg","ANTICIZALLA DE ACERO","I:\PROYECTOS DE DISEÑO(ADOLFO)\(PIERRE ZEITOUNE) FERRETTI\ADOLFO CODIGOS DE BARRAS\2018\ANTICIZALLA DE ACERO\745130421372.jpg","0"
"","","2018","EN_USO",".pdf","745130421372.pdf","ANTICIZALLA DE ACERO","I:\PROYECTOS DE DISEÑO(ADOLFO)\(PIERRE ZEITOUNE) FERRETTI\ADOLFO CODIGOS DE BARRAS\2018\ANTICIZALLA DE ACERO\745130421372.pdf","0"
"","","2018","EN_USO",".jpg","745130421373.jpg","ANTICIZALLA DE ACERO","I:\PROYECTOS DE DISEÑO(ADOLFO)\(PIERRE ZEITOUNE) FERRETTI\ADOLFO CODIGOS DE BARRAS\2018\ANTICIZALLA DE ACERO\745130421373.jpg","0"
"","","2018","EN_USO",".pdf","745130421373.pdf","ANTICIZALLA DE ACERO","I:\PROYECTOS DE DISEÑO(ADOLFO)\(PIERRE ZEITOUNE) FERRETTI\ADOLFO CODIGOS DE BARRAS\2018\ANTICIZALLA DE ACERO\745130421373.pdf","0"
"","","2018","EN_USO",".jpg","745130421374.jpg","CERRADURA EMB-SEGURIDAD","I:\PROYECTOS DE DISEÑO(ADOLFO)\(PIERRE ZEITOUNE) FERRETTI\ADOLFO CODIGOS DE BARRAS\2018\CERRADURA EMB-SEGURIDAD\745130421374.jpg","0"
"","","2018","EN_USO",".pdf","745130421374.pdf","CERRADURA EMB-SEGURIDAD","I:\PROYECTOS DE DISEÑO(ADOLFO)\(PIERRE ZEITOUNE) FERRETTI\ADOLFO CODIGOS DE BARRAS\2018\CERRADURA EMB-SEGURIDAD\745130421374.pdf","0"
"","","2018","EN_USO",".jpg","745130421375.jpg","CERRADURA EMB-SEGURIDAD","I:\PROYECTOS DE DISEÑO(ADOLFO)\(PIERRE ZEITOUNE) FERRETTI\ADOLFO CODIGOS DE BARRAS\2018\CERRADURA EMB-SEGURIDAD\745130421375.jpg","0"
"","","2018","EN_USO",".pdf","745130421375.pdf","CERRADURA EMB-SEGURIDAD","I:\PROYECTOS DE DISEÑO(ADOLFO)\(PIERRE ZEITOUNE) FERRETTI\ADOLFO CODIGOS DE BARRAS\2018\CERRADURA EMB-SEGURIDAD\745130421375.pdf","0"
"","","2018","EN_USO",".jpg","745130421376.jpg","CERRADURA EMB-SEGURIDAD","I:\PROYECTOS DE DISEÑO(ADOLFO)\(PIERRE ZEITOUNE) FERRETTI\ADOLFO CODIGOS DE BARRAS\2018\CERRADURA EMB-SEGURIDAD\745130421376.jpg","0"
"","","2018","EN_USO",".pdf","745130421376.pdf","CERRADURA EMB-SEGURIDAD","I:\PROYECTOS DE DISEÑO(ADOLFO)\(PIERRE ZEITOUNE) FERRETTI\ADOLFO CODIGOS DE BARRAS\2018\CERRADURA EMB-SEGURIDAD\745130421376.pdf","0"
"","","2018","EN_USO",".jpg","745130421377.jpg","CERRADURA EMB-SEGURIDAD","I:\PROYECTOS DE DISEÑO(ADOLFO)\(PIERRE ZEITOUNE) FERRETTI\ADOLFO CODIGOS DE BARRAS\2018\CERRADURA EMB-SEGURIDAD\745130421377.jpg","0"
"","","2018","EN_USO",".pdf","745130421377.pdf","CERRADURA EMB-SEGURIDAD","I:\PROYECTOS DE DISEÑO(ADOLFO)\(PIERRE ZEITOUNE) FERRETTI\ADOLFO CODIGOS DE BARRAS\2018\CERRADURA EMB-SEGURIDAD\745130421377.pdf","0"
"","","2018","EN_USO",".jpg","745130421378.jpg","CERR. EM_BLLAVE_ASTRAL","I:\PROYECTOS DE DISEÑO(ADOLFO)\(PIERRE ZEITOUNE) FERRETTI\ADOLFO CODIGOS DE BARRAS\2018\CERR. EM_BLLAVE_ASTRAL\745130421378.jpg","0"
"","","2018","EN_USO",".pdf","745130421378.pdf","CERR. EM_BLLAVE_ASTRAL","I:\PROYECTOS DE DISEÑO(ADOLFO)\(PIERRE ZEITOUNE) FERRETTI\ADOLFO CODIGOS DE BARRAS\2018\CERR. EM_BLLAVE_ASTRAL\745130421378.pdf","0"
"","","2018","EN_USO",".jpg","745130421379.jpg","CERR. EMB-TRIPLE_CERROJO","I:\PROYECTOS DE DISEÑO(ADOLFO)\(PIERRE ZEITOUNE) FERRETTI\ADOLFO CODIGOS DE BARRAS\2018\CERR. EMB-TRIPLE_CERROJO\745130421379.jpg","0"
"","","2018","EN_USO",".pdf","745130421379.pdf","CERR. EMB-TRIPLE_CERROJO","I:\PROYECTOS DE DISEÑO(ADOLFO)\(PIERRE ZEITOUNE) FERRETTI\ADOLFO CODIGOS DE BARRAS\2018\CERR. EMB-TRIPLE_CERROJO\745130421379.pdf","0"
"","","2018","EN_USO",".jpg","745130421380.jpg","CERR. EMB-TRIPLE_CERROJO","I:\PROYECTOS DE DISEÑO(ADOLFO)\(PIERRE ZEITOUNE) FERRETTI\ADOLFO CODIGOS DE BARRAS\2018\CERR. EMB-TRIPLE_CERROJO\745130421380.jpg","0"
"","","2018","EN_USO",".pdf","745130421380.pdf","CERR. EMB-TRIPLE_CERROJO","I:\PROYECTOS DE DISEÑO(ADOLFO)\(PIERRE ZEITOUNE) FERRETTI\ADOLFO CODIGOS DE BARRAS\2018\CERR. EMB-TRIPLE_CERROJO\745130421380.pdf","0"
"","","2018","EN_USO",".jpg","745130421381.jpg","CILINDRO  ASTRAL_DOBLE_CANAL","I:\PROYECTOS DE DISEÑO(ADOLFO)\(PIERRE ZEITOUNE) FERRETTI\ADOLFO CODIGOS DE BARRAS\2018\CILINDRO  ASTRAL_DOBLE_CANAL\745130421381.jpg","0"
"","","2018","EN_USO",".pdf","745130421381.pdf","CILINDRO  ASTRAL_DOBLE_CANAL","I:\PROYECTOS DE DISEÑO(ADOLFO)\(PIERRE ZEITOUNE) FERRETTI\ADOLFO CODIGOS DE BARRAS\2018\CILINDRO  ASTRAL_DOBLE_CANAL\745130421381.pdf","0"
"","","2018","EN_USO",".eps","745130421382.eps","CILINDRO SIMPLE_DOBLE_CANAL","I:\PROYECTOS DE DISEÑO(ADOLFO)\(PIERRE ZEITOUNE) FERRETTI\ADOLFO CODIGOS DE BARRAS\2018\CILINDRO SIMPLE_DOBLE_CANAL\745130421382.eps","0"
"","","2018","EN_USO",".jpg","745130421382.jpg","CILINDRO SIMPLE_DOBLE_CANAL","I:\PROYECTOS DE DISEÑO(ADOLFO)\(PIERRE ZEITOUNE) FERRETTI\ADOLFO CODIGOS DE BARRAS\2018\CILINDRO SIMPLE_DOBLE_CANAL\745130421382.jpg","0"
"","","2018","EN_USO",".pdf","745130421382.pdf","CILINDRO SIMPLE_DOBLE_CANAL","I:\PROYECTOS DE DISEÑO(ADOLFO)\(PIERRE ZEITOUNE) FERRETTI\ADOLFO CODIGOS DE BARRAS\2018\CILINDRO SIMPLE_DOBLE_CANAL\745130421382.pdf","0"
"","","2018","EN_USO",".eps","745130421383.eps","BLISTER TRIPLE_CILINDRO_ASTRAL","I:\PROYECTOS DE DISEÑO(ADOLFO)\(PIERRE ZEITOUNE) FERRETTI\ADOLFO CODIGOS DE BARRAS\2018\BLISTER TRIPLE_CILINDRO_ASTRAL\745130421383.eps","0"
"","","2018","EN_USO",".jpg","745130421383.jpg","BLISTER TRIPLE_CILINDRO_ASTRAL","I:\PROYECTOS DE DISEÑO(ADOLFO)\(PIERRE ZEITOUNE) FERRETTI\ADOLFO CODIGOS DE BARRAS\2018\BLISTER TRIPLE_CILINDRO_ASTRAL\745130421383.jpg","0"
"","","2018","EN_USO",".pdf","745130421383.pdf","BLISTER TRIPLE_CILINDRO_ASTRAL","I:\PROYECTOS DE DISEÑO(ADOLFO)\(PIERRE ZEITOUNE) FERRETTI\ADOLFO CODIGOS DE BARRAS\2018\BLISTER TRIPLE_CILINDRO_ASTRAL\745130421383.pdf","0"
"","","2018","EN_USO",".jpg","745130421384.jpg","CERRADURA SOBREPONER_PASADOR TRIPLE","I:\PROYECTOS DE DISEÑO(ADOLFO)\(PIERRE ZEITOUNE) FERRETTI\ADOLFO CODIGOS DE BARRAS\2018\CERRADURA SOBREPONER_PASADOR TRIPLE\745130421384.jpg","0"
"","","2018","EN_USO",".jpg","745130421385.jpg","CERRADURA SOBREPONER_PASADOR TRIPLE","I:\PROYECTOS DE DISEÑO(ADOLFO)\(PIERRE ZEITOUNE) FERRETTI\ADOLFO CODIGOS DE BARRAS\2018\CERRADURA SOBREPONER_PASADOR TRIPLE\745130421385.jpg","0"
"","","2018","EN_USO",".jpg","745130421386.jpg","CERRADURA SOBREPONER_PASADOR TRIPLE","I:\PROYECTOS DE DISEÑO(ADOLFO)\(PIERRE ZEITOUNE) FERRETTI\ADOLFO CODIGOS DE BARRAS\2018\CERRADURA SOBREPONER_PASADOR TRIPLE\745130421386.jpg","0"
"","","2018","EN_USO",".jpg","745130421387.jpg","CERRADURA SOBREPONER_PASADOR TRIPLE","I:\PROYECTOS DE DISEÑO(ADOLFO)\(PIERRE ZEITOUNE) FERRETTI\ADOLFO CODIGOS DE BARRAS\2018\CERRADURA SOBREPONER_PASADOR TRIPLE\745130421387.jpg","0"
"","ZCE-5945FN","2018","EN_USO",".jpg","745130421388.jpg","ZCE-5945FN","I:\PROYECTOS DE DISEÑO(ADOLFO)\(PIERRE ZEITOUNE) FERRETTI\ADOLFO CODIGOS DE BARRAS\2018\ZCE-5945FN\745130421388.jpg","0"
"","ZCE-5945FN","2018","EN_USO",".pdf","745130421388.pdf","ZCE-5945FN","I:\PROYECTOS DE DISEÑO(ADOLFO)\(PIERRE ZEITOUNE) FERRETTI\ADOLFO CODIGOS DE BARRAS\2018\ZCE-5945FN\745130421388.pdf","0"
"","ZCE-5945FN","2018","EN_USO",".eps","745130421388-ZCE-5945FN.eps","ZCE-5945FN","I:\PROYECTOS DE DISEÑO(ADOLFO)\(PIERRE ZEITOUNE) FERRETTI\ADOLFO CODIGOS DE BARRAS\2018\ZCE-5945FN\745130421388-ZCE-5945FN.eps","0"
"","ZCE-4353FR","2018","EN_USO",".jpg","745130421389.jpg","ZCE-4353FR","I:\PROYECTOS DE DISEÑO(ADOLFO)\(PIERRE ZEITOUNE) FERRETTI\ADOLFO CODIGOS DE BARRAS\2018\ZCE-4353FR\745130421389.jpg","0"
"","ZCE-4353FR","2018","EN_USO",".pdf","745130421389.pdf","ZCE-4353FR","I:\PROYECTOS DE DISEÑO(ADOLFO)\(PIERRE ZEITOUNE) FERRETTI\ADOLFO CODIGOS DE BARRAS\2018\ZCE-4353FR\745130421389.pdf","0"
"","ZCE-4353FR","2018","EN_USO",".eps","745130421389-ZCE-4353FR.eps","ZCE-4353FR","I:\PROYECTOS DE DISEÑO(ADOLFO)\(PIERRE ZEITOUNE) FERRETTI\ADOLFO CODIGOS DE BARRAS\2018\ZCE-4353FR\745130421389-ZCE-4353FR.eps","0"
"","ZCE-2538FS","2018","EN_USO",".eps","745130421390-ZCE-2538FS.eps","2018","I:\PROYECTOS DE DISEÑO(ADOLFO)\(PIERRE ZEITOUNE) FERRETTI\ADOLFO CODIGOS DE BARRAS\2018\745130421390-ZCE-2538FS.eps","0"
"","ZCE-3324FT","2018","EN_USO",".eps","745130421391-ZCE-3324FT.eps","2018","I:\PROYECTOS DE DISEÑO(ADOLFO)\(PIERRE ZEITOUNE) FERRETTI\ADOLFO CODIGOS DE BARRAS\2018\745130421391-ZCE-3324FT.eps","0"
"","","2018","EN_USO",".eps","745130421392.eps","2018","I:\PROYECTOS DE DISEÑO(ADOLFO)\(PIERRE ZEITOUNE) FERRETTI\ADOLFO CODIGOS DE BARRAS\2018\745130421392.eps","0"
"","","2018","EN_USO",".eps","745130421393.eps","2018","I:\PROYECTOS DE DISEÑO(ADOLFO)\(PIERRE ZEITOUNE) FERRETTI\ADOLFO CODIGOS DE BARRAS\2018\745130421393.eps","0"
"","","2018","EN_USO",".eps","745130421394.eps","2018","I:\PROYECTOS DE DISEÑO(ADOLFO)\(PIERRE ZEITOUNE) FERRETTI\ADOLFO CODIGOS DE BARRAS\2018\745130421394.eps","0"
"","","2018","EN_USO",".eps","745130421395.eps","2018","I:\PROYECTOS DE DISEÑO(ADOLFO)\(PIERRE ZEITOUNE) FERRETTI\ADOLFO CODIGOS DE BARRAS\2018\745130421395.eps","0"
"","","2018","EN_USO",".eps","745130421396.eps","2018","I:\PROYECTOS DE DISEÑO(ADOLFO)\(PIERRE ZEITOUNE) FERRETTI\ADOLFO CODIGOS DE BARRAS\2018\745130421396.eps","0"
"","","2018","EN_USO",".eps","745130421397.eps","2018","I:\PROYECTOS DE DISEÑO(ADOLFO)\(PIERRE ZEITOUNE) FERRETTI\ADOLFO CODIGOS DE BARRAS\2018\745130421397.eps","0"
"","","2018","EN_USO",".eps","745130421424.eps","Candado de Anticizalla","I:\PROYECTOS DE DISEÑO(ADOLFO)\(PIERRE ZEITOUNE) FERRETTI\ADOLFO CODIGOS DE BARRAS\2018\Candado de Anticizalla\745130421424.eps","0"
"","","2018","EN_USO",".jpg","745130421424.jpg","Candado de Anticizalla","I:\PROYECTOS DE DISEÑO(ADOLFO)\(PIERRE ZEITOUNE) FERRETTI\ADOLFO CODIGOS DE BARRAS\2018\Candado de Anticizalla\745130421424.jpg","0"
"","ZCE-6979BY","2018","EN_USO",".ai","745130421456.ai","ZCE-6979BY","I:\PROYECTOS DE DISEÑO(ADOLFO)\(PIERRE ZEITOUNE) FERRETTI\ADOLFO CODIGOS DE BARRAS\2018\Candado Tipo Barrilito\ZCE-6979BY\745130421456.ai","0"
"","ZCE-6979BY","2018","EN_USO",".jpg","745130421456.jpg","ZCE-6979BY","I:\PROYECTOS DE DISEÑO(ADOLFO)\(PIERRE ZEITOUNE) FERRETTI\ADOLFO CODIGOS DE BARRAS\2018\Candado Tipo Barrilito\ZCE-6979BY\745130421456.jpg","0"
"","","CandadoAntBronce","EN_USO",".eps","745130421735.eps","CANDADO ANTICIZALLA ACAB EN BRONCE(2025)","I:\PROYECTOS DE DISEÑO(ADOLFO)\(PIERRE ZEITOUNE) FERRETTI\ADOLFO CODIGOS DE BARRAS\CANDADO ANTICIZALLA ACAB EN BRONCE(2025)\745130421735.eps","0"
"","","CandadoAntBronce","EN_USO",".jpg","745130421735.jpg","CANDADO ANTICIZALLA ACAB EN BRONCE(2025)","I:\PROYECTOS DE DISEÑO(ADOLFO)\(PIERRE ZEITOUNE) FERRETTI\ADOLFO CODIGOS DE BARRAS\CANDADO ANTICIZALLA ACAB EN BRONCE(2025)\745130421735.jpg","0"
"","","CandadoAntBronce","EN_USO",".eps","745130421736.eps","CANDADO ANTICIZALLA ACAB EN BRONCE(2025)","I:\PROYECTOS DE DISEÑO(ADOLFO)\(PIERRE ZEITOUNE) FERRETTI\ADOLFO CODIGOS DE BARRAS\CANDADO ANTICIZALLA ACAB EN BRONCE(2025)\745130421736.eps","0"
"","","CandadoAntBronce","EN_USO",".jpg","745130421736.jpg","CANDADO ANTICIZALLA ACAB EN BRONCE(2025)","I:\PROYECTOS DE DISEÑO(ADOLFO)\(PIERRE ZEITOUNE) FERRETTI\ADOLFO CODIGOS DE BARRAS\CANDADO ANTICIZALLA ACAB EN BRONCE(2025)\745130421736.jpg","0"
"","","CandadoAntBronce","EN_USO",".eps","745130421737.eps","CANDADO ANTICIZALLA ACAB EN BRONCE(2025)","I:\PROYECTOS DE DISEÑO(ADOLFO)\(PIERRE ZEITOUNE) FERRETTI\ADOLFO CODIGOS DE BARRAS\CANDADO ANTICIZALLA ACAB EN BRONCE(2025)\745130421737.eps","0"
"","","CandadoAntBronce","EN_USO",".jpg","745130421737.jpg","CANDADO ANTICIZALLA ACAB EN BRONCE(2025)","I:\PROYECTOS DE DISEÑO(ADOLFO)\(PIERRE ZEITOUNE) FERRETTI\ADOLFO CODIGOS DE BARRAS\CANDADO ANTICIZALLA ACAB EN BRONCE(2025)\745130421737.jpg","0"
"","","CandadoAntBronce","EN_USO",".eps","745130421738.eps","CANDADO ANTICIZALLA ACAB EN BRONCE(2025)","I:\PROYECTOS DE DISEÑO(ADOLFO)\(PIERRE ZEITOUNE) FERRETTI\ADOLFO CODIGOS DE BARRAS\CANDADO ANTICIZALLA ACAB EN BRONCE(2025)\745130421738.eps","0"
"","","CandadoAntBronce","EN_USO",".jpg","745130421738.jpg","CANDADO ANTICIZALLA ACAB EN BRONCE(2025)","I:\PROYECTOS DE DISEÑO(ADOLFO)\(PIERRE ZEITOUNE) FERRETTI\ADOLFO CODIGOS DE BARRAS\CANDADO ANTICIZALLA ACAB EN BRONCE(2025)\745130421738.jpg","0"
"","","CodBarrasPomoEsfera","EN_USO",".eps","745130421739.eps","CODIGO DE BARRAS_CERRADURA_POMO_ESFERA_DORADO CEPILLADO","I:\PROYECTOS DE DISEÑO(ADOLFO)\(PIERRE ZEITOUNE) FERRETTI\ADOLFO CODIGOS DE BARRAS\CODIGO DE BARRAS_CERRADURA_POMO_ESFERA_DORADO CEPILLADO\745130421739.eps","0"
"","","CodBarrasPomoEsfera","EN_USO",".jpg","745130421739.jpg","CODIGO DE BARRAS_CERRADURA_POMO_ESFERA_DORADO CEPILLADO","I:\PROYECTOS DE DISEÑO(ADOLFO)\(PIERRE ZEITOUNE) FERRETTI\ADOLFO CODIGOS DE BARRAS\CODIGO DE BARRAS_CERRADURA_POMO_ESFERA_DORADO CEPILLADO\745130421739.jpg","0"
"","","CodBarrasPomoEsfera","EN_USO",".eps","745130421740.eps","CODIGO DE BARRAS_CERRADURA_POMO_ESFERA_DORADO CEPILLADO","I:\PROYECTOS DE DISEÑO(ADOLFO)\(PIERRE ZEITOUNE) FERRETTI\ADOLFO CODIGOS DE BARRAS\CODIGO DE BARRAS_CERRADURA_POMO_ESFERA_DORADO CEPILLADO\745130421740.eps","0"
"","","CodBarrasPomoEsfera","EN_USO",".jpg","745130421740.jpg","CODIGO DE BARRAS_CERRADURA_POMO_ESFERA_DORADO CEPILLADO","I:\PROYECTOS DE DISEÑO(ADOLFO)\(PIERRE ZEITOUNE) FERRETTI\ADOLFO CODIGOS DE BARRAS\CODIGO DE BARRAS_CERRADURA_POMO_ESFERA_DORADO CEPILLADO\745130421740.jpg","0"
"","","Electrodos","EN_USO",".eps","745130421445.eps","Electrodos","I:\PROYECTOS DE DISEÑO(ADOLFO)\(PIERRE ZEITOUNE) FERRETTI\ADOLFO CODIGOS DE BARRAS\Electrodos\745130421445.eps","0"
"","","Electrodos","EN_USO",".eps","745130421446.eps","Electrodos","I:\PROYECTOS DE DISEÑO(ADOLFO)\(PIERRE ZEITOUNE) FERRETTI\ADOLFO CODIGOS DE BARRAS\Electrodos\745130421446.eps","0"
"","","Electrodos","EN_USO",".eps","745130421447.eps","Electrodos","I:\PROYECTOS DE DISEÑO(ADOLFO)\(PIERRE ZEITOUNE) FERRETTI\ADOLFO CODIGOS DE BARRAS\Electrodos\745130421447.eps","0"
"","","Electrodos","EN_USO",".eps","745130421448.eps","Electrodos","I:\PROYECTOS DE DISEÑO(ADOLFO)\(PIERRE ZEITOUNE) FERRETTI\ADOLFO CODIGOS DE BARRAS\Electrodos\745130421448.eps","0"
"","","Electrodos","EN_USO",".eps","745130421449.eps","Electrodos","I:\PROYECTOS DE DISEÑO(ADOLFO)\(PIERRE ZEITOUNE) FERRETTI\ADOLFO CODIGOS DE BARRAS\Electrodos\745130421449.eps","0"
"","","Electrodos","EN_USO",".eps","745130421450.eps","Electrodos","I:\PROYECTOS DE DISEÑO(ADOLFO)\(PIERRE ZEITOUNE) FERRETTI\ADOLFO CODIGOS DE BARRAS\Electrodos\745130421450.eps","0"
"","","JPEG","EN_USO",".jpg","745130421244.jpg","2. JPEG Files","I:\PROYECTOS DE DISEÑO(ADOLFO)\(PIERRE ZEITOUNE) FERRETTI\ADOLFO CODIGOS DE BARRAS\2. JPEG Files\745130421244.jpg","0"
"","","JPEG","EN_USO",".jpg","745130421245.jpg","2. JPEG Files","I:\PROYECTOS DE DISEÑO(ADOLFO)\(PIERRE ZEITOUNE) FERRETTI\ADOLFO CODIGOS DE BARRAS\2. JPEG Files\745130421245.jpg","0"
"","","JPEG","EN_USO",".jpg","745130421246.jpg","2. JPEG Files","I:\PROYECTOS DE DISEÑO(ADOLFO)\(PIERRE ZEITOUNE) FERRETTI\ADOLFO CODIGOS DE BARRAS\2. JPEG Files\745130421246.jpg","0"
"","","JPEG","EN_USO",".jpg","745130421247.jpg","2. JPEG Files","I:\PROYECTOS DE DISEÑO(ADOLFO)\(PIERRE ZEITOUNE) FERRETTI\ADOLFO CODIGOS DE BARRAS\2. JPEG Files\745130421247.jpg","0"
"","","JPEG","EN_USO",".jpg","745130421248.jpg","2. JPEG Files","I:\PROYECTOS DE DISEÑO(ADOLFO)\(PIERRE ZEITOUNE) FERRETTI\ADOLFO CODIGOS DE BARRAS\2. JPEG Files\745130421248.jpg","0"
"","","JPEG","EN_USO",".jpg","745130421249.jpg","2. JPEG Files","I:\PROYECTOS DE DISEÑO(ADOLFO)\(PIERRE ZEITOUNE) FERRETTI\ADOLFO CODIGOS DE BARRAS\2. JPEG Files\745130421249.jpg","0"
"","","JPEG","EN_USO",".jpg","745130421250.jpg","2. JPEG Files","I:\PROYECTOS DE DISEÑO(ADOLFO)\(PIERRE ZEITOUNE) FERRETTI\ADOLFO CODIGOS DE BARRAS\2. JPEG Files\745130421250.jpg","0"
"","","JPEG","EN_USO",".jpg","745130421251.jpg","2. JPEG Files","I:\PROYECTOS DE DISEÑO(ADOLFO)\(PIERRE ZEITOUNE) FERRETTI\ADOLFO CODIGOS DE BARRAS\2. JPEG Files\745130421251.jpg","0"
"","","JPEG","EN_USO",".jpg","745130421252.jpg","2. JPEG Files","I:\PROYECTOS DE DISEÑO(ADOLFO)\(PIERRE ZEITOUNE) FERRETTI\ADOLFO CODIGOS DE BARRAS\2. JPEG Files\745130421252.jpg","0"
"","","JPEG","EN_USO",".jpg","745130421253.jpg","2. JPEG Files","I:\PROYECTOS DE DISEÑO(ADOLFO)\(PIERRE ZEITOUNE) FERRETTI\ADOLFO CODIGOS DE BARRAS\2. JPEG Files\745130421253.jpg","0"
"","","JPEG","EN_USO",".jpg","745130421254.jpg","2. JPEG Files","I:\PROYECTOS DE DISEÑO(ADOLFO)\(PIERRE ZEITOUNE) FERRETTI\ADOLFO CODIGOS DE BARRAS\2. JPEG Files\745130421254.jpg","0"
"","","JPEG","EN_USO",".jpg","745130421255.jpg","2. JPEG Files","I:\PROYECTOS DE DISEÑO(ADOLFO)\(PIERRE ZEITOUNE) FERRETTI\ADOLFO CODIGOS DE BARRAS\2. JPEG Files\745130421255.jpg","0"
"","","JPEG","EN_USO",".jpg","745130421256.jpg","2. JPEG Files","I:\PROYECTOS DE DISEÑO(ADOLFO)\(PIERRE ZEITOUNE) FERRETTI\ADOLFO CODIGOS DE BARRAS\2. JPEG Files\745130421256.jpg","0"
"","","JPEG","EN_USO",".jpg","745130421257.jpg","2. JPEG Files","I:\PROYECTOS DE DISEÑO(ADOLFO)\(PIERRE ZEITOUNE) FERRETTI\ADOLFO CODIGOS DE BARRAS\2. JPEG Files\745130421257.jpg","0"
"","","JPEG","EN_USO",".jpg","745130421261.jpg","2. JPEG Files","I:\PROYECTOS DE DISEÑO(ADOLFO)\(PIERRE ZEITOUNE) FERRETTI\ADOLFO CODIGOS DE BARRAS\2. JPEG Files\745130421261.jpg","0"
"","","JPEG","EN_USO",".jpg","745130421262.jpg","2. JPEG Files","I:\PROYECTOS DE DISEÑO(ADOLFO)\(PIERRE ZEITOUNE) FERRETTI\ADOLFO CODIGOS DE BARRAS\2. JPEG Files\745130421262.jpg","0"
"","","JPEG","EN_USO",".jpg","745130421263.jpg","2. JPEG Files","I:\PROYECTOS DE DISEÑO(ADOLFO)\(PIERRE ZEITOUNE) FERRETTI\ADOLFO CODIGOS DE BARRAS\2. JPEG Files\745130421263.jpg","0"
"","","JPEG","EN_USO",".jpg","745130421264.jpg","2. JPEG Files","I:\PROYECTOS DE DISEÑO(ADOLFO)\(PIERRE ZEITOUNE) FERRETTI\ADOLFO CODIGOS DE BARRAS\2. JPEG Files\745130421264.jpg","0"
"","","JPEG","EN_USO",".jpg","745130421265.jpg","2. JPEG Files","I:\PROYECTOS DE DISEÑO(ADOLFO)\(PIERRE ZEITOUNE) FERRETTI\ADOLFO CODIGOS DE BARRAS\2. JPEG Files\745130421265.jpg","0"
"","","JPEG","EN_USO",".jpg","745130421266.jpg","2. JPEG Files","I:\PROYECTOS DE DISEÑO(ADOLFO)\(PIERRE ZEITOUNE) FERRETTI\ADOLFO CODIGOS DE BARRAS\2. JPEG Files\745130421266.jpg","0"
"","","JPEG","EN_USO",".jpg","745130421267.jpg","2. JPEG Files","I:\PROYECTOS DE DISEÑO(ADOLFO)\(PIERRE ZEITOUNE) FERRETTI\ADOLFO CODIGOS DE BARRAS\2. JPEG Files\745130421267.jpg","0"
"","","JPEG","EN_USO",".jpg","745130421268.jpg","2. JPEG Files","I:\PROYECTOS DE DISEÑO(ADOLFO)\(PIERRE ZEITOUNE) FERRETTI\ADOLFO CODIGOS DE BARRAS\2. JPEG Files\745130421268.jpg","0"
"","","JPEG","EN_USO",".jpg","745130421269.jpg","2. JPEG Files","I:\PROYECTOS DE DISEÑO(ADOLFO)\(PIERRE ZEITOUNE) FERRETTI\ADOLFO CODIGOS DE BARRAS\2. JPEG Files\745130421269.jpg","0"
"","","JPEG","EN_USO",".jpg","745130421270.jpg","2. JPEG Files","I:\PROYECTOS DE DISEÑO(ADOLFO)\(PIERRE ZEITOUNE) FERRETTI\ADOLFO CODIGOS DE BARRAS\2. JPEG Files\745130421270.jpg","0"
"","","JPEG","EN_USO",".jpg","745130421271.jpg","2. JPEG Files","I:\PROYECTOS DE DISEÑO(ADOLFO)\(PIERRE ZEITOUNE) FERRETTI\ADOLFO CODIGOS DE BARRAS\2. JPEG Files\745130421271.jpg","0"
"","","JPEG","EN_USO",".jpg","745130421272.jpg","2. JPEG Files","I:\PROYECTOS DE DISEÑO(ADOLFO)\(PIERRE ZEITOUNE) FERRETTI\ADOLFO CODIGOS DE BARRAS\2. JPEG Files\745130421272.jpg","0"
"","","JPEG","EN_USO",".jpg","745130421275.jpg","2. JPEG Files","I:\PROYECTOS DE DISEÑO(ADOLFO)\(PIERRE ZEITOUNE) FERRETTI\ADOLFO CODIGOS DE BARRAS\2. JPEG Files\745130421275.jpg","0"
"","","JPEG","EN_USO",".jpg","745130421276.jpg","2. JPEG Files","I:\PROYECTOS DE DISEÑO(ADOLFO)\(PIERRE ZEITOUNE) FERRETTI\ADOLFO CODIGOS DE BARRAS\2. JPEG Files\745130421276.jpg","0"
"","","JPEG","EN_USO",".jpg","745130421277.jpg","2. JPEG Files","I:\PROYECTOS DE DISEÑO(ADOLFO)\(PIERRE ZEITOUNE) FERRETTI\ADOLFO CODIGOS DE BARRAS\2. JPEG Files\745130421277.jpg","0"
"","","JPEG","EN_USO",".jpg","745130421278.jpg","2. JPEG Files","I:\PROYECTOS DE DISEÑO(ADOLFO)\(PIERRE ZEITOUNE) FERRETTI\ADOLFO CODIGOS DE BARRAS\2. JPEG Files\745130421278.jpg","0"
"","","JPEG","EN_USO",".jpg","745130421279.jpg","2. JPEG Files","I:\PROYECTOS DE DISEÑO(ADOLFO)\(PIERRE ZEITOUNE) FERRETTI\ADOLFO CODIGOS DE BARRAS\2. JPEG Files\745130421279.jpg","0"
"","","JPEG","EN_USO",".jpg","745130421280.jpg","2. JPEG Files","I:\PROYECTOS DE DISEÑO(ADOLFO)\(PIERRE ZEITOUNE) FERRETTI\ADOLFO CODIGOS DE BARRAS\2. JPEG Files\745130421280.jpg","0"
"","","JPEG","EN_USO",".jpg","745130421281.jpg","2. JPEG Files","I:\PROYECTOS DE DISEÑO(ADOLFO)\(PIERRE ZEITOUNE) FERRETTI\ADOLFO CODIGOS DE BARRAS\2. JPEG Files\745130421281.jpg","0"
"","","JPEG","EN_USO",".jpg","745130421282.jpg","2. JPEG Files","I:\PROYECTOS DE DISEÑO(ADOLFO)\(PIERRE ZEITOUNE) FERRETTI\ADOLFO CODIGOS DE BARRAS\2. JPEG Files\745130421282.jpg","0"
"","","JPEG","EN_USO",".jpg","745130421283.jpg","2. JPEG Files","I:\PROYECTOS DE DISEÑO(ADOLFO)\(PIERRE ZEITOUNE) FERRETTI\ADOLFO CODIGOS DE BARRAS\2. JPEG Files\745130421283.jpg","0"
"","","JPEG","EN_USO",".jpg","745130421284.jpg","2. JPEG Files","I:\PROYECTOS DE DISEÑO(ADOLFO)\(PIERRE ZEITOUNE) FERRETTI\ADOLFO CODIGOS DE BARRAS\2. JPEG Files\745130421284.jpg","0"
"","","JPEG","EN_USO",".jpg","745130421289.jpg","2. JPEG Files","I:\PROYECTOS DE DISEÑO(ADOLFO)\(PIERRE ZEITOUNE) FERRETTI\ADOLFO CODIGOS DE BARRAS\2. JPEG Files\745130421289.jpg","0"
"","","JPEG","EN_USO",".jpg","745130421293.jpg","2. JPEG Files","I:\PROYECTOS DE DISEÑO(ADOLFO)\(PIERRE ZEITOUNE) FERRETTI\ADOLFO CODIGOS DE BARRAS\2. JPEG Files\745130421293.jpg","0"
"","","JPEG","EN_USO",".jpg","745130421294.jpg","2. JPEG Files","I:\PROYECTOS DE DISEÑO(ADOLFO)\(PIERRE ZEITOUNE) FERRETTI\ADOLFO CODIGOS DE BARRAS\2. JPEG Files\745130421294.jpg","0"
"","","JPEG","EN_USO",".jpg","745130421295.jpg","2. JPEG Files","I:\PROYECTOS DE DISEÑO(ADOLFO)\(PIERRE ZEITOUNE) FERRETTI\ADOLFO CODIGOS DE BARRAS\2. JPEG Files\745130421295.jpg","0"
"","","JPEG","EN_USO",".jpg","745130421296.jpg","2. JPEG Files","I:\PROYECTOS DE DISEÑO(ADOLFO)\(PIERRE ZEITOUNE) FERRETTI\ADOLFO CODIGOS DE BARRAS\2. JPEG Files\745130421296.jpg","0"
"","","JPEG","EN_USO",".jpg","745130421297.jpg","2. JPEG Files","I:\PROYECTOS DE DISEÑO(ADOLFO)\(PIERRE ZEITOUNE) FERRETTI\ADOLFO CODIGOS DE BARRAS\2. JPEG Files\745130421297.jpg","0"
"","","JPEG","EN_USO",".jpg","745130421298.jpg","2. JPEG Files","I:\PROYECTOS DE DISEÑO(ADOLFO)\(PIERRE ZEITOUNE) FERRETTI\ADOLFO CODIGOS DE BARRAS\2. JPEG Files\745130421298.jpg","0"
"","","JPEG","EN_USO",".jpg","745130421299.jpg","2. JPEG Files","I:\PROYECTOS DE DISEÑO(ADOLFO)\(PIERRE ZEITOUNE) FERRETTI\ADOLFO CODIGOS DE BARRAS\2. JPEG Files\745130421299.jpg","0"
"","","JPEG","EN_USO",".jpg","745130421300.jpg","2. JPEG Files","I:\PROYECTOS DE DISEÑO(ADOLFO)\(PIERRE ZEITOUNE) FERRETTI\ADOLFO CODIGOS DE BARRAS\2. JPEG Files\745130421300.jpg","0"
"","","JPEG","EN_USO",".jpg","745130421303.jpg","2. JPEG Files","I:\PROYECTOS DE DISEÑO(ADOLFO)\(PIERRE ZEITOUNE) FERRETTI\ADOLFO CODIGOS DE BARRAS\2. JPEG Files\745130421303.jpg","0"
"","","JPEG","EN_USO",".jpg","745130421304.jpg","2. JPEG Files","I:\PROYECTOS DE DISEÑO(ADOLFO)\(PIERRE ZEITOUNE) FERRETTI\ADOLFO CODIGOS DE BARRAS\2. JPEG Files\745130421304.jpg","0"
"","","JPEG","EN_USO",".jpg","745130421305.jpg","2. JPEG Files","I:\PROYECTOS DE DISEÑO(ADOLFO)\(PIERRE ZEITOUNE) FERRETTI\ADOLFO CODIGOS DE BARRAS\2. JPEG Files\745130421305.jpg","0"
"","","JPEG","EN_USO",".jpg","745130421306.jpg","2. JPEG Files","I:\PROYECTOS DE DISEÑO(ADOLFO)\(PIERRE ZEITOUNE) FERRETTI\ADOLFO CODIGOS DE BARRAS\2. JPEG Files\745130421306.jpg","0"
"","","JPEG","EN_USO",".jpg","745130421307.jpg","2. JPEG Files","I:\PROYECTOS DE DISEÑO(ADOLFO)\(PIERRE ZEITOUNE) FERRETTI\ADOLFO CODIGOS DE BARRAS\2. JPEG Files\745130421307.jpg","0"
"","","JPEG","EN_USO",".jpg","745130421308.jpg","2. JPEG Files","I:\PROYECTOS DE DISEÑO(ADOLFO)\(PIERRE ZEITOUNE) FERRETTI\ADOLFO CODIGOS DE BARRAS\2. JPEG Files\745130421308.jpg","0"
"","","JPEG","EN_USO",".jpg","745130421309.jpg","2. JPEG Files","I:\PROYECTOS DE DISEÑO(ADOLFO)\(PIERRE ZEITOUNE) FERRETTI\ADOLFO CODIGOS DE BARRAS\2. JPEG Files\745130421309.jpg","0"
"","","JPEG","EN_USO",".jpg","745130421310.jpg","2. JPEG Files","I:\PROYECTOS DE DISEÑO(ADOLFO)\(PIERRE ZEITOUNE) FERRETTI\ADOLFO CODIGOS DE BARRAS\2. JPEG Files\745130421310.jpg","0"
"","","JPEG","EN_USO",".jpg","745130421311.jpg","2. JPEG Files","I:\PROYECTOS DE DISEÑO(ADOLFO)\(PIERRE ZEITOUNE) FERRETTI\ADOLFO CODIGOS DE BARRAS\2. JPEG Files\745130421311.jpg","0"
"","","JPEG","EN_USO",".jpg","745130421312.jpg","2. JPEG Files","I:\PROYECTOS DE DISEÑO(ADOLFO)\(PIERRE ZEITOUNE) FERRETTI\ADOLFO CODIGOS DE BARRAS\2. JPEG Files\745130421312.jpg","0"
"","","JPEG","EN_USO",".jpg","745130421313.jpg","2. JPEG Files","I:\PROYECTOS DE DISEÑO(ADOLFO)\(PIERRE ZEITOUNE) FERRETTI\ADOLFO CODIGOS DE BARRAS\2. JPEG Files\745130421313.jpg","0"
"","","JPEG","EN_USO",".jpg","745130421314.jpg","2. JPEG Files","I:\PROYECTOS DE DISEÑO(ADOLFO)\(PIERRE ZEITOUNE) FERRETTI\ADOLFO CODIGOS DE BARRAS\2. JPEG Files\745130421314.jpg","0"
"","","JPEG","EN_USO",".jpg","745130421315.jpg","2. JPEG Files","I:\PROYECTOS DE DISEÑO(ADOLFO)\(PIERRE ZEITOUNE) FERRETTI\ADOLFO CODIGOS DE BARRAS\2. JPEG Files\745130421315.jpg","0"
"","","JPEG","EN_USO",".jpg","745130421316.jpg","2. JPEG Files","I:\PROYECTOS DE DISEÑO(ADOLFO)\(PIERRE ZEITOUNE) FERRETTI\ADOLFO CODIGOS DE BARRAS\2. JPEG Files\745130421316.jpg","0"
"","","JPEG","EN_USO",".jpg","745130421317.jpg","2. JPEG Files","I:\PROYECTOS DE DISEÑO(ADOLFO)\(PIERRE ZEITOUNE) FERRETTI\ADOLFO CODIGOS DE BARRAS\2. JPEG Files\745130421317.jpg","0"
"","","JPEG","EN_USO",".jpg","745130421318.jpg","2. JPEG Files","I:\PROYECTOS DE DISEÑO(ADOLFO)\(PIERRE ZEITOUNE) FERRETTI\ADOLFO CODIGOS DE BARRAS\2. JPEG Files\745130421318.jpg","0"
"","","JPEG","EN_USO",".jpg","745130421319.jpg","2. JPEG Files","I:\PROYECTOS DE DISEÑO(ADOLFO)\(PIERRE ZEITOUNE) FERRETTI\ADOLFO CODIGOS DE BARRAS\2. JPEG Files\745130421319.jpg","0"
"","","JPEG","EN_USO",".jpg","745130421320.jpg","2. JPEG Files","I:\PROYECTOS DE DISEÑO(ADOLFO)\(PIERRE ZEITOUNE) FERRETTI\ADOLFO CODIGOS DE BARRAS\2. JPEG Files\745130421320.jpg","0"
"","","JPEG","EN_USO",".jpg","745130421321.jpg","2. JPEG Files","I:\PROYECTOS DE DISEÑO(ADOLFO)\(PIERRE ZEITOUNE) FERRETTI\ADOLFO CODIGOS DE BARRAS\2. JPEG Files\745130421321.jpg","0"
"","","JPEG","EN_USO",".jpg","745130421322.jpg","2. JPEG Files","I:\PROYECTOS DE DISEÑO(ADOLFO)\(PIERRE ZEITOUNE) FERRETTI\ADOLFO CODIGOS DE BARRAS\2. JPEG Files\745130421322.jpg","0"
"","","JPEG","EN_USO",".jpg","745130421323.jpg","2. JPEG Files","I:\PROYECTOS DE DISEÑO(ADOLFO)\(PIERRE ZEITOUNE) FERRETTI\ADOLFO CODIGOS DE BARRAS\2. JPEG Files\745130421323.jpg","0"
"","","JPEG","EN_USO",".jpg","745130421324.jpg","2. JPEG Files","I:\PROYECTOS DE DISEÑO(ADOLFO)\(PIERRE ZEITOUNE) FERRETTI\ADOLFO CODIGOS DE BARRAS\2. JPEG Files\745130421324.jpg","0"
"","","JPEG","EN_USO",".jpg","745130421325.jpg","2. JPEG Files","I:\PROYECTOS DE DISEÑO(ADOLFO)\(PIERRE ZEITOUNE) FERRETTI\ADOLFO CODIGOS DE BARRAS\2. JPEG Files\745130421325.jpg","0"
"","","JPEG","EN_USO",".jpg","745130421326.jpg","2. JPEG Files","I:\PROYECTOS DE DISEÑO(ADOLFO)\(PIERRE ZEITOUNE) FERRETTI\ADOLFO CODIGOS DE BARRAS\2. JPEG Files\745130421326.jpg","0"
"","","JPEG","EN_USO",".jpg","745130421327.jpg","2. JPEG Files","I:\PROYECTOS DE DISEÑO(ADOLFO)\(PIERRE ZEITOUNE) FERRETTI\ADOLFO CODIGOS DE BARRAS\2. JPEG Files\745130421327.jpg","0"
"","","JPEG","EN_USO",".jpg","745130421328.jpg","2. JPEG Files","I:\PROYECTOS DE DISEÑO(ADOLFO)\(PIERRE ZEITOUNE) FERRETTI\ADOLFO CODIGOS DE BARRAS\2. JPEG Files\745130421328.jpg","0"
"","","JPEG","EN_USO",".jpg","745130421329.jpg","2. JPEG Files","I:\PROYECTOS DE DISEÑO(ADOLFO)\(PIERRE ZEITOUNE) FERRETTI\ADOLFO CODIGOS DE BARRAS\2. JPEG Files\745130421329.jpg","0"
"","","JPEG","EN_USO",".jpg","745130421330.jpg","2. JPEG Files","I:\PROYECTOS DE DISEÑO(ADOLFO)\(PIERRE ZEITOUNE) FERRETTI\ADOLFO CODIGOS DE BARRAS\2. JPEG Files\745130421330.jpg","0"
"","","JPEG","EN_USO",".jpg","745130421331.jpg","2. JPEG Files","I:\PROYECTOS DE DISEÑO(ADOLFO)\(PIERRE ZEITOUNE) FERRETTI\ADOLFO CODIGOS DE BARRAS\2. JPEG Files\745130421331.jpg","0"
"","","JPEG","EN_USO",".jpg","745130421332.jpg","2. JPEG Files","I:\PROYECTOS DE DISEÑO(ADOLFO)\(PIERRE ZEITOUNE) FERRETTI\ADOLFO CODIGOS DE BARRAS\2. JPEG Files\745130421332.jpg","0"
"","","JPEG","EN_USO",".jpg","745130421333.jpg","2. JPEG Files","I:\PROYECTOS DE DISEÑO(ADOLFO)\(PIERRE ZEITOUNE) FERRETTI\ADOLFO CODIGOS DE BARRAS\2. JPEG Files\745130421333.jpg","0"
"","","JPEG","EN_USO",".jpg","745130421334.jpg","2. JPEG Files","I:\PROYECTOS DE DISEÑO(ADOLFO)\(PIERRE ZEITOUNE) FERRETTI\ADOLFO CODIGOS DE BARRAS\2. JPEG Files\745130421334.jpg","0"
"","","JPEG","EN_USO",".jpg","745130421335.jpg","2. JPEG Files","I:\PROYECTOS DE DISEÑO(ADOLFO)\(PIERRE ZEITOUNE) FERRETTI\ADOLFO CODIGOS DE BARRAS\2. JPEG Files\745130421335.jpg","0"
"","","JPEG","EN_USO",".jpg","745130421336.jpg","2. JPEG Files","I:\PROYECTOS DE DISEÑO(ADOLFO)\(PIERRE ZEITOUNE) FERRETTI\ADOLFO CODIGOS DE BARRAS\2. JPEG Files\745130421336.jpg","0"
"","","JPEG","EN_USO",".jpg","745130421337.jpg","2. JPEG Files","I:\PROYECTOS DE DISEÑO(ADOLFO)\(PIERRE ZEITOUNE) FERRETTI\ADOLFO CODIGOS DE BARRAS\2. JPEG Files\745130421337.jpg","0"
"","","JPEG","EN_USO",".jpg","745130421338.jpg","2. JPEG Files","I:\PROYECTOS DE DISEÑO(ADOLFO)\(PIERRE ZEITOUNE) FERRETTI\ADOLFO CODIGOS DE BARRAS\2. JPEG Files\745130421338.jpg","0"
"","","JPEG","EN_USO",".jpg","745130421339.jpg","2. JPEG Files","I:\PROYECTOS DE DISEÑO(ADOLFO)\(PIERRE ZEITOUNE) FERRETTI\ADOLFO CODIGOS DE BARRAS\2. JPEG Files\745130421339.jpg","0"
"","","JPEG","EN_USO",".jpg","745130421340.jpg","2. JPEG Files","I:\PROYECTOS DE DISEÑO(ADOLFO)\(PIERRE ZEITOUNE) FERRETTI\ADOLFO CODIGOS DE BARRAS\2. JPEG Files\745130421340.jpg","0"
"","","JPEG","EN_USO",".jpg","745130421341.jpg","2. JPEG Files","I:\PROYECTOS DE DISEÑO(ADOLFO)\(PIERRE ZEITOUNE) FERRETTI\ADOLFO CODIGOS DE BARRAS\2. JPEG Files\745130421341.jpg","0"
"","","JPEG","EN_USO",".jpg","745130421342.jpg","2. JPEG Files","I:\PROYECTOS DE DISEÑO(ADOLFO)\(PIERRE ZEITOUNE) FERRETTI\ADOLFO CODIGOS DE BARRAS\2. JPEG Files\745130421342.jpg","0"
"","","JPEG","EN_USO",".jpg","745130421343.jpg","2. JPEG Files","I:\PROYECTOS DE DISEÑO(ADOLFO)\(PIERRE ZEITOUNE) FERRETTI\ADOLFO CODIGOS DE BARRAS\2. JPEG Files\745130421343.jpg","0"
"","","JPEG","EN_USO",".jpg","745130421344.jpg","2. JPEG Files","I:\PROYECTOS DE DISEÑO(ADOLFO)\(PIERRE ZEITOUNE) FERRETTI\ADOLFO CODIGOS DE BARRAS\2. JPEG Files\745130421344.jpg","0"
"","","JPEG","EN_USO",".jpg","745130421345.jpg","2. JPEG Files","I:\PROYECTOS DE DISEÑO(ADOLFO)\(PIERRE ZEITOUNE) FERRETTI\ADOLFO CODIGOS DE BARRAS\2. JPEG Files\745130421345.jpg","0"
"","","JPEG","EN_USO",".jpg","745130421346.jpg","2. JPEG Files","I:\PROYECTOS DE DISEÑO(ADOLFO)\(PIERRE ZEITOUNE) FERRETTI\ADOLFO CODIGOS DE BARRAS\2. JPEG Files\745130421346.jpg","0"
"","","JPEG","EN_USO",".jpg","745130421347.jpg","2. JPEG Files","I:\PROYECTOS DE DISEÑO(ADOLFO)\(PIERRE ZEITOUNE) FERRETTI\ADOLFO CODIGOS DE BARRAS\2. JPEG Files\745130421347.jpg","0"
"","","JPEG","EN_USO",".jpg","745130421348.jpg","2. JPEG Files","I:\PROYECTOS DE DISEÑO(ADOLFO)\(PIERRE ZEITOUNE) FERRETTI\ADOLFO CODIGOS DE BARRAS\2. JPEG Files\745130421348.jpg","0"
"","","JPEG","EN_USO",".jpg","745130421349.jpg","2. JPEG Files","I:\PROYECTOS DE DISEÑO(ADOLFO)\(PIERRE ZEITOUNE) FERRETTI\ADOLFO CODIGOS DE BARRAS\2. JPEG Files\745130421349.jpg","0"
"","","JPEG","EN_USO",".jpg","745130421350.jpg","2. JPEG Files","I:\PROYECTOS DE DISEÑO(ADOLFO)\(PIERRE ZEITOUNE) FERRETTI\ADOLFO CODIGOS DE BARRAS\2. JPEG Files\745130421350.jpg","0"
"","","JPEG","EN_USO",".jpg","745130421351.jpg","2. JPEG Files","I:\PROYECTOS DE DISEÑO(ADOLFO)\(PIERRE ZEITOUNE) FERRETTI\ADOLFO CODIGOS DE BARRAS\2. JPEG Files\745130421351.jpg","0"
"","","JPEG","EN_USO",".jpg","745130421352.jpg","2. JPEG Files","I:\PROYECTOS DE DISEÑO(ADOLFO)\(PIERRE ZEITOUNE) FERRETTI\ADOLFO CODIGOS DE BARRAS\2. JPEG Files\745130421352.jpg","0"
"","","JPEG","EN_USO",".jpg","745130421390.jpg","2. JPEG Files","I:\PROYECTOS DE DISEÑO(ADOLFO)\(PIERRE ZEITOUNE) FERRETTI\ADOLFO CODIGOS DE BARRAS\2. JPEG Files\745130421390.jpg","0"
"","","JPEG","EN_USO",".jpg","745130421391.jpg","2. JPEG Files","I:\PROYECTOS DE DISEÑO(ADOLFO)\(PIERRE ZEITOUNE) FERRETTI\ADOLFO CODIGOS DE BARRAS\2. JPEG Files\745130421391.jpg","0"
"","","JPEG","EN_USO",".jpg","745130421392.jpg","2. JPEG Files","I:\PROYECTOS DE DISEÑO(ADOLFO)\(PIERRE ZEITOUNE) FERRETTI\ADOLFO CODIGOS DE BARRAS\2. JPEG Files\745130421392.jpg","0"
"","","JPEG","EN_USO",".jpg","745130421393.jpg","2. JPEG Files","I:\PROYECTOS DE DISEÑO(ADOLFO)\(PIERRE ZEITOUNE) FERRETTI\ADOLFO CODIGOS DE BARRAS\2. JPEG Files\745130421393.jpg","0"
"","","JPEG","EN_USO",".jpg","745130421394.jpg","2. JPEG Files","I:\PROYECTOS DE DISEÑO(ADOLFO)\(PIERRE ZEITOUNE) FERRETTI\ADOLFO CODIGOS DE BARRAS\2. JPEG Files\745130421394.jpg","0"
"","","JPEG","EN_USO",".jpg","745130421395.jpg","2. JPEG Files","I:\PROYECTOS DE DISEÑO(ADOLFO)\(PIERRE ZEITOUNE) FERRETTI\ADOLFO CODIGOS DE BARRAS\2. JPEG Files\745130421395.jpg","0"
"","","JPEG","EN_USO",".jpg","745130421396.jpg","2. JPEG Files","I:\PROYECTOS DE DISEÑO(ADOLFO)\(PIERRE ZEITOUNE) FERRETTI\ADOLFO CODIGOS DE BARRAS\2. JPEG Files\745130421396.jpg","0"
"","","JPEG","EN_USO",".jpg","745130421397.jpg","2. JPEG Files","I:\PROYECTOS DE DISEÑO(ADOLFO)\(PIERRE ZEITOUNE) FERRETTI\ADOLFO CODIGOS DE BARRAS\2. JPEG Files\745130421397.jpg","0"
"","","JPEG","EN_USO",".jpg","745130421445.jpg","2. JPEG Files","I:\PROYECTOS DE DISEÑO(ADOLFO)\(PIERRE ZEITOUNE) FERRETTI\ADOLFO CODIGOS DE BARRAS\2. JPEG Files\745130421445.jpg","0"
"","","JPEG","EN_USO",".jpg","745130421446.jpg","2. JPEG Files","I:\PROYECTOS DE DISEÑO(ADOLFO)\(PIERRE ZEITOUNE) FERRETTI\ADOLFO CODIGOS DE BARRAS\2. JPEG Files\745130421446.jpg","0"
"","","JPEG","EN_USO",".jpg","745130421447.jpg","2. JPEG Files","I:\PROYECTOS DE DISEÑO(ADOLFO)\(PIERRE ZEITOUNE) FERRETTI\ADOLFO CODIGOS DE BARRAS\2. JPEG Files\745130421447.jpg","0"
"","","JPEG","EN_USO",".jpg","745130421448.jpg","2. JPEG Files","I:\PROYECTOS DE DISEÑO(ADOLFO)\(PIERRE ZEITOUNE) FERRETTI\ADOLFO CODIGOS DE BARRAS\2. JPEG Files\745130421448.jpg","0"
"","","JPEG","EN_USO",".jpg","745130421449.jpg","2. JPEG Files","I:\PROYECTOS DE DISEÑO(ADOLFO)\(PIERRE ZEITOUNE) FERRETTI\ADOLFO CODIGOS DE BARRAS\2. JPEG Files\745130421449.jpg","0"
"","","JPEG","EN_USO",".jpg","745130421450.jpg","2. JPEG Files","I:\PROYECTOS DE DISEÑO(ADOLFO)\(PIERRE ZEITOUNE) FERRETTI\ADOLFO CODIGOS DE BARRAS\2. JPEG Files\745130421450.jpg","0"
"","","JPEG","EN_USO",".jpg","745130421451.jpg","2. JPEG Files","I:\PROYECTOS DE DISEÑO(ADOLFO)\(PIERRE ZEITOUNE) FERRETTI\ADOLFO CODIGOS DE BARRAS\2. JPEG Files\745130421451.jpg","0"
"","","JPEG","EN_USO",".jpg","745130421452.jpg","2. JPEG Files","I:\PROYECTOS DE DISEÑO(ADOLFO)\(PIERRE ZEITOUNE) FERRETTI\ADOLFO CODIGOS DE BARRAS\2. JPEG Files\745130421452.jpg","0"
"","","JPEG","EN_USO",".jpg","745130421453.jpg","2. JPEG Files","I:\PROYECTOS DE DISEÑO(ADOLFO)\(PIERRE ZEITOUNE) FERRETTI\ADOLFO CODIGOS DE BARRAS\2. JPEG Files\745130421453.jpg","0"
"","","JPEG","EN_USO",".jpg","745130421454.jpg","2. JPEG Files","I:\PROYECTOS DE DISEÑO(ADOLFO)\(PIERRE ZEITOUNE) FERRETTI\ADOLFO CODIGOS DE BARRAS\2. JPEG Files\745130421454.jpg","0"
"","","JPEG","EN_USO",".jpg","745130421455.jpg","2. JPEG Files","I:\PROYECTOS DE DISEÑO(ADOLFO)\(PIERRE ZEITOUNE) FERRETTI\ADOLFO CODIGOS DE BARRAS\2. JPEG Files\745130421455.jpg","0"
"","","JPEG","EN_USO",".jpg","745130421456.jpg","2. JPEG Files","I:\PROYECTOS DE DISEÑO(ADOLFO)\(PIERRE ZEITOUNE) FERRETTI\ADOLFO CODIGOS DE BARRAS\2. JPEG Files\745130421456.jpg","0"
"","","JPEG","EN_USO",".jpg","745130421457.jpg","2. JPEG Files","I:\PROYECTOS DE DISEÑO(ADOLFO)\(PIERRE ZEITOUNE) FERRETTI\ADOLFO CODIGOS DE BARRAS\2. JPEG Files\745130421457.jpg","0"
"","","JPEG","EN_USO",".jpg","745130421458.jpg","2. JPEG Files","I:\PROYECTOS DE DISEÑO(ADOLFO)\(PIERRE ZEITOUNE) FERRETTI\ADOLFO CODIGOS DE BARRAS\2. JPEG Files\745130421458.jpg","0"
"","","JPEG","EN_USO",".jpg","745130421459.jpg","2. JPEG Files","I:\PROYECTOS DE DISEÑO(ADOLFO)\(PIERRE ZEITOUNE) FERRETTI\ADOLFO CODIGOS DE BARRAS\2. JPEG Files\745130421459.jpg","0"
"","","JPEG","EN_USO",".jpg","745130421460.jpg","2. JPEG Files","I:\PROYECTOS DE DISEÑO(ADOLFO)\(PIERRE ZEITOUNE) FERRETTI\ADOLFO CODIGOS DE BARRAS\2. JPEG Files\745130421460.jpg","0"
"","","JPEG","EN_USO",".jpg","745130421461.jpg","2. JPEG Files","I:\PROYECTOS DE DISEÑO(ADOLFO)\(PIERRE ZEITOUNE) FERRETTI\ADOLFO CODIGOS DE BARRAS\2. JPEG Files\745130421461.jpg","0"
"","","JPEG","EN_USO",".jpg","745130421462.jpg","2. JPEG Files","I:\PROYECTOS DE DISEÑO(ADOLFO)\(PIERRE ZEITOUNE) FERRETTI\ADOLFO CODIGOS DE BARRAS\2. JPEG Files\745130421462.jpg","0"
"","","JPEG","EN_USO",".jpg","745130421463.jpg","2. JPEG Files","I:\PROYECTOS DE DISEÑO(ADOLFO)\(PIERRE ZEITOUNE) FERRETTI\ADOLFO CODIGOS DE BARRAS\2. JPEG Files\745130421463.jpg","0"
"","","JPEG","EN_USO",".jpg","745130421464.jpg","2. JPEG Files","I:\PROYECTOS DE DISEÑO(ADOLFO)\(PIERRE ZEITOUNE) FERRETTI\ADOLFO CODIGOS DE BARRAS\2. JPEG Files\745130421464.jpg","0"
"","","JPEG","EN_USO",".jpg","745130421465.jpg","2. JPEG Files","I:\PROYECTOS DE DISEÑO(ADOLFO)\(PIERRE ZEITOUNE) FERRETTI\ADOLFO CODIGOS DE BARRAS\2. JPEG Files\745130421465.jpg","0"
"","","JPEG","EN_USO",".jpg","745130421466.jpg","2. JPEG Files","I:\PROYECTOS DE DISEÑO(ADOLFO)\(PIERRE ZEITOUNE) FERRETTI\ADOLFO CODIGOS DE BARRAS\2. JPEG Files\745130421466.jpg","0"
"","","JPEG","EN_USO",".jpg","745130421467.jpg","2. JPEG Files","I:\PROYECTOS DE DISEÑO(ADOLFO)\(PIERRE ZEITOUNE) FERRETTI\ADOLFO CODIGOS DE BARRAS\2. JPEG Files\745130421467.jpg","0"
"","","JPEG","EN_USO",".jpg","745130421468.jpg","2. JPEG Files","I:\PROYECTOS DE DISEÑO(ADOLFO)\(PIERRE ZEITOUNE) FERRETTI\ADOLFO CODIGOS DE BARRAS\2. JPEG Files\745130421468.jpg","0"
"","","JPEG","EN_USO",".jpg","745130421469.jpg","2. JPEG Files","I:\PROYECTOS DE DISEÑO(ADOLFO)\(PIERRE ZEITOUNE) FERRETTI\ADOLFO CODIGOS DE BARRAS\2. JPEG Files\745130421469.jpg","0"
"","","JPEG","EN_USO",".jpg","745130421470.jpg","2. JPEG Files","I:\PROYECTOS DE DISEÑO(ADOLFO)\(PIERRE ZEITOUNE) FERRETTI\ADOLFO CODIGOS DE BARRAS\2. JPEG Files\745130421470.jpg","0"
"","","JPEG","EN_USO",".jpg","745130421471.jpg","2. JPEG Files","I:\PROYECTOS DE DISEÑO(ADOLFO)\(PIERRE ZEITOUNE) FERRETTI\ADOLFO CODIGOS DE BARRAS\2. JPEG Files\745130421471.jpg","0"
"","","JPEG","EN_USO",".jpg","745130421472.jpg","2. JPEG Files","I:\PROYECTOS DE DISEÑO(ADOLFO)\(PIERRE ZEITOUNE) FERRETTI\ADOLFO CODIGOS DE BARRAS\2. JPEG Files\745130421472.jpg","0"
"","","JPEG","EN_USO",".jpg","745130421473.jpg","2. JPEG Files","I:\PROYECTOS DE DISEÑO(ADOLFO)\(PIERRE ZEITOUNE) FERRETTI\ADOLFO CODIGOS DE BARRAS\2. JPEG Files\745130421473.jpg","0"
"","","JPEG","EN_USO",".jpg","745130421474.jpg","2. JPEG Files","I:\PROYECTOS DE DISEÑO(ADOLFO)\(PIERRE ZEITOUNE) FERRETTI\ADOLFO CODIGOS DE BARRAS\2. JPEG Files\745130421474.jpg","0"
"","","JPEG","EN_USO",".jpg","745130421475.jpg","2. JPEG Files","I:\PROYECTOS DE DISEÑO(ADOLFO)\(PIERRE ZEITOUNE) FERRETTI\ADOLFO CODIGOS DE BARRAS\2. JPEG Files\745130421475.jpg","0"
"","","JPEG","EN_USO",".jpg","745130421476.jpg","2. JPEG Files","I:\PROYECTOS DE DISEÑO(ADOLFO)\(PIERRE ZEITOUNE) FERRETTI\ADOLFO CODIGOS DE BARRAS\2. JPEG Files\745130421476.jpg","0"
"","","JPEG","EN_USO",".jpg","745130421477.jpg","2. JPEG Files","I:\PROYECTOS DE DISEÑO(ADOLFO)\(PIERRE ZEITOUNE) FERRETTI\ADOLFO CODIGOS DE BARRAS\2. JPEG Files\745130421477.jpg","0"
"","","JPEG","EN_USO",".jpg","745130421478.jpg","2. JPEG Files","I:\PROYECTOS DE DISEÑO(ADOLFO)\(PIERRE ZEITOUNE) FERRETTI\ADOLFO CODIGOS DE BARRAS\2. JPEG Files\745130421478.jpg","0"
"","","JPEG","EN_USO",".jpg","745130421479.jpg","2. JPEG Files","I:\PROYECTOS DE DISEÑO(ADOLFO)\(PIERRE ZEITOUNE) FERRETTI\ADOLFO CODIGOS DE BARRAS\2. JPEG Files\745130421479.jpg","0"
"","","JPEG","EN_USO",".jpg","745130421480.jpg","2. JPEG Files","I:\PROYECTOS DE DISEÑO(ADOLFO)\(PIERRE ZEITOUNE) FERRETTI\ADOLFO CODIGOS DE BARRAS\2. JPEG Files\745130421480.jpg","0"
"","","JPEG","EN_USO",".jpg","745130421481.jpg","2. JPEG Files","I:\PROYECTOS DE DISEÑO(ADOLFO)\(PIERRE ZEITOUNE) FERRETTI\ADOLFO CODIGOS DE BARRAS\2. JPEG Files\745130421481.jpg","0"
"","","JPEG","EN_USO",".jpg","745130421482.jpg","2. JPEG Files","I:\PROYECTOS DE DISEÑO(ADOLFO)\(PIERRE ZEITOUNE) FERRETTI\ADOLFO CODIGOS DE BARRAS\2. JPEG Files\745130421482.jpg","0"
"","","JPEG","EN_USO",".jpg","745130421483.jpg","2. JPEG Files","I:\PROYECTOS DE DISEÑO(ADOLFO)\(PIERRE ZEITOUNE) FERRETTI\ADOLFO CODIGOS DE BARRAS\2. JPEG Files\745130421483.jpg","0"
"","","JPEG","EN_USO",".jpg","745130421484.jpg","2. JPEG Files","I:\PROYECTOS DE DISEÑO(ADOLFO)\(PIERRE ZEITOUNE) FERRETTI\ADOLFO CODIGOS DE BARRAS\2. JPEG Files\745130421484.jpg","0"
"","","JPEG","EN_USO",".jpg","745130421485.jpg","2. JPEG Files","I:\PROYECTOS DE DISEÑO(ADOLFO)\(PIERRE ZEITOUNE) FERRETTI\ADOLFO CODIGOS DE BARRAS\2. JPEG Files\745130421485.jpg","0"
"","","JPEG","EN_USO",".jpg","745130421486.jpg","2. JPEG Files","I:\PROYECTOS DE DISEÑO(ADOLFO)\(PIERRE ZEITOUNE) FERRETTI\ADOLFO CODIGOS DE BARRAS\2. JPEG Files\745130421486.jpg","0"
"","","JPEG","EN_USO",".jpg","745130421487.jpg","2. JPEG Files","I:\PROYECTOS DE DISEÑO(ADOLFO)\(PIERRE ZEITOUNE) FERRETTI\ADOLFO CODIGOS DE BARRAS\2. JPEG Files\745130421487.jpg","0"
"","","JPEG","EN_USO",".jpg","745130421488.jpg","2. JPEG Files","I:\PROYECTOS DE DISEÑO(ADOLFO)\(PIERRE ZEITOUNE) FERRETTI\ADOLFO CODIGOS DE BARRAS\2. JPEG Files\745130421488.jpg","0"
"","","JPEG","EN_USO",".jpg","745130421489.jpg","2. JPEG Files","I:\PROYECTOS DE DISEÑO(ADOLFO)\(PIERRE ZEITOUNE) FERRETTI\ADOLFO CODIGOS DE BARRAS\2. JPEG Files\745130421489.jpg","0"
"","","JPEG","EN_USO",".jpg","745130421490.jpg","2. JPEG Files","I:\PROYECTOS DE DISEÑO(ADOLFO)\(PIERRE ZEITOUNE) FERRETTI\ADOLFO CODIGOS DE BARRAS\2. JPEG Files\745130421490.jpg","0"
"","","JPEG","EN_USO",".jpg","745130421491.jpg","2. JPEG Files","I:\PROYECTOS DE DISEÑO(ADOLFO)\(PIERRE ZEITOUNE) FERRETTI\ADOLFO CODIGOS DE BARRAS\2. JPEG Files\745130421491.jpg","0"
"","","JPEG","EN_USO",".jpg","745130421492.jpg","2. JPEG Files","I:\PROYECTOS DE DISEÑO(ADOLFO)\(PIERRE ZEITOUNE) FERRETTI\ADOLFO CODIGOS DE BARRAS\2. JPEG Files\745130421492.jpg","0"
"","","JPEG","EN_USO",".jpg","745130421493.jpg","2. JPEG Files","I:\PROYECTOS DE DISEÑO(ADOLFO)\(PIERRE ZEITOUNE) FERRETTI\ADOLFO CODIGOS DE BARRAS\2. JPEG Files\745130421493.jpg","0"
"","","JPEG","EN_USO",".jpg","745130421494.jpg","2. JPEG Files","I:\PROYECTOS DE DISEÑO(ADOLFO)\(PIERRE ZEITOUNE) FERRETTI\ADOLFO CODIGOS DE BARRAS\2. JPEG Files\745130421494.jpg","0"
"","","JPEG","EN_USO",".jpg","745130421495.jpg","2. JPEG Files","I:\PROYECTOS DE DISEÑO(ADOLFO)\(PIERRE ZEITOUNE) FERRETTI\ADOLFO CODIGOS DE BARRAS\2. JPEG Files\745130421495.jpg","0"
"","","JPEG","EN_USO",".jpg","745130421496.jpg","2. JPEG Files","I:\PROYECTOS DE DISEÑO(ADOLFO)\(PIERRE ZEITOUNE) FERRETTI\ADOLFO CODIGOS DE BARRAS\2. JPEG Files\745130421496.jpg","0"
"","","JPEG","EN_USO",".jpg","745130421497.jpg","2. JPEG Files","I:\PROYECTOS DE DISEÑO(ADOLFO)\(PIERRE ZEITOUNE) FERRETTI\ADOLFO CODIGOS DE BARRAS\2. JPEG Files\745130421497.jpg","0"
"","","JPEG","EN_USO",".jpg","745130421498.jpg","2. JPEG Files","I:\PROYECTOS DE DISEÑO(ADOLFO)\(PIERRE ZEITOUNE) FERRETTI\ADOLFO CODIGOS DE BARRAS\2. JPEG Files\745130421498.jpg","0"
"","","JPEG","EN_USO",".jpg","745130421499.jpg","2. JPEG Files","I:\PROYECTOS DE DISEÑO(ADOLFO)\(PIERRE ZEITOUNE) FERRETTI\ADOLFO CODIGOS DE BARRAS\2. JPEG Files\745130421499.jpg","0"
"","","JPEG","EN_USO",".jpg","745130421500.jpg","2. JPEG Files","I:\PROYECTOS DE DISEÑO(ADOLFO)\(PIERRE ZEITOUNE) FERRETTI\ADOLFO CODIGOS DE BARRAS\2. JPEG Files\745130421500.jpg","0"
"","","JPEG","EN_USO",".jpg","745130421501.jpg","2. JPEG Files","I:\PROYECTOS DE DISEÑO(ADOLFO)\(PIERRE ZEITOUNE) FERRETTI\ADOLFO CODIGOS DE BARRAS\2. JPEG Files\745130421501.jpg","0"
"","","JPEG","EN_USO",".jpg","745130421502.jpg","2. JPEG Files","I:\PROYECTOS DE DISEÑO(ADOLFO)\(PIERRE ZEITOUNE) FERRETTI\ADOLFO CODIGOS DE BARRAS\2. JPEG Files\745130421502.jpg","0"
"","","JPEG","EN_USO",".jpg","745130421503.jpg","2. JPEG Files","I:\PROYECTOS DE DISEÑO(ADOLFO)\(PIERRE ZEITOUNE) FERRETTI\ADOLFO CODIGOS DE BARRAS\2. JPEG Files\745130421503.jpg","0"
"","","JPEG","EN_USO",".jpg","745130421504.jpg","2. JPEG Files","I:\PROYECTOS DE DISEÑO(ADOLFO)\(PIERRE ZEITOUNE) FERRETTI\ADOLFO CODIGOS DE BARRAS\2. JPEG Files\745130421504.jpg","0"
"","","JPEG","EN_USO",".jpg","745130421505.jpg","2. JPEG Files","I:\PROYECTOS DE DISEÑO(ADOLFO)\(PIERRE ZEITOUNE) FERRETTI\ADOLFO CODIGOS DE BARRAS\2. JPEG Files\745130421505.jpg","0"
"","","JPEG","EN_USO",".jpg","745130421506.jpg","2. JPEG Files","I:\PROYECTOS DE DISEÑO(ADOLFO)\(PIERRE ZEITOUNE) FERRETTI\ADOLFO CODIGOS DE BARRAS\2. JPEG Files\745130421506.jpg","0"
"","","JPEG","EN_USO",".jpg","745130421507.jpg","2. JPEG Files","I:\PROYECTOS DE DISEÑO(ADOLFO)\(PIERRE ZEITOUNE) FERRETTI\ADOLFO CODIGOS DE BARRAS\2. JPEG Files\745130421507.jpg","0"
"","","JPEG","EN_USO",".jpg","745130421508.jpg","2. JPEG Files","I:\PROYECTOS DE DISEÑO(ADOLFO)\(PIERRE ZEITOUNE) FERRETTI\ADOLFO CODIGOS DE BARRAS\2. JPEG Files\745130421508.jpg","0"
"","","JPEG","EN_USO",".jpg","745130421509.jpg","2. JPEG Files","I:\PROYECTOS DE DISEÑO(ADOLFO)\(PIERRE ZEITOUNE) FERRETTI\ADOLFO CODIGOS DE BARRAS\2. JPEG Files\745130421509.jpg","0"
"","","JPEG","EN_USO",".jpg","745130421510.jpg","2. JPEG Files","I:\PROYECTOS DE DISEÑO(ADOLFO)\(PIERRE ZEITOUNE) FERRETTI\ADOLFO CODIGOS DE BARRAS\2. JPEG Files\745130421510.jpg","0"
"","","JPEG","EN_USO",".jpg","745130421511.jpg","2. JPEG Files","I:\PROYECTOS DE DISEÑO(ADOLFO)\(PIERRE ZEITOUNE) FERRETTI\ADOLFO CODIGOS DE BARRAS\2. JPEG Files\745130421511.jpg","0"
"","","JPEG","EN_USO",".jpg","745130421512.jpg","2. JPEG Files","I:\PROYECTOS DE DISEÑO(ADOLFO)\(PIERRE ZEITOUNE) FERRETTI\ADOLFO CODIGOS DE BARRAS\2. JPEG Files\745130421512.jpg","0"
"","","JPEG","EN_USO",".jpg","745130421513.jpg","2. JPEG Files","I:\PROYECTOS DE DISEÑO(ADOLFO)\(PIERRE ZEITOUNE) FERRETTI\ADOLFO CODIGOS DE BARRAS\2. JPEG Files\745130421513.jpg","0"
"","","JPEG","EN_USO",".jpg","745130421514.jpg","2. JPEG Files","I:\PROYECTOS DE DISEÑO(ADOLFO)\(PIERRE ZEITOUNE) FERRETTI\ADOLFO CODIGOS DE BARRAS\2. JPEG Files\745130421514.jpg","0"
"","","JPEG","EN_USO",".jpg","745130421515.jpg","2. JPEG Files","I:\PROYECTOS DE DISEÑO(ADOLFO)\(PIERRE ZEITOUNE) FERRETTI\ADOLFO CODIGOS DE BARRAS\2. JPEG Files\745130421515.jpg","0"
"","","JPEG","EN_USO",".jpg","745130421516.jpg","2. JPEG Files","I:\PROYECTOS DE DISEÑO(ADOLFO)\(PIERRE ZEITOUNE) FERRETTI\ADOLFO CODIGOS DE BARRAS\2. JPEG Files\745130421516.jpg","0"
"","","JPEG","EN_USO",".jpg","745130421517.jpg","2. JPEG Files","I:\PROYECTOS DE DISEÑO(ADOLFO)\(PIERRE ZEITOUNE) FERRETTI\ADOLFO CODIGOS DE BARRAS\2. JPEG Files\745130421517.jpg","0"
"","","JPEG","EN_USO",".jpg","745130421518.jpg","2. JPEG Files","I:\PROYECTOS DE DISEÑO(ADOLFO)\(PIERRE ZEITOUNE) FERRETTI\ADOLFO CODIGOS DE BARRAS\2. JPEG Files\745130421518.jpg","0"
"","","JPEG","EN_USO",".jpg","745130421519.jpg","2. JPEG Files","I:\PROYECTOS DE DISEÑO(ADOLFO)\(PIERRE ZEITOUNE) FERRETTI\ADOLFO CODIGOS DE BARRAS\2. JPEG Files\745130421519.jpg","0"
"","","JPEG","EN_USO",".jpg","745130421520.jpg","2. JPEG Files","I:\PROYECTOS DE DISEÑO(ADOLFO)\(PIERRE ZEITOUNE) FERRETTI\ADOLFO CODIGOS DE BARRAS\2. JPEG Files\745130421520.jpg","0"
"","","JPEG","EN_USO",".jpg","745130421521.jpg","2. JPEG Files","I:\PROYECTOS DE DISEÑO(ADOLFO)\(PIERRE ZEITOUNE) FERRETTI\ADOLFO CODIGOS DE BARRAS\2. JPEG Files\745130421521.jpg","0"
"","","JPEG","EN_USO",".jpg","745130421522.jpg","2. JPEG Files","I:\PROYECTOS DE DISEÑO(ADOLFO)\(PIERRE ZEITOUNE) FERRETTI\ADOLFO CODIGOS DE BARRAS\2. JPEG Files\745130421522.jpg","0"
"","","JPEG","EN_USO",".jpg","745130421523.jpg","2. JPEG Files","I:\PROYECTOS DE DISEÑO(ADOLFO)\(PIERRE ZEITOUNE) FERRETTI\ADOLFO CODIGOS DE BARRAS\2. JPEG Files\745130421523.jpg","0"
"","","JPEG","EN_USO",".jpg","745130421524.jpg","2. JPEG Files","I:\PROYECTOS DE DISEÑO(ADOLFO)\(PIERRE ZEITOUNE) FERRETTI\ADOLFO CODIGOS DE BARRAS\2. JPEG Files\745130421524.jpg","0"
"","","JPEG","EN_USO",".jpg","745130421525.jpg","2. JPEG Files","I:\PROYECTOS DE DISEÑO(ADOLFO)\(PIERRE ZEITOUNE) FERRETTI\ADOLFO CODIGOS DE BARRAS\2. JPEG Files\745130421525.jpg","0"
"","","JPEG","EN_USO",".jpg","745130421526.jpg","2. JPEG Files","I:\PROYECTOS DE DISEÑO(ADOLFO)\(PIERRE ZEITOUNE) FERRETTI\ADOLFO CODIGOS DE BARRAS\2. JPEG Files\745130421526.jpg","0"
"","","JPEG","EN_USO",".jpg","745130421527.jpg","2. JPEG Files","I:\PROYECTOS DE DISEÑO(ADOLFO)\(PIERRE ZEITOUNE) FERRETTI\ADOLFO CODIGOS DE BARRAS\2. JPEG Files\745130421527.jpg","0"
"","","JPEG","EN_USO",".jpg","745130421528.jpg","2. JPEG Files","I:\PROYECTOS DE DISEÑO(ADOLFO)\(PIERRE ZEITOUNE) FERRETTI\ADOLFO CODIGOS DE BARRAS\2. JPEG Files\745130421528.jpg","0"
"","","JPEG","EN_USO",".jpg","745130421529.jpg","2. JPEG Files","I:\PROYECTOS DE DISEÑO(ADOLFO)\(PIERRE ZEITOUNE) FERRETTI\ADOLFO CODIGOS DE BARRAS\2. JPEG Files\745130421529.jpg","0"
"","","JPEG","EN_USO",".jpg","745130421530.jpg","2. JPEG Files","I:\PROYECTOS DE DISEÑO(ADOLFO)\(PIERRE ZEITOUNE) FERRETTI\ADOLFO CODIGOS DE BARRAS\2. JPEG Files\745130421530.jpg","0"
"","","JPEG","EN_USO",".jpg","745130421531.jpg","2. JPEG Files","I:\PROYECTOS DE DISEÑO(ADOLFO)\(PIERRE ZEITOUNE) FERRETTI\ADOLFO CODIGOS DE BARRAS\2. JPEG Files\745130421531.jpg","0"
"","","JPEG","EN_USO",".jpg","745130421532.jpg","2. JPEG Files","I:\PROYECTOS DE DISEÑO(ADOLFO)\(PIERRE ZEITOUNE) FERRETTI\ADOLFO CODIGOS DE BARRAS\2. JPEG Files\745130421532.jpg","0"
"","","JPEG","EN_USO",".jpg","745130421533.jpg","2. JPEG Files","I:\PROYECTOS DE DISEÑO(ADOLFO)\(PIERRE ZEITOUNE) FERRETTI\ADOLFO CODIGOS DE BARRAS\2. JPEG Files\745130421533.jpg","0"
"","","JPEG","EN_USO",".jpg","745130421534.jpg","2. JPEG Files","I:\PROYECTOS DE DISEÑO(ADOLFO)\(PIERRE ZEITOUNE) FERRETTI\ADOLFO CODIGOS DE BARRAS\2. JPEG Files\745130421534.jpg","0"
"","","JPEG","EN_USO",".jpg","745130421535.jpg","2. JPEG Files","I:\PROYECTOS DE DISEÑO(ADOLFO)\(PIERRE ZEITOUNE) FERRETTI\ADOLFO CODIGOS DE BARRAS\2. JPEG Files\745130421535.jpg","0"
"","","JPEG","EN_USO",".jpg","745130421536.jpg","2. JPEG Files","I:\PROYECTOS DE DISEÑO(ADOLFO)\(PIERRE ZEITOUNE) FERRETTI\ADOLFO CODIGOS DE BARRAS\2. JPEG Files\745130421536.jpg","0"
"","","JPEG","EN_USO",".jpg","745130421537.jpg","2. JPEG Files","I:\PROYECTOS DE DISEÑO(ADOLFO)\(PIERRE ZEITOUNE) FERRETTI\ADOLFO CODIGOS DE BARRAS\2. JPEG Files\745130421537.jpg","0"
"","","JPEG","EN_USO",".jpg","745130421538.jpg","2. JPEG Files","I:\PROYECTOS DE DISEÑO(ADOLFO)\(PIERRE ZEITOUNE) FERRETTI\ADOLFO CODIGOS DE BARRAS\2. JPEG Files\745130421538.jpg","0"
"","","JPEG","EN_USO",".jpg","745130421539.jpg","2. JPEG Files","I:\PROYECTOS DE DISEÑO(ADOLFO)\(PIERRE ZEITOUNE) FERRETTI\ADOLFO CODIGOS DE BARRAS\2. JPEG Files\745130421539.jpg","0"
"","","JPEG","EN_USO",".jpg","745130421540.jpg","2. JPEG Files","I:\PROYECTOS DE DISEÑO(ADOLFO)\(PIERRE ZEITOUNE) FERRETTI\ADOLFO CODIGOS DE BARRAS\2. JPEG Files\745130421540.jpg","0"
"","","JPEG","EN_USO",".jpg","745130421541.jpg","2. JPEG Files","I:\PROYECTOS DE DISEÑO(ADOLFO)\(PIERRE ZEITOUNE) FERRETTI\ADOLFO CODIGOS DE BARRAS\2. JPEG Files\745130421541.jpg","0"
"","","JPEG","EN_USO",".jpg","745130421542.jpg","2. JPEG Files","I:\PROYECTOS DE DISEÑO(ADOLFO)\(PIERRE ZEITOUNE) FERRETTI\ADOLFO CODIGOS DE BARRAS\2. JPEG Files\745130421542.jpg","0"
"","","JPEG","EN_USO",".jpg","745130421543.jpg","2. JPEG Files","I:\PROYECTOS DE DISEÑO(ADOLFO)\(PIERRE ZEITOUNE) FERRETTI\ADOLFO CODIGOS DE BARRAS\2. JPEG Files\745130421543.jpg","0"
"","","JPEG","EN_USO",".jpg","745130421544.jpg","2. JPEG Files","I:\PROYECTOS DE DISEÑO(ADOLFO)\(PIERRE ZEITOUNE) FERRETTI\ADOLFO CODIGOS DE BARRAS\2. JPEG Files\745130421544.jpg","0"
"","","JPEG","EN_USO",".jpg","745130421545.jpg","2. JPEG Files","I:\PROYECTOS DE DISEÑO(ADOLFO)\(PIERRE ZEITOUNE) FERRETTI\ADOLFO CODIGOS DE BARRAS\2. JPEG Files\745130421545.jpg","0"
"","","JPEG","EN_USO",".jpg","745130421546.jpg","2. JPEG Files","I:\PROYECTOS DE DISEÑO(ADOLFO)\(PIERRE ZEITOUNE) FERRETTI\ADOLFO CODIGOS DE BARRAS\2. JPEG Files\745130421546.jpg","0"
"","","JPEG","EN_USO",".jpg","745130421547.jpg","2. JPEG Files","I:\PROYECTOS DE DISEÑO(ADOLFO)\(PIERRE ZEITOUNE) FERRETTI\ADOLFO CODIGOS DE BARRAS\2. JPEG Files\745130421547.jpg","0"
"","","JPEG","EN_USO",".jpg","745130421548.jpg","2. JPEG Files","I:\PROYECTOS DE DISEÑO(ADOLFO)\(PIERRE ZEITOUNE) FERRETTI\ADOLFO CODIGOS DE BARRAS\2. JPEG Files\745130421548.jpg","0"
"","","JPEG","EN_USO",".jpg","745130421549.jpg","2. JPEG Files","I:\PROYECTOS DE DISEÑO(ADOLFO)\(PIERRE ZEITOUNE) FERRETTI\ADOLFO CODIGOS DE BARRAS\2. JPEG Files\745130421549.jpg","0"
"","","JPEG","EN_USO",".jpg","745130421550.jpg","2. JPEG Files","I:\PROYECTOS DE DISEÑO(ADOLFO)\(PIERRE ZEITOUNE) FERRETTI\ADOLFO CODIGOS DE BARRAS\2. JPEG Files\745130421550.jpg","0"
"","","JPEG","EN_USO",".jpg","745130421551.jpg","2. JPEG Files","I:\PROYECTOS DE DISEÑO(ADOLFO)\(PIERRE ZEITOUNE) FERRETTI\ADOLFO CODIGOS DE BARRAS\2. JPEG Files\745130421551.jpg","0"
"","","JPEG","EN_USO",".jpg","745130421552.jpg","2. JPEG Files","I:\PROYECTOS DE DISEÑO(ADOLFO)\(PIERRE ZEITOUNE) FERRETTI\ADOLFO CODIGOS DE BARRAS\2. JPEG Files\745130421552.jpg","0"
"","","JPEG","EN_USO",".jpg","745130421553.jpg","2. JPEG Files","I:\PROYECTOS DE DISEÑO(ADOLFO)\(PIERRE ZEITOUNE) FERRETTI\ADOLFO CODIGOS DE BARRAS\2. JPEG Files\745130421553.jpg","0"
"","","JPEG","EN_USO",".jpg","745130421554.jpg","2. JPEG Files","I:\PROYECTOS DE DISEÑO(ADOLFO)\(PIERRE ZEITOUNE) FERRETTI\ADOLFO CODIGOS DE BARRAS\2. JPEG Files\745130421554.jpg","0"
"","","JPEG","EN_USO",".jpg","745130421555.jpg","2. JPEG Files","I:\PROYECTOS DE DISEÑO(ADOLFO)\(PIERRE ZEITOUNE) FERRETTI\ADOLFO CODIGOS DE BARRAS\2. JPEG Files\745130421555.jpg","0"
"","","JPEG","EN_USO",".jpg","745130421556.jpg","2. JPEG Files","I:\PROYECTOS DE DISEÑO(ADOLFO)\(PIERRE ZEITOUNE) FERRETTI\ADOLFO CODIGOS DE BARRAS\2. JPEG Files\745130421556.jpg","0"
"","","JPEG","EN_USO",".jpg","745130421557.jpg","2. JPEG Files","I:\PROYECTOS DE DISEÑO(ADOLFO)\(PIERRE ZEITOUNE) FERRETTI\ADOLFO CODIGOS DE BARRAS\2. JPEG Files\745130421557.jpg","0"
"","","JPEG","EN_USO",".jpg","745130421558.jpg","2. JPEG Files","I:\PROYECTOS DE DISEÑO(ADOLFO)\(PIERRE ZEITOUNE) FERRETTI\ADOLFO CODIGOS DE BARRAS\2. JPEG Files\745130421558.jpg","0"
"","","JPEG","EN_USO",".jpg","745130421559.jpg","2. JPEG Files","I:\PROYECTOS DE DISEÑO(ADOLFO)\(PIERRE ZEITOUNE) FERRETTI\ADOLFO CODIGOS DE BARRAS\2. JPEG Files\745130421559.jpg","0"
"","","JPEG","EN_USO",".jpg","745130421560.jpg","2. JPEG Files","I:\PROYECTOS DE DISEÑO(ADOLFO)\(PIERRE ZEITOUNE) FERRETTI\ADOLFO CODIGOS DE BARRAS\2. JPEG Files\745130421560.jpg","0"
"","","JPEG","EN_USO",".jpg","745130421561.jpg","2. JPEG Files","I:\PROYECTOS DE DISEÑO(ADOLFO)\(PIERRE ZEITOUNE) FERRETTI\ADOLFO CODIGOS DE BARRAS\2. JPEG Files\745130421561.jpg","0"
"","","JPEG","EN_USO",".jpg","745130421562.jpg","2. JPEG Files","I:\PROYECTOS DE DISEÑO(ADOLFO)\(PIERRE ZEITOUNE) FERRETTI\ADOLFO CODIGOS DE BARRAS\2. JPEG Files\745130421562.jpg","0"
"","","JPEG","EN_USO",".jpg","745130421563.jpg","2. JPEG Files","I:\PROYECTOS DE DISEÑO(ADOLFO)\(PIERRE ZEITOUNE) FERRETTI\ADOLFO CODIGOS DE BARRAS\2. JPEG Files\745130421563.jpg","0"
"","","JPEG","EN_USO",".jpg","745130421564.jpg","2. JPEG Files","I:\PROYECTOS DE DISEÑO(ADOLFO)\(PIERRE ZEITOUNE) FERRETTI\ADOLFO CODIGOS DE BARRAS\2. JPEG Files\745130421564.jpg","0"
"","","JPEG","EN_USO",".jpg","745130421565.jpg","2. JPEG Files","I:\PROYECTOS DE DISEÑO(ADOLFO)\(PIERRE ZEITOUNE) FERRETTI\ADOLFO CODIGOS DE BARRAS\2. JPEG Files\745130421565.jpg","0"
"","","JPEG","EN_USO",".jpg","745130421566.jpg","2. JPEG Files","I:\PROYECTOS DE DISEÑO(ADOLFO)\(PIERRE ZEITOUNE) FERRETTI\ADOLFO CODIGOS DE BARRAS\2. JPEG Files\745130421566.jpg","0"
"","","JPEG","EN_USO",".jpg","745130421567.jpg","2. JPEG Files","I:\PROYECTOS DE DISEÑO(ADOLFO)\(PIERRE ZEITOUNE) FERRETTI\ADOLFO CODIGOS DE BARRAS\2. JPEG Files\745130421567.jpg","0"
"","","JPEG","EN_USO",".jpg","745130421568.jpg","2. JPEG Files","I:\PROYECTOS DE DISEÑO(ADOLFO)\(PIERRE ZEITOUNE) FERRETTI\ADOLFO CODIGOS DE BARRAS\2. JPEG Files\745130421568.jpg","0"
"","","JPEG","EN_USO",".jpg","745130421569.jpg","2. JPEG Files","I:\PROYECTOS DE DISEÑO(ADOLFO)\(PIERRE ZEITOUNE) FERRETTI\ADOLFO CODIGOS DE BARRAS\2. JPEG Files\745130421569.jpg","0"
"","","JPEG","EN_USO",".jpg","745130421570.jpg","2. JPEG Files","I:\PROYECTOS DE DISEÑO(ADOLFO)\(PIERRE ZEITOUNE) FERRETTI\ADOLFO CODIGOS DE BARRAS\2. JPEG Files\745130421570.jpg","0"
"","","JPEG","EN_USO",".jpg","745130421571.jpg","2. JPEG Files","I:\PROYECTOS DE DISEÑO(ADOLFO)\(PIERRE ZEITOUNE) FERRETTI\ADOLFO CODIGOS DE BARRAS\2. JPEG Files\745130421571.jpg","0"
"","","JPEG","EN_USO",".jpg","745130421572.jpg","2. JPEG Files","I:\PROYECTOS DE DISEÑO(ADOLFO)\(PIERRE ZEITOUNE) FERRETTI\ADOLFO CODIGOS DE BARRAS\2. JPEG Files\745130421572.jpg","0"
"","","JPEG","EN_USO",".jpg","745130421573.jpg","2. JPEG Files","I:\PROYECTOS DE DISEÑO(ADOLFO)\(PIERRE ZEITOUNE) FERRETTI\ADOLFO CODIGOS DE BARRAS\2. JPEG Files\745130421573.jpg","0"
"","","JPEG","EN_USO",".jpg","745130421574.jpg","2. JPEG Files","I:\PROYECTOS DE DISEÑO(ADOLFO)\(PIERRE ZEITOUNE) FERRETTI\ADOLFO CODIGOS DE BARRAS\2. JPEG Files\745130421574.jpg","0"
"","","JPEG","EN_USO",".jpg","745130421575.jpg","2. JPEG Files","I:\PROYECTOS DE DISEÑO(ADOLFO)\(PIERRE ZEITOUNE) FERRETTI\ADOLFO CODIGOS DE BARRAS\2. JPEG Files\745130421575.jpg","0"
"","","JPEG","EN_USO",".jpg","745130421576.jpg","2. JPEG Files","I:\PROYECTOS DE DISEÑO(ADOLFO)\(PIERRE ZEITOUNE) FERRETTI\ADOLFO CODIGOS DE BARRAS\2. JPEG Files\745130421576.jpg","0"
"","","JPEG","EN_USO",".jpg","745130421577.jpg","2. JPEG Files","I:\PROYECTOS DE DISEÑO(ADOLFO)\(PIERRE ZEITOUNE) FERRETTI\ADOLFO CODIGOS DE BARRAS\2. JPEG Files\745130421577.jpg","0"
"","","JPEG","EN_USO",".jpg","745130421578.jpg","2. JPEG Files","I:\PROYECTOS DE DISEÑO(ADOLFO)\(PIERRE ZEITOUNE) FERRETTI\ADOLFO CODIGOS DE BARRAS\2. JPEG Files\745130421578.jpg","0"
"","","JPEG","EN_USO",".jpg","745130421579.jpg","2. JPEG Files","I:\PROYECTOS DE DISEÑO(ADOLFO)\(PIERRE ZEITOUNE) FERRETTI\ADOLFO CODIGOS DE BARRAS\2. JPEG Files\745130421579.jpg","0"
"","","JPEG","EN_USO",".jpg","745130421580.jpg","2. JPEG Files","I:\PROYECTOS DE DISEÑO(ADOLFO)\(PIERRE ZEITOUNE) FERRETTI\ADOLFO CODIGOS DE BARRAS\2. JPEG Files\745130421580.jpg","0"
"","","JPEG","EN_USO",".jpg","745130421581.jpg","2. JPEG Files","I:\PROYECTOS DE DISEÑO(ADOLFO)\(PIERRE ZEITOUNE) FERRETTI\ADOLFO CODIGOS DE BARRAS\2. JPEG Files\745130421581.jpg","0"
"","","JPEG","EN_USO",".jpg","745130421582.jpg","2. JPEG Files","I:\PROYECTOS DE DISEÑO(ADOLFO)\(PIERRE ZEITOUNE) FERRETTI\ADOLFO CODIGOS DE BARRAS\2. JPEG Files\745130421582.jpg","0"
"","","JPEG","EN_USO",".jpg","745130421583.jpg","2. JPEG Files","I:\PROYECTOS DE DISEÑO(ADOLFO)\(PIERRE ZEITOUNE) FERRETTI\ADOLFO CODIGOS DE BARRAS\2. JPEG Files\745130421583.jpg","0"
"","","JPEG","EN_USO",".jpg","745130421584.jpg","2. JPEG Files","I:\PROYECTOS DE DISEÑO(ADOLFO)\(PIERRE ZEITOUNE) FERRETTI\ADOLFO CODIGOS DE BARRAS\2. JPEG Files\745130421584.jpg","0"
"","","JPEG","EN_USO",".jpg","745130421585.jpg","2. JPEG Files","I:\PROYECTOS DE DISEÑO(ADOLFO)\(PIERRE ZEITOUNE) FERRETTI\ADOLFO CODIGOS DE BARRAS\2. JPEG Files\745130421585.jpg","0"
"","","JPEG","EN_USO",".jpg","745130421586.jpg","2. JPEG Files","I:\PROYECTOS DE DISEÑO(ADOLFO)\(PIERRE ZEITOUNE) FERRETTI\ADOLFO CODIGOS DE BARRAS\2. JPEG Files\745130421586.jpg","0"
"","","JPEG","EN_USO",".jpg","745130421587.jpg","2. JPEG Files","I:\PROYECTOS DE DISEÑO(ADOLFO)\(PIERRE ZEITOUNE) FERRETTI\ADOLFO CODIGOS DE BARRAS\2. JPEG Files\745130421587.jpg","0"
"","","JPEG","EN_USO",".jpg","745130421588.jpg","2. JPEG Files","I:\PROYECTOS DE DISEÑO(ADOLFO)\(PIERRE ZEITOUNE) FERRETTI\ADOLFO CODIGOS DE BARRAS\2. JPEG Files\745130421588.jpg","0"
"","","JPEG","EN_USO",".jpg","745130421589.jpg","2. JPEG Files","I:\PROYECTOS DE DISEÑO(ADOLFO)\(PIERRE ZEITOUNE) FERRETTI\ADOLFO CODIGOS DE BARRAS\2. JPEG Files\745130421589.jpg","0"
"","","JPEG","EN_USO",".jpg","745130421590.jpg","2. JPEG Files","I:\PROYECTOS DE DISEÑO(ADOLFO)\(PIERRE ZEITOUNE) FERRETTI\ADOLFO CODIGOS DE BARRAS\2. JPEG Files\745130421590.jpg","0"
"","","JPEG","EN_USO",".jpg","745130421591.jpg","2. JPEG Files","I:\PROYECTOS DE DISEÑO(ADOLFO)\(PIERRE ZEITOUNE) FERRETTI\ADOLFO CODIGOS DE BARRAS\2. JPEG Files\745130421591.jpg","0"
"","","JPEG","EN_USO",".jpg","745130421592.jpg","2. JPEG Files","I:\PROYECTOS DE DISEÑO(ADOLFO)\(PIERRE ZEITOUNE) FERRETTI\ADOLFO CODIGOS DE BARRAS\2. JPEG Files\745130421592.jpg","0"
"","","JPEG","EN_USO",".jpg","745130421593.jpg","2. JPEG Files","I:\PROYECTOS DE DISEÑO(ADOLFO)\(PIERRE ZEITOUNE) FERRETTI\ADOLFO CODIGOS DE BARRAS\2. JPEG Files\745130421593.jpg","0"
"","","JPEG","EN_USO",".jpg","745130421594.jpg","2. JPEG Files","I:\PROYECTOS DE DISEÑO(ADOLFO)\(PIERRE ZEITOUNE) FERRETTI\ADOLFO CODIGOS DE BARRAS\2. JPEG Files\745130421594.jpg","0"
"","","JPEG","EN_USO",".jpg","745130421595.jpg","2. JPEG Files","I:\PROYECTOS DE DISEÑO(ADOLFO)\(PIERRE ZEITOUNE) FERRETTI\ADOLFO CODIGOS DE BARRAS\2. JPEG Files\745130421595.jpg","0"
"","","JPEG","EN_USO",".jpg","745130421596.jpg","2. JPEG Files","I:\PROYECTOS DE DISEÑO(ADOLFO)\(PIERRE ZEITOUNE) FERRETTI\ADOLFO CODIGOS DE BARRAS\2. JPEG Files\745130421596.jpg","0"
"","","JPEG","EN_USO",".jpg","745130421597.jpg","2. JPEG Files","I:\PROYECTOS DE DISEÑO(ADOLFO)\(PIERRE ZEITOUNE) FERRETTI\ADOLFO CODIGOS DE BARRAS\2. JPEG Files\745130421597.jpg","0"
"","","JPEG","EN_USO",".jpg","745130421598.jpg","2. JPEG Files","I:\PROYECTOS DE DISEÑO(ADOLFO)\(PIERRE ZEITOUNE) FERRETTI\ADOLFO CODIGOS DE BARRAS\2. JPEG Files\745130421598.jpg","0"
"","","JPEG","EN_USO",".jpg","745130421599.jpg","2. JPEG Files","I:\PROYECTOS DE DISEÑO(ADOLFO)\(PIERRE ZEITOUNE) FERRETTI\ADOLFO CODIGOS DE BARRAS\2. JPEG Files\745130421599.jpg","0"
"","","JPEG","EN_USO",".jpg","745130421600.jpg","2. JPEG Files","I:\PROYECTOS DE DISEÑO(ADOLFO)\(PIERRE ZEITOUNE) FERRETTI\ADOLFO CODIGOS DE BARRAS\2. JPEG Files\745130421600.jpg","0"
"","","JPEG","EN_USO",".jpg","745130421601.jpg","2. JPEG Files","I:\PROYECTOS DE DISEÑO(ADOLFO)\(PIERRE ZEITOUNE) FERRETTI\ADOLFO CODIGOS DE BARRAS\2. JPEG Files\745130421601.jpg","0"
"","","JPEG","EN_USO",".jpg","745130421602.jpg","2. JPEG Files","I:\PROYECTOS DE DISEÑO(ADOLFO)\(PIERRE ZEITOUNE) FERRETTI\ADOLFO CODIGOS DE BARRAS\2. JPEG Files\745130421602.jpg","0"
"","","JPEG","EN_USO",".jpg","745130421603.jpg","2. JPEG Files","I:\PROYECTOS DE DISEÑO(ADOLFO)\(PIERRE ZEITOUNE) FERRETTI\ADOLFO CODIGOS DE BARRAS\2. JPEG Files\745130421603.jpg","0"
"","","JPEG","EN_USO",".jpg","745130421604.jpg","2. JPEG Files","I:\PROYECTOS DE DISEÑO(ADOLFO)\(PIERRE ZEITOUNE) FERRETTI\ADOLFO CODIGOS DE BARRAS\2. JPEG Files\745130421604.jpg","0"
"","","JPEG","EN_USO",".jpg","745130421605.jpg","2. JPEG Files","I:\PROYECTOS DE DISEÑO(ADOLFO)\(PIERRE ZEITOUNE) FERRETTI\ADOLFO CODIGOS DE BARRAS\2. JPEG Files\745130421605.jpg","0"
"","","JPEG","EN_USO",".jpg","745130421606.jpg","2. JPEG Files","I:\PROYECTOS DE DISEÑO(ADOLFO)\(PIERRE ZEITOUNE) FERRETTI\ADOLFO CODIGOS DE BARRAS\2. JPEG Files\745130421606.jpg","0"
"","","JPEG","EN_USO",".jpg","745130421607.jpg","2. JPEG Files","I:\PROYECTOS DE DISEÑO(ADOLFO)\(PIERRE ZEITOUNE) FERRETTI\ADOLFO CODIGOS DE BARRAS\2. JPEG Files\745130421607.jpg","0"
"","","JPEG","EN_USO",".jpg","745130421608.jpg","2. JPEG Files","I:\PROYECTOS DE DISEÑO(ADOLFO)\(PIERRE ZEITOUNE) FERRETTI\ADOLFO CODIGOS DE BARRAS\2. JPEG Files\745130421608.jpg","0"
"","","JPEG","EN_USO",".jpg","745130421609.jpg","2. JPEG Files","I:\PROYECTOS DE DISEÑO(ADOLFO)\(PIERRE ZEITOUNE) FERRETTI\ADOLFO CODIGOS DE BARRAS\2. JPEG Files\745130421609.jpg","0"
"","","JPEG","EN_USO",".jpg","745130421610.jpg","2. JPEG Files","I:\PROYECTOS DE DISEÑO(ADOLFO)\(PIERRE ZEITOUNE) FERRETTI\ADOLFO CODIGOS DE BARRAS\2. JPEG Files\745130421610.jpg","0"
"","","JPEG","EN_USO",".jpg","745130421611.jpg","2. JPEG Files","I:\PROYECTOS DE DISEÑO(ADOLFO)\(PIERRE ZEITOUNE) FERRETTI\ADOLFO CODIGOS DE BARRAS\2. JPEG Files\745130421611.jpg","0"
"","","JPEG","EN_USO",".jpg","745130421612.jpg","2. JPEG Files","I:\PROYECTOS DE DISEÑO(ADOLFO)\(PIERRE ZEITOUNE) FERRETTI\ADOLFO CODIGOS DE BARRAS\2. JPEG Files\745130421612.jpg","0"
"","","JPEG","EN_USO",".jpg","745130421613.jpg","2. JPEG Files","I:\PROYECTOS DE DISEÑO(ADOLFO)\(PIERRE ZEITOUNE) FERRETTI\ADOLFO CODIGOS DE BARRAS\2. JPEG Files\745130421613.jpg","0"
"","","JPEG","EN_USO",".jpg","745130421614.jpg","2. JPEG Files","I:\PROYECTOS DE DISEÑO(ADOLFO)\(PIERRE ZEITOUNE) FERRETTI\ADOLFO CODIGOS DE BARRAS\2. JPEG Files\745130421614.jpg","0"
"","","JPEG","EN_USO",".jpg","745130421615.jpg","2. JPEG Files","I:\PROYECTOS DE DISEÑO(ADOLFO)\(PIERRE ZEITOUNE) FERRETTI\ADOLFO CODIGOS DE BARRAS\2. JPEG Files\745130421615.jpg","0"
"","","JPEG","EN_USO",".jpg","745130421616.jpg","2. JPEG Files","I:\PROYECTOS DE DISEÑO(ADOLFO)\(PIERRE ZEITOUNE) FERRETTI\ADOLFO CODIGOS DE BARRAS\2. JPEG Files\745130421616.jpg","0"
"","","JPEG","EN_USO",".jpg","745130421617.jpg","2. JPEG Files","I:\PROYECTOS DE DISEÑO(ADOLFO)\(PIERRE ZEITOUNE) FERRETTI\ADOLFO CODIGOS DE BARRAS\2. JPEG Files\745130421617.jpg","0"
"","","JPEG","EN_USO",".jpg","745130421618.jpg","2. JPEG Files","I:\PROYECTOS DE DISEÑO(ADOLFO)\(PIERRE ZEITOUNE) FERRETTI\ADOLFO CODIGOS DE BARRAS\2. JPEG Files\745130421618.jpg","0"
"","","JPEG","EN_USO",".jpg","745130421619.jpg","2. JPEG Files","I:\PROYECTOS DE DISEÑO(ADOLFO)\(PIERRE ZEITOUNE) FERRETTI\ADOLFO CODIGOS DE BARRAS\2. JPEG Files\745130421619.jpg","0"
"","","JPEG","EN_USO",".jpg","745130421620.jpg","2. JPEG Files","I:\PROYECTOS DE DISEÑO(ADOLFO)\(PIERRE ZEITOUNE) FERRETTI\ADOLFO CODIGOS DE BARRAS\2. JPEG Files\745130421620.jpg","0"
"","","JPEG","EN_USO",".jpg","745130421621.jpg","2. JPEG Files","I:\PROYECTOS DE DISEÑO(ADOLFO)\(PIERRE ZEITOUNE) FERRETTI\ADOLFO CODIGOS DE BARRAS\2. JPEG Files\745130421621.jpg","0"
"","","JPEG","EN_USO",".jpg","745130421622.jpg","2. JPEG Files","I:\PROYECTOS DE DISEÑO(ADOLFO)\(PIERRE ZEITOUNE) FERRETTI\ADOLFO CODIGOS DE BARRAS\2. JPEG Files\745130421622.jpg","0"
"","","JPEG","EN_USO",".jpg","745130421623.jpg","2. JPEG Files","I:\PROYECTOS DE DISEÑO(ADOLFO)\(PIERRE ZEITOUNE) FERRETTI\ADOLFO CODIGOS DE BARRAS\2. JPEG Files\745130421623.jpg","0"
"","","JPEG","EN_USO",".jpg","745130421624.jpg","2. JPEG Files","I:\PROYECTOS DE DISEÑO(ADOLFO)\(PIERRE ZEITOUNE) FERRETTI\ADOLFO CODIGOS DE BARRAS\2. JPEG Files\745130421624.jpg","0"
"","","JPEG","EN_USO",".jpg","745130421625.jpg","2. JPEG Files","I:\PROYECTOS DE DISEÑO(ADOLFO)\(PIERRE ZEITOUNE) FERRETTI\ADOLFO CODIGOS DE BARRAS\2. JPEG Files\745130421625.jpg","0"
"","","JPEG","EN_USO",".jpg","745130421626.jpg","2. JPEG Files","I:\PROYECTOS DE DISEÑO(ADOLFO)\(PIERRE ZEITOUNE) FERRETTI\ADOLFO CODIGOS DE BARRAS\2. JPEG Files\745130421626.jpg","0"
"","","JPEG","EN_USO",".jpg","745130421627.jpg","2. JPEG Files","I:\PROYECTOS DE DISEÑO(ADOLFO)\(PIERRE ZEITOUNE) FERRETTI\ADOLFO CODIGOS DE BARRAS\2. JPEG Files\745130421627.jpg","0"
"","","JPEG","EN_USO",".jpg","745130421628.jpg","2. JPEG Files","I:\PROYECTOS DE DISEÑO(ADOLFO)\(PIERRE ZEITOUNE) FERRETTI\ADOLFO CODIGOS DE BARRAS\2. JPEG Files\745130421628.jpg","0"
"","","JPEG","EN_USO",".jpg","745130421629.jpg","2. JPEG Files","I:\PROYECTOS DE DISEÑO(ADOLFO)\(PIERRE ZEITOUNE) FERRETTI\ADOLFO CODIGOS DE BARRAS\2. JPEG Files\745130421629.jpg","0"
"","","JPEG","EN_USO",".jpg","745130421630.jpg","2. JPEG Files","I:\PROYECTOS DE DISEÑO(ADOLFO)\(PIERRE ZEITOUNE) FERRETTI\ADOLFO CODIGOS DE BARRAS\2. JPEG Files\745130421630.jpg","0"
"","","JPEG","EN_USO",".jpg","745130421631.jpg","2. JPEG Files","I:\PROYECTOS DE DISEÑO(ADOLFO)\(PIERRE ZEITOUNE) FERRETTI\ADOLFO CODIGOS DE BARRAS\2. JPEG Files\745130421631.jpg","0"
"","","JPEG","EN_USO",".jpg","745130421632.jpg","2. JPEG Files","I:\PROYECTOS DE DISEÑO(ADOLFO)\(PIERRE ZEITOUNE) FERRETTI\ADOLFO CODIGOS DE BARRAS\2. JPEG Files\745130421632.jpg","0"
"","","JPEG","EN_USO",".jpg","745130421633.jpg","2. JPEG Files","I:\PROYECTOS DE DISEÑO(ADOLFO)\(PIERRE ZEITOUNE) FERRETTI\ADOLFO CODIGOS DE BARRAS\2. JPEG Files\745130421633.jpg","0"
"","","JPEG","EN_USO",".jpg","745130421634.jpg","2. JPEG Files","I:\PROYECTOS DE DISEÑO(ADOLFO)\(PIERRE ZEITOUNE) FERRETTI\ADOLFO CODIGOS DE BARRAS\2. JPEG Files\745130421634.jpg","0"
"","","JPEG","EN_USO",".jpg","745130421635.jpg","2. JPEG Files","I:\PROYECTOS DE DISEÑO(ADOLFO)\(PIERRE ZEITOUNE) FERRETTI\ADOLFO CODIGOS DE BARRAS\2. JPEG Files\745130421635.jpg","0"
"","","JPEG","EN_USO",".jpg","745130421636.jpg","2. JPEG Files","I:\PROYECTOS DE DISEÑO(ADOLFO)\(PIERRE ZEITOUNE) FERRETTI\ADOLFO CODIGOS DE BARRAS\2. JPEG Files\745130421636.jpg","0"
"","","JPEG","EN_USO",".jpg","745130421637.jpg","2. JPEG Files","I:\PROYECTOS DE DISEÑO(ADOLFO)\(PIERRE ZEITOUNE) FERRETTI\ADOLFO CODIGOS DE BARRAS\2. JPEG Files\745130421637.jpg","0"
"","","JPEG","EN_USO",".jpg","745130421638.jpg","2. JPEG Files","I:\PROYECTOS DE DISEÑO(ADOLFO)\(PIERRE ZEITOUNE) FERRETTI\ADOLFO CODIGOS DE BARRAS\2. JPEG Files\745130421638.jpg","0"
"","","JPEG","EN_USO",".jpg","745130421639.jpg","2. JPEG Files","I:\PROYECTOS DE DISEÑO(ADOLFO)\(PIERRE ZEITOUNE) FERRETTI\ADOLFO CODIGOS DE BARRAS\2. JPEG Files\745130421639.jpg","0"
"","","JPEG","EN_USO",".jpg","745130421640.jpg","2. JPEG Files","I:\PROYECTOS DE DISEÑO(ADOLFO)\(PIERRE ZEITOUNE) FERRETTI\ADOLFO CODIGOS DE BARRAS\2. JPEG Files\745130421640.jpg","0"
"","","JPEG","EN_USO",".jpg","745130421641.jpg","2. JPEG Files","I:\PROYECTOS DE DISEÑO(ADOLFO)\(PIERRE ZEITOUNE) FERRETTI\ADOLFO CODIGOS DE BARRAS\2. JPEG Files\745130421641.jpg","0"
"","","JPEG","EN_USO",".jpg","745130421642.jpg","2. JPEG Files","I:\PROYECTOS DE DISEÑO(ADOLFO)\(PIERRE ZEITOUNE) FERRETTI\ADOLFO CODIGOS DE BARRAS\2. JPEG Files\745130421642.jpg","0"
"","","JPEG","EN_USO",".jpg","745130421643.jpg","2. JPEG Files","I:\PROYECTOS DE DISEÑO(ADOLFO)\(PIERRE ZEITOUNE) FERRETTI\ADOLFO CODIGOS DE BARRAS\2. JPEG Files\745130421643.jpg","0"
"","","JPEG","EN_USO",".jpg","745130421644.jpg","2. JPEG Files","I:\PROYECTOS DE DISEÑO(ADOLFO)\(PIERRE ZEITOUNE) FERRETTI\ADOLFO CODIGOS DE BARRAS\2. JPEG Files\745130421644.jpg","0"
"","","JPEG","EN_USO",".jpg","745130421645.jpg","2. JPEG Files","I:\PROYECTOS DE DISEÑO(ADOLFO)\(PIERRE ZEITOUNE) FERRETTI\ADOLFO CODIGOS DE BARRAS\2. JPEG Files\745130421645.jpg","0"
"","","JPEG","EN_USO",".jpg","745130421646.jpg","2. JPEG Files","I:\PROYECTOS DE DISEÑO(ADOLFO)\(PIERRE ZEITOUNE) FERRETTI\ADOLFO CODIGOS DE BARRAS\2. JPEG Files\745130421646.jpg","0"
"","","JPEG","EN_USO",".jpg","745130421647.jpg","2. JPEG Files","I:\PROYECTOS DE DISEÑO(ADOLFO)\(PIERRE ZEITOUNE) FERRETTI\ADOLFO CODIGOS DE BARRAS\2. JPEG Files\745130421647.jpg","0"
"","","JPEG","EN_USO",".jpg","745130421648.jpg","2. JPEG Files","I:\PROYECTOS DE DISEÑO(ADOLFO)\(PIERRE ZEITOUNE) FERRETTI\ADOLFO CODIGOS DE BARRAS\2. JPEG Files\745130421648.jpg","0"
"","","JPEG","EN_USO",".jpg","745130421649.jpg","2. JPEG Files","I:\PROYECTOS DE DISEÑO(ADOLFO)\(PIERRE ZEITOUNE) FERRETTI\ADOLFO CODIGOS DE BARRAS\2. JPEG Files\745130421649.jpg","0"
"","","JPEG","EN_USO",".jpg","745130421650.jpg","2. JPEG Files","I:\PROYECTOS DE DISEÑO(ADOLFO)\(PIERRE ZEITOUNE) FERRETTI\ADOLFO CODIGOS DE BARRAS\2. JPEG Files\745130421650.jpg","0"
"","","JPEG","EN_USO",".jpg","745130421651.jpg","2. JPEG Files","I:\PROYECTOS DE DISEÑO(ADOLFO)\(PIERRE ZEITOUNE) FERRETTI\ADOLFO CODIGOS DE BARRAS\2. JPEG Files\745130421651.jpg","0"
"","","JPEG","EN_USO",".jpg","745130421652.jpg","2. JPEG Files","I:\PROYECTOS DE DISEÑO(ADOLFO)\(PIERRE ZEITOUNE) FERRETTI\ADOLFO CODIGOS DE BARRAS\2. JPEG Files\745130421652.jpg","0"
"","","JPEG","EN_USO",".jpg","745130421653.jpg","2. JPEG Files","I:\PROYECTOS DE DISEÑO(ADOLFO)\(PIERRE ZEITOUNE) FERRETTI\ADOLFO CODIGOS DE BARRAS\2. JPEG Files\745130421653.jpg","0"
"","","JPEG","EN_USO",".jpg","745130421654.jpg","2. JPEG Files","I:\PROYECTOS DE DISEÑO(ADOLFO)\(PIERRE ZEITOUNE) FERRETTI\ADOLFO CODIGOS DE BARRAS\2. JPEG Files\745130421654.jpg","0"
"","","JPEG","EN_USO",".jpg","745130421655.jpg","2. JPEG Files","I:\PROYECTOS DE DISEÑO(ADOLFO)\(PIERRE ZEITOUNE) FERRETTI\ADOLFO CODIGOS DE BARRAS\2. JPEG Files\745130421655.jpg","0"
"","","JPEG","EN_USO",".jpg","745130421656.jpg","2. JPEG Files","I:\PROYECTOS DE DISEÑO(ADOLFO)\(PIERRE ZEITOUNE) FERRETTI\ADOLFO CODIGOS DE BARRAS\2. JPEG Files\745130421656.jpg","0"
"","","JPEG","EN_USO",".jpg","745130421657.jpg","2. JPEG Files","I:\PROYECTOS DE DISEÑO(ADOLFO)\(PIERRE ZEITOUNE) FERRETTI\ADOLFO CODIGOS DE BARRAS\2. JPEG Files\745130421657.jpg","0"
"","","JPEG","EN_USO",".jpg","745130421658.jpg","2. JPEG Files","I:\PROYECTOS DE DISEÑO(ADOLFO)\(PIERRE ZEITOUNE) FERRETTI\ADOLFO CODIGOS DE BARRAS\2. JPEG Files\745130421658.jpg","0"
"","","JPEG","EN_USO",".jpg","745130421659.jpg","2. JPEG Files","I:\PROYECTOS DE DISEÑO(ADOLFO)\(PIERRE ZEITOUNE) FERRETTI\ADOLFO CODIGOS DE BARRAS\2. JPEG Files\745130421659.jpg","0"
"","","JPEG","EN_USO",".jpg","745130421660.jpg","2. JPEG Files","I:\PROYECTOS DE DISEÑO(ADOLFO)\(PIERRE ZEITOUNE) FERRETTI\ADOLFO CODIGOS DE BARRAS\2. JPEG Files\745130421660.jpg","0"
"","","JPEG","EN_USO",".jpg","745130421661.jpg","2. JPEG Files","I:\PROYECTOS DE DISEÑO(ADOLFO)\(PIERRE ZEITOUNE) FERRETTI\ADOLFO CODIGOS DE BARRAS\2. JPEG Files\745130421661.jpg","0"
"","","JPEG","EN_USO",".jpg","745130421662.jpg","2. JPEG Files","I:\PROYECTOS DE DISEÑO(ADOLFO)\(PIERRE ZEITOUNE) FERRETTI\ADOLFO CODIGOS DE BARRAS\2. JPEG Files\745130421662.jpg","0"
"","","JPEG","EN_USO",".jpg","745130421663.jpg","2. JPEG Files","I:\PROYECTOS DE DISEÑO(ADOLFO)\(PIERRE ZEITOUNE) FERRETTI\ADOLFO CODIGOS DE BARRAS\2. JPEG Files\745130421663.jpg","0"
"","","JPEG","EN_USO",".jpg","745130421664.jpg","2. JPEG Files","I:\PROYECTOS DE DISEÑO(ADOLFO)\(PIERRE ZEITOUNE) FERRETTI\ADOLFO CODIGOS DE BARRAS\2. JPEG Files\745130421664.jpg","0"
"","","JPEG","EN_USO",".jpg","745130421665.jpg","2. JPEG Files","I:\PROYECTOS DE DISEÑO(ADOLFO)\(PIERRE ZEITOUNE) FERRETTI\ADOLFO CODIGOS DE BARRAS\2. JPEG Files\745130421665.jpg","0"
"","","JPEG","EN_USO",".jpg","745130421666.jpg","2. JPEG Files","I:\PROYECTOS DE DISEÑO(ADOLFO)\(PIERRE ZEITOUNE) FERRETTI\ADOLFO CODIGOS DE BARRAS\2. JPEG Files\745130421666.jpg","0"
"","","JPEG","EN_USO",".jpg","745130421667.jpg","2. JPEG Files","I:\PROYECTOS DE DISEÑO(ADOLFO)\(PIERRE ZEITOUNE) FERRETTI\ADOLFO CODIGOS DE BARRAS\2. JPEG Files\745130421667.jpg","0"
"","","JPEG","EN_USO",".jpg","745130421668.jpg","2. JPEG Files","I:\PROYECTOS DE DISEÑO(ADOLFO)\(PIERRE ZEITOUNE) FERRETTI\ADOLFO CODIGOS DE BARRAS\2. JPEG Files\745130421668.jpg","0"
"","","JPEG","EN_USO",".jpg","745130421669.jpg","2. JPEG Files","I:\PROYECTOS DE DISEÑO(ADOLFO)\(PIERRE ZEITOUNE) FERRETTI\ADOLFO CODIGOS DE BARRAS\2. JPEG Files\745130421669.jpg","0"
"","","JPEG","EN_USO",".jpg","745130421670.jpg","2. JPEG Files","I:\PROYECTOS DE DISEÑO(ADOLFO)\(PIERRE ZEITOUNE) FERRETTI\ADOLFO CODIGOS DE BARRAS\2. JPEG Files\745130421670.jpg","0"
"","","JPEG","EN_USO",".jpg","745130421671.jpg","2. JPEG Files","I:\PROYECTOS DE DISEÑO(ADOLFO)\(PIERRE ZEITOUNE) FERRETTI\ADOLFO CODIGOS DE BARRAS\2. JPEG Files\745130421671.jpg","0"
"","","JPEG","EN_USO",".jpg","745130421672.jpg","2. JPEG Files","I:\PROYECTOS DE DISEÑO(ADOLFO)\(PIERRE ZEITOUNE) FERRETTI\ADOLFO CODIGOS DE BARRAS\2. JPEG Files\745130421672.jpg","0"
"","","JPEG","EN_USO",".jpg","745130421673.jpg","2. JPEG Files","I:\PROYECTOS DE DISEÑO(ADOLFO)\(PIERRE ZEITOUNE) FERRETTI\ADOLFO CODIGOS DE BARRAS\2. JPEG Files\745130421673.jpg","0"
"","","JPEG","EN_USO",".jpg","745130421674.jpg","2. JPEG Files","I:\PROYECTOS DE DISEÑO(ADOLFO)\(PIERRE ZEITOUNE) FERRETTI\ADOLFO CODIGOS DE BARRAS\2. JPEG Files\745130421674.jpg","0"
"","","JPEG","EN_USO",".jpg","745130421675.jpg","2. JPEG Files","I:\PROYECTOS DE DISEÑO(ADOLFO)\(PIERRE ZEITOUNE) FERRETTI\ADOLFO CODIGOS DE BARRAS\2. JPEG Files\745130421675.jpg","0"
"","","JPEG","EN_USO",".jpg","745130421676.jpg","2. JPEG Files","I:\PROYECTOS DE DISEÑO(ADOLFO)\(PIERRE ZEITOUNE) FERRETTI\ADOLFO CODIGOS DE BARRAS\2. JPEG Files\745130421676.jpg","0"
"","","JPEG","EN_USO",".jpg","745130421677.jpg","2. JPEG Files","I:\PROYECTOS DE DISEÑO(ADOLFO)\(PIERRE ZEITOUNE) FERRETTI\ADOLFO CODIGOS DE BARRAS\2. JPEG Files\745130421677.jpg","0"
"","","JPEG","EN_USO",".jpg","745130421678.jpg","2. JPEG Files","I:\PROYECTOS DE DISEÑO(ADOLFO)\(PIERRE ZEITOUNE) FERRETTI\ADOLFO CODIGOS DE BARRAS\2. JPEG Files\745130421678.jpg","0"
"","","JPEG","EN_USO",".jpg","745130421679.jpg","2. JPEG Files","I:\PROYECTOS DE DISEÑO(ADOLFO)\(PIERRE ZEITOUNE) FERRETTI\ADOLFO CODIGOS DE BARRAS\2. JPEG Files\745130421679.jpg","0"
"","","JPEG","EN_USO",".jpg","745130421680.jpg","2. JPEG Files","I:\PROYECTOS DE DISEÑO(ADOLFO)\(PIERRE ZEITOUNE) FERRETTI\ADOLFO CODIGOS DE BARRAS\2. JPEG Files\745130421680.jpg","0"
"","","JPEG","EN_USO",".jpg","745130421681.jpg","2. JPEG Files","I:\PROYECTOS DE DISEÑO(ADOLFO)\(PIERRE ZEITOUNE) FERRETTI\ADOLFO CODIGOS DE BARRAS\2. JPEG Files\745130421681.jpg","0"
"","","JPEG","EN_USO",".jpg","745130421682.jpg","2. JPEG Files","I:\PROYECTOS DE DISEÑO(ADOLFO)\(PIERRE ZEITOUNE) FERRETTI\ADOLFO CODIGOS DE BARRAS\2. JPEG Files\745130421682.jpg","0"
"","","JPEG","EN_USO",".jpg","745130421683.jpg","2. JPEG Files","I:\PROYECTOS DE DISEÑO(ADOLFO)\(PIERRE ZEITOUNE) FERRETTI\ADOLFO CODIGOS DE BARRAS\2. JPEG Files\745130421683.jpg","0"
"","","JPEG","EN_USO",".jpg","745130421684.jpg","2. JPEG Files","I:\PROYECTOS DE DISEÑO(ADOLFO)\(PIERRE ZEITOUNE) FERRETTI\ADOLFO CODIGOS DE BARRAS\2. JPEG Files\745130421684.jpg","0"
"","","JPEG","EN_USO",".jpg","745130421685.jpg","2. JPEG Files","I:\PROYECTOS DE DISEÑO(ADOLFO)\(PIERRE ZEITOUNE) FERRETTI\ADOLFO CODIGOS DE BARRAS\2. JPEG Files\745130421685.jpg","0"
"","","JPEG","EN_USO",".jpg","745130421686.jpg","2. JPEG Files","I:\PROYECTOS DE DISEÑO(ADOLFO)\(PIERRE ZEITOUNE) FERRETTI\ADOLFO CODIGOS DE BARRAS\2. JPEG Files\745130421686.jpg","0"
"","","JPEG","EN_USO",".jpg","745130421687.jpg","2. JPEG Files","I:\PROYECTOS DE DISEÑO(ADOLFO)\(PIERRE ZEITOUNE) FERRETTI\ADOLFO CODIGOS DE BARRAS\2. JPEG Files\745130421687.jpg","0"
"","","JPEG","EN_USO",".jpg","745130421688.jpg","2. JPEG Files","I:\PROYECTOS DE DISEÑO(ADOLFO)\(PIERRE ZEITOUNE) FERRETTI\ADOLFO CODIGOS DE BARRAS\2. JPEG Files\745130421688.jpg","0"
"","","JPEG","EN_USO",".jpg","745130421689.jpg","2. JPEG Files","I:\PROYECTOS DE DISEÑO(ADOLFO)\(PIERRE ZEITOUNE) FERRETTI\ADOLFO CODIGOS DE BARRAS\2. JPEG Files\745130421689.jpg","0"
"","","JPEG","EN_USO",".jpg","745130421690.jpg","2. JPEG Files","I:\PROYECTOS DE DISEÑO(ADOLFO)\(PIERRE ZEITOUNE) FERRETTI\ADOLFO CODIGOS DE BARRAS\2. JPEG Files\745130421690.jpg","0"
"","","JPEG","EN_USO",".jpg","745130421691.jpg","2. JPEG Files","I:\PROYECTOS DE DISEÑO(ADOLFO)\(PIERRE ZEITOUNE) FERRETTI\ADOLFO CODIGOS DE BARRAS\2. JPEG Files\745130421691.jpg","0"
"","","JPEG","EN_USO",".jpg","745130421692.jpg","2. JPEG Files","I:\PROYECTOS DE DISEÑO(ADOLFO)\(PIERRE ZEITOUNE) FERRETTI\ADOLFO CODIGOS DE BARRAS\2. JPEG Files\745130421692.jpg","0"
"","","JPEG","EN_USO",".jpg","745130421693.jpg","2. JPEG Files","I:\PROYECTOS DE DISEÑO(ADOLFO)\(PIERRE ZEITOUNE) FERRETTI\ADOLFO CODIGOS DE BARRAS\2. JPEG Files\745130421693.jpg","0"
"","","JPEG","EN_USO",".jpg","745130421694.jpg","2. JPEG Files","I:\PROYECTOS DE DISEÑO(ADOLFO)\(PIERRE ZEITOUNE) FERRETTI\ADOLFO CODIGOS DE BARRAS\2. JPEG Files\745130421694.jpg","0"
"","","JPEG","EN_USO",".jpg","745130421695.jpg","2. JPEG Files","I:\PROYECTOS DE DISEÑO(ADOLFO)\(PIERRE ZEITOUNE) FERRETTI\ADOLFO CODIGOS DE BARRAS\2. JPEG Files\745130421695.jpg","0"
"","","JPEG","EN_USO",".jpg","745130421696.jpg","2. JPEG Files","I:\PROYECTOS DE DISEÑO(ADOLFO)\(PIERRE ZEITOUNE) FERRETTI\ADOLFO CODIGOS DE BARRAS\2. JPEG Files\745130421696.jpg","0"
"","","JPEG","EN_USO",".jpg","745130421697.jpg","2. JPEG Files","I:\PROYECTOS DE DISEÑO(ADOLFO)\(PIERRE ZEITOUNE) FERRETTI\ADOLFO CODIGOS DE BARRAS\2. JPEG Files\745130421697.jpg","0"
"","","JPEG","EN_USO",".jpg","745130421698.jpg","2. JPEG Files","I:\PROYECTOS DE DISEÑO(ADOLFO)\(PIERRE ZEITOUNE) FERRETTI\ADOLFO CODIGOS DE BARRAS\2. JPEG Files\745130421698.jpg","0"
"","","JPEG","EN_USO",".jpg","745130421699.jpg","2. JPEG Files","I:\PROYECTOS DE DISEÑO(ADOLFO)\(PIERRE ZEITOUNE) FERRETTI\ADOLFO CODIGOS DE BARRAS\2. JPEG Files\745130421699.jpg","0"
"","","JPEG","EN_USO",".jpg","745130421700.jpg","2. JPEG Files","I:\PROYECTOS DE DISEÑO(ADOLFO)\(PIERRE ZEITOUNE) FERRETTI\ADOLFO CODIGOS DE BARRAS\2. JPEG Files\745130421700.jpg","0"
"","","JPEG","EN_USO",".jpg","745130421701.jpg","2. JPEG Files","I:\PROYECTOS DE DISEÑO(ADOLFO)\(PIERRE ZEITOUNE) FERRETTI\ADOLFO CODIGOS DE BARRAS\2. JPEG Files\745130421701.jpg","0"
"","","JPEG","EN_USO",".jpg","745130421702.jpg","2. JPEG Files","I:\PROYECTOS DE DISEÑO(ADOLFO)\(PIERRE ZEITOUNE) FERRETTI\ADOLFO CODIGOS DE BARRAS\2. JPEG Files\745130421702.jpg","0"
"","","JPEG","EN_USO",".jpg","745130421703.jpg","2. JPEG Files","I:\PROYECTOS DE DISEÑO(ADOLFO)\(PIERRE ZEITOUNE) FERRETTI\ADOLFO CODIGOS DE BARRAS\2. JPEG Files\745130421703.jpg","0"
"","","JPEG","EN_USO",".jpg","745130421704.jpg","2. JPEG Files","I:\PROYECTOS DE DISEÑO(ADOLFO)\(PIERRE ZEITOUNE) FERRETTI\ADOLFO CODIGOS DE BARRAS\2. JPEG Files\745130421704.jpg","0"
"","","JPEG","EN_USO",".jpg","745130421705.jpg","2. JPEG Files","I:\PROYECTOS DE DISEÑO(ADOLFO)\(PIERRE ZEITOUNE) FERRETTI\ADOLFO CODIGOS DE BARRAS\2. JPEG Files\745130421705.jpg","0"
"","","JPEG","EN_USO",".jpg","745130421706.jpg","2. JPEG Files","I:\PROYECTOS DE DISEÑO(ADOLFO)\(PIERRE ZEITOUNE) FERRETTI\ADOLFO CODIGOS DE BARRAS\2. JPEG Files\745130421706.jpg","0"
"","","JPEG","EN_USO",".jpg","745130421707.jpg","2. JPEG Files","I:\PROYECTOS DE DISEÑO(ADOLFO)\(PIERRE ZEITOUNE) FERRETTI\ADOLFO CODIGOS DE BARRAS\2. JPEG Files\745130421707.jpg","0"
"","","JPEG","EN_USO",".jpg","745130421708.jpg","2. JPEG Files","I:\PROYECTOS DE DISEÑO(ADOLFO)\(PIERRE ZEITOUNE) FERRETTI\ADOLFO CODIGOS DE BARRAS\2. JPEG Files\745130421708.jpg","0"
"","","JPEG","EN_USO",".jpg","745130421709.jpg","2. JPEG Files","I:\PROYECTOS DE DISEÑO(ADOLFO)\(PIERRE ZEITOUNE) FERRETTI\ADOLFO CODIGOS DE BARRAS\2. JPEG Files\745130421709.jpg","0"
"","","JPEG","EN_USO",".jpg","745130421710.jpg","2. JPEG Files","I:\PROYECTOS DE DISEÑO(ADOLFO)\(PIERRE ZEITOUNE) FERRETTI\ADOLFO CODIGOS DE BARRAS\2. JPEG Files\745130421710.jpg","0"
"","","JPEG","EN_USO",".jpg","745130421711.jpg","2. JPEG Files","I:\PROYECTOS DE DISEÑO(ADOLFO)\(PIERRE ZEITOUNE) FERRETTI\ADOLFO CODIGOS DE BARRAS\2. JPEG Files\745130421711.jpg","0"
"","","JPEG","EN_USO",".jpg","745130421712.jpg","2. JPEG Files","I:\PROYECTOS DE DISEÑO(ADOLFO)\(PIERRE ZEITOUNE) FERRETTI\ADOLFO CODIGOS DE BARRAS\2. JPEG Files\745130421712.jpg","0"
"","","JPEG","EN_USO",".jpg","745130421713.jpg","2. JPEG Files","I:\PROYECTOS DE DISEÑO(ADOLFO)\(PIERRE ZEITOUNE) FERRETTI\ADOLFO CODIGOS DE BARRAS\2. JPEG Files\745130421713.jpg","0"
"","","JPEG","EN_USO",".jpg","745130421714.jpg","2. JPEG Files","I:\PROYECTOS DE DISEÑO(ADOLFO)\(PIERRE ZEITOUNE) FERRETTI\ADOLFO CODIGOS DE BARRAS\2. JPEG Files\745130421714.jpg","0"
"","","JPEG","EN_USO",".jpg","745130421715.jpg","2. JPEG Files","I:\PROYECTOS DE DISEÑO(ADOLFO)\(PIERRE ZEITOUNE) FERRETTI\ADOLFO CODIGOS DE BARRAS\2. JPEG Files\745130421715.jpg","0"
"","","JPEG","EN_USO",".jpg","745130421716.jpg","2. JPEG Files","I:\PROYECTOS DE DISEÑO(ADOLFO)\(PIERRE ZEITOUNE) FERRETTI\ADOLFO CODIGOS DE BARRAS\2. JPEG Files\745130421716.jpg","0"
"","","JPEG","EN_USO",".jpg","745130421717.jpg","2. JPEG Files","I:\PROYECTOS DE DISEÑO(ADOLFO)\(PIERRE ZEITOUNE) FERRETTI\ADOLFO CODIGOS DE BARRAS\2. JPEG Files\745130421717.jpg","0"
"","","JPEG","EN_USO",".jpg","745130421718.jpg","2. JPEG Files","I:\PROYECTOS DE DISEÑO(ADOLFO)\(PIERRE ZEITOUNE) FERRETTI\ADOLFO CODIGOS DE BARRAS\2. JPEG Files\745130421718.jpg","0"
"","","JPEG","EN_USO",".jpg","745130421719.jpg","2. JPEG Files","I:\PROYECTOS DE DISEÑO(ADOLFO)\(PIERRE ZEITOUNE) FERRETTI\ADOLFO CODIGOS DE BARRAS\2. JPEG Files\745130421719.jpg","0"
"","","JPEG","EN_USO",".jpg","745130421720.jpg","2. JPEG Files","I:\PROYECTOS DE DISEÑO(ADOLFO)\(PIERRE ZEITOUNE) FERRETTI\ADOLFO CODIGOS DE BARRAS\2. JPEG Files\745130421720.jpg","0"
"","","JPEG","EN_USO",".jpg","745130421721.jpg","2. JPEG Files","I:\PROYECTOS DE DISEÑO(ADOLFO)\(PIERRE ZEITOUNE) FERRETTI\ADOLFO CODIGOS DE BARRAS\2. JPEG Files\745130421721.jpg","0"
"","","JPEG","EN_USO",".jpg","745130421722.jpg","2. JPEG Files","I:\PROYECTOS DE DISEÑO(ADOLFO)\(PIERRE ZEITOUNE) FERRETTI\ADOLFO CODIGOS DE BARRAS\2. JPEG Files\745130421722.jpg","0"
"","","JPEG","EN_USO",".jpg","745130421723.jpg","2. JPEG Files","I:\PROYECTOS DE DISEÑO(ADOLFO)\(PIERRE ZEITOUNE) FERRETTI\ADOLFO CODIGOS DE BARRAS\2. JPEG Files\745130421723.jpg","0"
"","","JPEG","EN_USO",".jpg","745130421724.jpg","2. JPEG Files","I:\PROYECTOS DE DISEÑO(ADOLFO)\(PIERRE ZEITOUNE) FERRETTI\ADOLFO CODIGOS DE BARRAS\2. JPEG Files\745130421724.jpg","0"
"","","JPEG","EN_USO",".jpg","745130421725.jpg","2. JPEG Files","I:\PROYECTOS DE DISEÑO(ADOLFO)\(PIERRE ZEITOUNE) FERRETTI\ADOLFO CODIGOS DE BARRAS\2. JPEG Files\745130421725.jpg","0"
"","","JPEG","EN_USO",".jpg","745130421726.jpg","2. JPEG Files","I:\PROYECTOS DE DISEÑO(ADOLFO)\(PIERRE ZEITOUNE) FERRETTI\ADOLFO CODIGOS DE BARRAS\2. JPEG Files\745130421726.jpg","0"
"","","JPEG","EN_USO",".jpg","745130421727.jpg","2. JPEG Files","I:\PROYECTOS DE DISEÑO(ADOLFO)\(PIERRE ZEITOUNE) FERRETTI\ADOLFO CODIGOS DE BARRAS\2. JPEG Files\745130421727.jpg","0"
"","","JPEG","EN_USO",".jpg","745130421728.jpg","2. JPEG Files","I:\PROYECTOS DE DISEÑO(ADOLFO)\(PIERRE ZEITOUNE) FERRETTI\ADOLFO CODIGOS DE BARRAS\2. JPEG Files\745130421728.jpg","0"
"","","JPEG","EN_USO",".jpg","745130421729.jpg","2. JPEG Files","I:\PROYECTOS DE DISEÑO(ADOLFO)\(PIERRE ZEITOUNE) FERRETTI\ADOLFO CODIGOS DE BARRAS\2. JPEG Files\745130421729.jpg","0"
"","","JPEG","EN_USO",".jpg","745130421730.jpg","2. JPEG Files","I:\PROYECTOS DE DISEÑO(ADOLFO)\(PIERRE ZEITOUNE) FERRETTI\ADOLFO CODIGOS DE BARRAS\2. JPEG Files\745130421730.jpg","0"
"","","JPEG","EN_USO",".jpg","745130421731.jpg","2. JPEG Files","I:\PROYECTOS DE DISEÑO(ADOLFO)\(PIERRE ZEITOUNE) FERRETTI\ADOLFO CODIGOS DE BARRAS\2. JPEG Files\745130421731.jpg","0"
"","","JPEG","EN_USO",".jpg","745130421732.jpg","2. JPEG Files","I:\PROYECTOS DE DISEÑO(ADOLFO)\(PIERRE ZEITOUNE) FERRETTI\ADOLFO CODIGOS DE BARRAS\2. JPEG Files\745130421732.jpg","0"
"","","JPEG","EN_USO",".jpg","745130421743.jpg","2. JPEG Files","I:\PROYECTOS DE DISEÑO(ADOLFO)\(PIERRE ZEITOUNE) FERRETTI\ADOLFO CODIGOS DE BARRAS\2. JPEG Files\745130421743.jpg","0"
"","","PDF","EN_USO",".pdf","745130421244.pdf","3. PDF Files","I:\PROYECTOS DE DISEÑO(ADOLFO)\(PIERRE ZEITOUNE) FERRETTI\ADOLFO CODIGOS DE BARRAS\3. PDF Files\745130421244.pdf","0"
"","","PDF","EN_USO",".pdf","745130421245.pdf","3. PDF Files","I:\PROYECTOS DE DISEÑO(ADOLFO)\(PIERRE ZEITOUNE) FERRETTI\ADOLFO CODIGOS DE BARRAS\3. PDF Files\745130421245.pdf","0"
"","","PDF","EN_USO",".pdf","745130421246.pdf","3. PDF Files","I:\PROYECTOS DE DISEÑO(ADOLFO)\(PIERRE ZEITOUNE) FERRETTI\ADOLFO CODIGOS DE BARRAS\3. PDF Files\745130421246.pdf","0"
"","","PDF","EN_USO",".pdf","745130421247.pdf","3. PDF Files","I:\PROYECTOS DE DISEÑO(ADOLFO)\(PIERRE ZEITOUNE) FERRETTI\ADOLFO CODIGOS DE BARRAS\3. PDF Files\745130421247.pdf","0"
"","","PDF","EN_USO",".pdf","745130421248.pdf","3. PDF Files","I:\PROYECTOS DE DISEÑO(ADOLFO)\(PIERRE ZEITOUNE) FERRETTI\ADOLFO CODIGOS DE BARRAS\3. PDF Files\745130421248.pdf","0"
"","","PDF","EN_USO",".pdf","745130421249.pdf","3. PDF Files","I:\PROYECTOS DE DISEÑO(ADOLFO)\(PIERRE ZEITOUNE) FERRETTI\ADOLFO CODIGOS DE BARRAS\3. PDF Files\745130421249.pdf","0"
"","","PDF","EN_USO",".pdf","745130421250.pdf","3. PDF Files","I:\PROYECTOS DE DISEÑO(ADOLFO)\(PIERRE ZEITOUNE) FERRETTI\ADOLFO CODIGOS DE BARRAS\3. PDF Files\745130421250.pdf","0"
"","","PDF","EN_USO",".pdf","745130421251.pdf","3. PDF Files","I:\PROYECTOS DE DISEÑO(ADOLFO)\(PIERRE ZEITOUNE) FERRETTI\ADOLFO CODIGOS DE BARRAS\3. PDF Files\745130421251.pdf","0"
"","","PDF","EN_USO",".pdf","745130421252.pdf","3. PDF Files","I:\PROYECTOS DE DISEÑO(ADOLFO)\(PIERRE ZEITOUNE) FERRETTI\ADOLFO CODIGOS DE BARRAS\3. PDF Files\745130421252.pdf","0"
"","","PDF","EN_USO",".pdf","745130421253.pdf","3. PDF Files","I:\PROYECTOS DE DISEÑO(ADOLFO)\(PIERRE ZEITOUNE) FERRETTI\ADOLFO CODIGOS DE BARRAS\3. PDF Files\745130421253.pdf","0"
"","","PDF","EN_USO",".pdf","745130421254.pdf","3. PDF Files","I:\PROYECTOS DE DISEÑO(ADOLFO)\(PIERRE ZEITOUNE) FERRETTI\ADOLFO CODIGOS DE BARRAS\3. PDF Files\745130421254.pdf","0"
"","","PDF","EN_USO",".pdf","745130421255.pdf","3. PDF Files","I:\PROYECTOS DE DISEÑO(ADOLFO)\(PIERRE ZEITOUNE) FERRETTI\ADOLFO CODIGOS DE BARRAS\3. PDF Files\745130421255.pdf","0"
"","","PDF","EN_USO",".pdf","745130421256.pdf","3. PDF Files","I:\PROYECTOS DE DISEÑO(ADOLFO)\(PIERRE ZEITOUNE) FERRETTI\ADOLFO CODIGOS DE BARRAS\3. PDF Files\745130421256.pdf","0"
"","","PDF","EN_USO",".pdf","745130421257.pdf","3. PDF Files","I:\PROYECTOS DE DISEÑO(ADOLFO)\(PIERRE ZEITOUNE) FERRETTI\ADOLFO CODIGOS DE BARRAS\3. PDF Files\745130421257.pdf","0"
"","","PDF","EN_USO",".pdf","745130421261.pdf","3. PDF Files","I:\PROYECTOS DE DISEÑO(ADOLFO)\(PIERRE ZEITOUNE) FERRETTI\ADOLFO CODIGOS DE BARRAS\3. PDF Files\745130421261.pdf","0"
"","","PDF","EN_USO",".pdf","745130421262.pdf","3. PDF Files","I:\PROYECTOS DE DISEÑO(ADOLFO)\(PIERRE ZEITOUNE) FERRETTI\ADOLFO CODIGOS DE BARRAS\3. PDF Files\745130421262.pdf","0"
"","","PDF","EN_USO",".pdf","745130421263.pdf","3. PDF Files","I:\PROYECTOS DE DISEÑO(ADOLFO)\(PIERRE ZEITOUNE) FERRETTI\ADOLFO CODIGOS DE BARRAS\3. PDF Files\745130421263.pdf","0"
"","","PDF","EN_USO",".pdf","745130421264.pdf","3. PDF Files","I:\PROYECTOS DE DISEÑO(ADOLFO)\(PIERRE ZEITOUNE) FERRETTI\ADOLFO CODIGOS DE BARRAS\3. PDF Files\745130421264.pdf","0"
"","","PDF","EN_USO",".pdf","745130421265.pdf","3. PDF Files","I:\PROYECTOS DE DISEÑO(ADOLFO)\(PIERRE ZEITOUNE) FERRETTI\ADOLFO CODIGOS DE BARRAS\3. PDF Files\745130421265.pdf","0"
"","","PDF","EN_USO",".pdf","745130421266.pdf","3. PDF Files","I:\PROYECTOS DE DISEÑO(ADOLFO)\(PIERRE ZEITOUNE) FERRETTI\ADOLFO CODIGOS DE BARRAS\3. PDF Files\745130421266.pdf","0"
"","","PDF","EN_USO",".pdf","745130421267.pdf","3. PDF Files","I:\PROYECTOS DE DISEÑO(ADOLFO)\(PIERRE ZEITOUNE) FERRETTI\ADOLFO CODIGOS DE BARRAS\3. PDF Files\745130421267.pdf","0"
"","","PDF","EN_USO",".pdf","745130421268.pdf","3. PDF Files","I:\PROYECTOS DE DISEÑO(ADOLFO)\(PIERRE ZEITOUNE) FERRETTI\ADOLFO CODIGOS DE BARRAS\3. PDF Files\745130421268.pdf","0"
"","","PDF","EN_USO",".pdf","745130421269.pdf","3. PDF Files","I:\PROYECTOS DE DISEÑO(ADOLFO)\(PIERRE ZEITOUNE) FERRETTI\ADOLFO CODIGOS DE BARRAS\3. PDF Files\745130421269.pdf","0"
"","","PDF","EN_USO",".pdf","745130421270.pdf","3. PDF Files","I:\PROYECTOS DE DISEÑO(ADOLFO)\(PIERRE ZEITOUNE) FERRETTI\ADOLFO CODIGOS DE BARRAS\3. PDF Files\745130421270.pdf","0"
"","","PDF","EN_USO",".pdf","745130421271.pdf","3. PDF Files","I:\PROYECTOS DE DISEÑO(ADOLFO)\(PIERRE ZEITOUNE) FERRETTI\ADOLFO CODIGOS DE BARRAS\3. PDF Files\745130421271.pdf","0"
"","","PDF","EN_USO",".pdf","745130421272.pdf","3. PDF Files","I:\PROYECTOS DE DISEÑO(ADOLFO)\(PIERRE ZEITOUNE) FERRETTI\ADOLFO CODIGOS DE BARRAS\3. PDF Files\745130421272.pdf","0"
"","","PDF","EN_USO",".pdf","745130421275.pdf","3. PDF Files","I:\PROYECTOS DE DISEÑO(ADOLFO)\(PIERRE ZEITOUNE) FERRETTI\ADOLFO CODIGOS DE BARRAS\3. PDF Files\745130421275.pdf","0"
"","","PDF","EN_USO",".pdf","745130421276.pdf","3. PDF Files","I:\PROYECTOS DE DISEÑO(ADOLFO)\(PIERRE ZEITOUNE) FERRETTI\ADOLFO CODIGOS DE BARRAS\3. PDF Files\745130421276.pdf","0"
"","","PDF","EN_USO",".pdf","745130421277.pdf","3. PDF Files","I:\PROYECTOS DE DISEÑO(ADOLFO)\(PIERRE ZEITOUNE) FERRETTI\ADOLFO CODIGOS DE BARRAS\3. PDF Files\745130421277.pdf","0"
"","","PDF","EN_USO",".pdf","745130421278.pdf","3. PDF Files","I:\PROYECTOS DE DISEÑO(ADOLFO)\(PIERRE ZEITOUNE) FERRETTI\ADOLFO CODIGOS DE BARRAS\3. PDF Files\745130421278.pdf","0"
"","","PDF","EN_USO",".pdf","745130421279.pdf","3. PDF Files","I:\PROYECTOS DE DISEÑO(ADOLFO)\(PIERRE ZEITOUNE) FERRETTI\ADOLFO CODIGOS DE BARRAS\3. PDF Files\745130421279.pdf","0"
"","","PDF","EN_USO",".pdf","745130421280.pdf","3. PDF Files","I:\PROYECTOS DE DISEÑO(ADOLFO)\(PIERRE ZEITOUNE) FERRETTI\ADOLFO CODIGOS DE BARRAS\3. PDF Files\745130421280.pdf","0"
"","","PDF","EN_USO",".pdf","745130421281.pdf","3. PDF Files","I:\PROYECTOS DE DISEÑO(ADOLFO)\(PIERRE ZEITOUNE) FERRETTI\ADOLFO CODIGOS DE BARRAS\3. PDF Files\745130421281.pdf","0"
"","","PDF","EN_USO",".pdf","745130421282.pdf","3. PDF Files","I:\PROYECTOS DE DISEÑO(ADOLFO)\(PIERRE ZEITOUNE) FERRETTI\ADOLFO CODIGOS DE BARRAS\3. PDF Files\745130421282.pdf","0"
"","","PDF","EN_USO",".pdf","745130421283.pdf","3. PDF Files","I:\PROYECTOS DE DISEÑO(ADOLFO)\(PIERRE ZEITOUNE) FERRETTI\ADOLFO CODIGOS DE BARRAS\3. PDF Files\745130421283.pdf","0"
"","","PDF","EN_USO",".pdf","745130421284.pdf","3. PDF Files","I:\PROYECTOS DE DISEÑO(ADOLFO)\(PIERRE ZEITOUNE) FERRETTI\ADOLFO CODIGOS DE BARRAS\3. PDF Files\745130421284.pdf","0"
"","","PDF","EN_USO",".pdf","745130421289.pdf","3. PDF Files","I:\PROYECTOS DE DISEÑO(ADOLFO)\(PIERRE ZEITOUNE) FERRETTI\ADOLFO CODIGOS DE BARRAS\3. PDF Files\745130421289.pdf","0"
"","","PDF","EN_USO",".pdf","745130421293.pdf","3. PDF Files","I:\PROYECTOS DE DISEÑO(ADOLFO)\(PIERRE ZEITOUNE) FERRETTI\ADOLFO CODIGOS DE BARRAS\3. PDF Files\745130421293.pdf","0"
"","","PDF","EN_USO",".pdf","745130421294.pdf","3. PDF Files","I:\PROYECTOS DE DISEÑO(ADOLFO)\(PIERRE ZEITOUNE) FERRETTI\ADOLFO CODIGOS DE BARRAS\3. PDF Files\745130421294.pdf","0"
"","","PDF","EN_USO",".pdf","745130421295.pdf","3. PDF Files","I:\PROYECTOS DE DISEÑO(ADOLFO)\(PIERRE ZEITOUNE) FERRETTI\ADOLFO CODIGOS DE BARRAS\3. PDF Files\745130421295.pdf","0"
"","","PDF","EN_USO",".pdf","745130421296.pdf","3. PDF Files","I:\PROYECTOS DE DISEÑO(ADOLFO)\(PIERRE ZEITOUNE) FERRETTI\ADOLFO CODIGOS DE BARRAS\3. PDF Files\745130421296.pdf","0"
"","","PDF","EN_USO",".pdf","745130421297.pdf","3. PDF Files","I:\PROYECTOS DE DISEÑO(ADOLFO)\(PIERRE ZEITOUNE) FERRETTI\ADOLFO CODIGOS DE BARRAS\3. PDF Files\745130421297.pdf","0"
"","","PDF","EN_USO",".pdf","745130421298.pdf","3. PDF Files","I:\PROYECTOS DE DISEÑO(ADOLFO)\(PIERRE ZEITOUNE) FERRETTI\ADOLFO CODIGOS DE BARRAS\3. PDF Files\745130421298.pdf","0"
"","","PDF","EN_USO",".pdf","745130421299.pdf","3. PDF Files","I:\PROYECTOS DE DISEÑO(ADOLFO)\(PIERRE ZEITOUNE) FERRETTI\ADOLFO CODIGOS DE BARRAS\3. PDF Files\745130421299.pdf","0"
"","","PDF","EN_USO",".pdf","745130421300.pdf","3. PDF Files","I:\PROYECTOS DE DISEÑO(ADOLFO)\(PIERRE ZEITOUNE) FERRETTI\ADOLFO CODIGOS DE BARRAS\3. PDF Files\745130421300.pdf","0"
"","","PDF","EN_USO",".pdf","745130421303.pdf","3. PDF Files","I:\PROYECTOS DE DISEÑO(ADOLFO)\(PIERRE ZEITOUNE) FERRETTI\ADOLFO CODIGOS DE BARRAS\3. PDF Files\745130421303.pdf","0"
"","","PDF","EN_USO",".pdf","745130421304.pdf","3. PDF Files","I:\PROYECTOS DE DISEÑO(ADOLFO)\(PIERRE ZEITOUNE) FERRETTI\ADOLFO CODIGOS DE BARRAS\3. PDF Files\745130421304.pdf","0"
"","","PDF","EN_USO",".pdf","745130421305.pdf","3. PDF Files","I:\PROYECTOS DE DISEÑO(ADOLFO)\(PIERRE ZEITOUNE) FERRETTI\ADOLFO CODIGOS DE BARRAS\3. PDF Files\745130421305.pdf","0"
"","","PDF","EN_USO",".pdf","745130421306.pdf","3. PDF Files","I:\PROYECTOS DE DISEÑO(ADOLFO)\(PIERRE ZEITOUNE) FERRETTI\ADOLFO CODIGOS DE BARRAS\3. PDF Files\745130421306.pdf","0"
"","","PDF","EN_USO",".pdf","745130421307.pdf","3. PDF Files","I:\PROYECTOS DE DISEÑO(ADOLFO)\(PIERRE ZEITOUNE) FERRETTI\ADOLFO CODIGOS DE BARRAS\3. PDF Files\745130421307.pdf","0"
"","","PDF","EN_USO",".pdf","745130421308.pdf","3. PDF Files","I:\PROYECTOS DE DISEÑO(ADOLFO)\(PIERRE ZEITOUNE) FERRETTI\ADOLFO CODIGOS DE BARRAS\3. PDF Files\745130421308.pdf","0"
"","","PDF","EN_USO",".pdf","745130421309.pdf","3. PDF Files","I:\PROYECTOS DE DISEÑO(ADOLFO)\(PIERRE ZEITOUNE) FERRETTI\ADOLFO CODIGOS DE BARRAS\3. PDF Files\745130421309.pdf","0"
"","","PDF","EN_USO",".pdf","745130421310.pdf","3. PDF Files","I:\PROYECTOS DE DISEÑO(ADOLFO)\(PIERRE ZEITOUNE) FERRETTI\ADOLFO CODIGOS DE BARRAS\3. PDF Files\745130421310.pdf","0"
"","","PDF","EN_USO",".pdf","745130421311.pdf","3. PDF Files","I:\PROYECTOS DE DISEÑO(ADOLFO)\(PIERRE ZEITOUNE) FERRETTI\ADOLFO CODIGOS DE BARRAS\3. PDF Files\745130421311.pdf","0"
"","","PDF","EN_USO",".pdf","745130421312.pdf","3. PDF Files","I:\PROYECTOS DE DISEÑO(ADOLFO)\(PIERRE ZEITOUNE) FERRETTI\ADOLFO CODIGOS DE BARRAS\3. PDF Files\745130421312.pdf","0"
"","","PDF","EN_USO",".pdf","745130421313.pdf","3. PDF Files","I:\PROYECTOS DE DISEÑO(ADOLFO)\(PIERRE ZEITOUNE) FERRETTI\ADOLFO CODIGOS DE BARRAS\3. PDF Files\745130421313.pdf","0"
"","","PDF","EN_USO",".pdf","745130421314.pdf","3. PDF Files","I:\PROYECTOS DE DISEÑO(ADOLFO)\(PIERRE ZEITOUNE) FERRETTI\ADOLFO CODIGOS DE BARRAS\3. PDF Files\745130421314.pdf","0"
"","","PDF","EN_USO",".pdf","745130421315.pdf","3. PDF Files","I:\PROYECTOS DE DISEÑO(ADOLFO)\(PIERRE ZEITOUNE) FERRETTI\ADOLFO CODIGOS DE BARRAS\3. PDF Files\745130421315.pdf","0"
"","","PDF","EN_USO",".pdf","745130421316.pdf","3. PDF Files","I:\PROYECTOS DE DISEÑO(ADOLFO)\(PIERRE ZEITOUNE) FERRETTI\ADOLFO CODIGOS DE BARRAS\3. PDF Files\745130421316.pdf","0"
"","","PDF","EN_USO",".pdf","745130421317.pdf","3. PDF Files","I:\PROYECTOS DE DISEÑO(ADOLFO)\(PIERRE ZEITOUNE) FERRETTI\ADOLFO CODIGOS DE BARRAS\3. PDF Files\745130421317.pdf","0"
"","","PDF","EN_USO",".pdf","745130421318.pdf","3. PDF Files","I:\PROYECTOS DE DISEÑO(ADOLFO)\(PIERRE ZEITOUNE) FERRETTI\ADOLFO CODIGOS DE BARRAS\3. PDF Files\745130421318.pdf","0"
"","","PDF","EN_USO",".pdf","745130421319.pdf","3. PDF Files","I:\PROYECTOS DE DISEÑO(ADOLFO)\(PIERRE ZEITOUNE) FERRETTI\ADOLFO CODIGOS DE BARRAS\3. PDF Files\745130421319.pdf","0"
"","","PDF","EN_USO",".pdf","745130421320.pdf","3. PDF Files","I:\PROYECTOS DE DISEÑO(ADOLFO)\(PIERRE ZEITOUNE) FERRETTI\ADOLFO CODIGOS DE BARRAS\3. PDF Files\745130421320.pdf","0"
"","","PDF","EN_USO",".pdf","745130421321.pdf","3. PDF Files","I:\PROYECTOS DE DISEÑO(ADOLFO)\(PIERRE ZEITOUNE) FERRETTI\ADOLFO CODIGOS DE BARRAS\3. PDF Files\745130421321.pdf","0"
"","","PDF","EN_USO",".pdf","745130421322.pdf","3. PDF Files","I:\PROYECTOS DE DISEÑO(ADOLFO)\(PIERRE ZEITOUNE) FERRETTI\ADOLFO CODIGOS DE BARRAS\3. PDF Files\745130421322.pdf","0"
"","","PDF","EN_USO",".pdf","745130421323.pdf","3. PDF Files","I:\PROYECTOS DE DISEÑO(ADOLFO)\(PIERRE ZEITOUNE) FERRETTI\ADOLFO CODIGOS DE BARRAS\3. PDF Files\745130421323.pdf","0"
"","","PDF","EN_USO",".pdf","745130421324.pdf","3. PDF Files","I:\PROYECTOS DE DISEÑO(ADOLFO)\(PIERRE ZEITOUNE) FERRETTI\ADOLFO CODIGOS DE BARRAS\3. PDF Files\745130421324.pdf","0"
"","","PDF","EN_USO",".pdf","745130421325.pdf","3. PDF Files","I:\PROYECTOS DE DISEÑO(ADOLFO)\(PIERRE ZEITOUNE) FERRETTI\ADOLFO CODIGOS DE BARRAS\3. PDF Files\745130421325.pdf","0"
"","","PDF","EN_USO",".pdf","745130421326.pdf","3. PDF Files","I:\PROYECTOS DE DISEÑO(ADOLFO)\(PIERRE ZEITOUNE) FERRETTI\ADOLFO CODIGOS DE BARRAS\3. PDF Files\745130421326.pdf","0"
"","","PDF","EN_USO",".pdf","745130421327.pdf","3. PDF Files","I:\PROYECTOS DE DISEÑO(ADOLFO)\(PIERRE ZEITOUNE) FERRETTI\ADOLFO CODIGOS DE BARRAS\3. PDF Files\745130421327.pdf","0"
"","","PDF","EN_USO",".pdf","745130421328.pdf","3. PDF Files","I:\PROYECTOS DE DISEÑO(ADOLFO)\(PIERRE ZEITOUNE) FERRETTI\ADOLFO CODIGOS DE BARRAS\3. PDF Files\745130421328.pdf","0"
"","","PDF","EN_USO",".pdf","745130421329.pdf","3. PDF Files","I:\PROYECTOS DE DISEÑO(ADOLFO)\(PIERRE ZEITOUNE) FERRETTI\ADOLFO CODIGOS DE BARRAS\3. PDF Files\745130421329.pdf","0"
"","","PDF","EN_USO",".pdf","745130421330.pdf","3. PDF Files","I:\PROYECTOS DE DISEÑO(ADOLFO)\(PIERRE ZEITOUNE) FERRETTI\ADOLFO CODIGOS DE BARRAS\3. PDF Files\745130421330.pdf","0"
"","","PDF","EN_USO",".pdf","745130421331.pdf","3. PDF Files","I:\PROYECTOS DE DISEÑO(ADOLFO)\(PIERRE ZEITOUNE) FERRETTI\ADOLFO CODIGOS DE BARRAS\3. PDF Files\745130421331.pdf","0"
"","","PDF","EN_USO",".pdf","745130421332.pdf","3. PDF Files","I:\PROYECTOS DE DISEÑO(ADOLFO)\(PIERRE ZEITOUNE) FERRETTI\ADOLFO CODIGOS DE BARRAS\3. PDF Files\745130421332.pdf","0"
"","","PDF","EN_USO",".pdf","745130421333.pdf","3. PDF Files","I:\PROYECTOS DE DISEÑO(ADOLFO)\(PIERRE ZEITOUNE) FERRETTI\ADOLFO CODIGOS DE BARRAS\3. PDF Files\745130421333.pdf","0"
"","","PDF","EN_USO",".pdf","745130421334.pdf","3. PDF Files","I:\PROYECTOS DE DISEÑO(ADOLFO)\(PIERRE ZEITOUNE) FERRETTI\ADOLFO CODIGOS DE BARRAS\3. PDF Files\745130421334.pdf","0"
"","","PDF","EN_USO",".pdf","745130421335.pdf","3. PDF Files","I:\PROYECTOS DE DISEÑO(ADOLFO)\(PIERRE ZEITOUNE) FERRETTI\ADOLFO CODIGOS DE BARRAS\3. PDF Files\745130421335.pdf","0"
"","","PDF","EN_USO",".pdf","745130421336.pdf","3. PDF Files","I:\PROYECTOS DE DISEÑO(ADOLFO)\(PIERRE ZEITOUNE) FERRETTI\ADOLFO CODIGOS DE BARRAS\3. PDF Files\745130421336.pdf","0"
"","","PDF","EN_USO",".pdf","745130421337.pdf","3. PDF Files","I:\PROYECTOS DE DISEÑO(ADOLFO)\(PIERRE ZEITOUNE) FERRETTI\ADOLFO CODIGOS DE BARRAS\3. PDF Files\745130421337.pdf","0"
"","","PDF","EN_USO",".pdf","745130421339.pdf","3. PDF Files","I:\PROYECTOS DE DISEÑO(ADOLFO)\(PIERRE ZEITOUNE) FERRETTI\ADOLFO CODIGOS DE BARRAS\3. PDF Files\745130421339.pdf","0"
"","","PDF","EN_USO",".pdf","745130421341.pdf","3. PDF Files","I:\PROYECTOS DE DISEÑO(ADOLFO)\(PIERRE ZEITOUNE) FERRETTI\ADOLFO CODIGOS DE BARRAS\3. PDF Files\745130421341.pdf","0"
"","","PDF","EN_USO",".pdf","745130421342.pdf","3. PDF Files","I:\PROYECTOS DE DISEÑO(ADOLFO)\(PIERRE ZEITOUNE) FERRETTI\ADOLFO CODIGOS DE BARRAS\3. PDF Files\745130421342.pdf","0"
"","","PDF","EN_USO",".pdf","745130421343.pdf","3. PDF Files","I:\PROYECTOS DE DISEÑO(ADOLFO)\(PIERRE ZEITOUNE) FERRETTI\ADOLFO CODIGOS DE BARRAS\3. PDF Files\745130421343.pdf","0"
"","","PDF","EN_USO",".pdf","745130421344.pdf","3. PDF Files","I:\PROYECTOS DE DISEÑO(ADOLFO)\(PIERRE ZEITOUNE) FERRETTI\ADOLFO CODIGOS DE BARRAS\3. PDF Files\745130421344.pdf","0"
"","","PDF","EN_USO",".pdf","745130421345.pdf","3. PDF Files","I:\PROYECTOS DE DISEÑO(ADOLFO)\(PIERRE ZEITOUNE) FERRETTI\ADOLFO CODIGOS DE BARRAS\3. PDF Files\745130421345.pdf","0"
"","","PDF","EN_USO",".pdf","745130421346.pdf","3. PDF Files","I:\PROYECTOS DE DISEÑO(ADOLFO)\(PIERRE ZEITOUNE) FERRETTI\ADOLFO CODIGOS DE BARRAS\3. PDF Files\745130421346.pdf","0"
"","","PDF","EN_USO",".pdf","745130421347.pdf","3. PDF Files","I:\PROYECTOS DE DISEÑO(ADOLFO)\(PIERRE ZEITOUNE) FERRETTI\ADOLFO CODIGOS DE BARRAS\3. PDF Files\745130421347.pdf","0"
"","","PDF","EN_USO",".pdf","745130421348.pdf","3. PDF Files","I:\PROYECTOS DE DISEÑO(ADOLFO)\(PIERRE ZEITOUNE) FERRETTI\ADOLFO CODIGOS DE BARRAS\3. PDF Files\745130421348.pdf","0"
"","","PDF","EN_USO",".pdf","745130421349.pdf","3. PDF Files","I:\PROYECTOS DE DISEÑO(ADOLFO)\(PIERRE ZEITOUNE) FERRETTI\ADOLFO CODIGOS DE BARRAS\3. PDF Files\745130421349.pdf","0"
"","","PDF","EN_USO",".pdf","745130421350.pdf","3. PDF Files","I:\PROYECTOS DE DISEÑO(ADOLFO)\(PIERRE ZEITOUNE) FERRETTI\ADOLFO CODIGOS DE BARRAS\3. PDF Files\745130421350.pdf","0"
"","","PDF","EN_USO",".pdf","745130421351.pdf","3. PDF Files","I:\PROYECTOS DE DISEÑO(ADOLFO)\(PIERRE ZEITOUNE) FERRETTI\ADOLFO CODIGOS DE BARRAS\3. PDF Files\745130421351.pdf","0"
"","","PDF","EN_USO",".pdf","745130421352.pdf","3. PDF Files","I:\PROYECTOS DE DISEÑO(ADOLFO)\(PIERRE ZEITOUNE) FERRETTI\ADOLFO CODIGOS DE BARRAS\3. PDF Files\745130421352.pdf","0"
"","","PDF","EN_USO",".pdf","745130421384.pdf","3. PDF Files","I:\PROYECTOS DE DISEÑO(ADOLFO)\(PIERRE ZEITOUNE) FERRETTI\ADOLFO CODIGOS DE BARRAS\3. PDF Files\745130421384.pdf","0"
"","","PDF","EN_USO",".pdf","745130421385.pdf","3. PDF Files","I:\PROYECTOS DE DISEÑO(ADOLFO)\(PIERRE ZEITOUNE) FERRETTI\ADOLFO CODIGOS DE BARRAS\3. PDF Files\745130421385.pdf","0"
"","","PDF","EN_USO",".pdf","745130421386.pdf","3. PDF Files","I:\PROYECTOS DE DISEÑO(ADOLFO)\(PIERRE ZEITOUNE) FERRETTI\ADOLFO CODIGOS DE BARRAS\3. PDF Files\745130421386.pdf","0"
"","","PDF","EN_USO",".pdf","745130421387.pdf","3. PDF Files","I:\PROYECTOS DE DISEÑO(ADOLFO)\(PIERRE ZEITOUNE) FERRETTI\ADOLFO CODIGOS DE BARRAS\3. PDF Files\745130421387.pdf","0"
"","","PDF","EN_USO",".pdf","745130421390.pdf","3. PDF Files","I:\PROYECTOS DE DISEÑO(ADOLFO)\(PIERRE ZEITOUNE) FERRETTI\ADOLFO CODIGOS DE BARRAS\3. PDF Files\745130421390.pdf","0"
"","","PDF","EN_USO",".pdf","745130421391.pdf","3. PDF Files","I:\PROYECTOS DE DISEÑO(ADOLFO)\(PIERRE ZEITOUNE) FERRETTI\ADOLFO CODIGOS DE BARRAS\3. PDF Files\745130421391.pdf","0"
"","","PDF","EN_USO",".pdf","745130421392.pdf","3. PDF Files","I:\PROYECTOS DE DISEÑO(ADOLFO)\(PIERRE ZEITOUNE) FERRETTI\ADOLFO CODIGOS DE BARRAS\3. PDF Files\745130421392.pdf","0"
"","","PDF","EN_USO",".pdf","745130421393.pdf","3. PDF Files","I:\PROYECTOS DE DISEÑO(ADOLFO)\(PIERRE ZEITOUNE) FERRETTI\ADOLFO CODIGOS DE BARRAS\3. PDF Files\745130421393.pdf","0"
"","","PDF","EN_USO",".pdf","745130421394.pdf","3. PDF Files","I:\PROYECTOS DE DISEÑO(ADOLFO)\(PIERRE ZEITOUNE) FERRETTI\ADOLFO CODIGOS DE BARRAS\3. PDF Files\745130421394.pdf","0"
"","","PDF","EN_USO",".pdf","745130421395.pdf","3. PDF Files","I:\PROYECTOS DE DISEÑO(ADOLFO)\(PIERRE ZEITOUNE) FERRETTI\ADOLFO CODIGOS DE BARRAS\3. PDF Files\745130421395.pdf","0"
"","","PDF","EN_USO",".pdf","745130421396.pdf","3. PDF Files","I:\PROYECTOS DE DISEÑO(ADOLFO)\(PIERRE ZEITOUNE) FERRETTI\ADOLFO CODIGOS DE BARRAS\3. PDF Files\745130421396.pdf","0"
"","","PDF","EN_USO",".pdf","745130421397.pdf","3. PDF Files","I:\PROYECTOS DE DISEÑO(ADOLFO)\(PIERRE ZEITOUNE) FERRETTI\ADOLFO CODIGOS DE BARRAS\3. PDF Files\745130421397.pdf","0"
"","","PDF","EN_USO",".pdf","745130421398.pdf","3. PDF Files","I:\PROYECTOS DE DISEÑO(ADOLFO)\(PIERRE ZEITOUNE) FERRETTI\ADOLFO CODIGOS DE BARRAS\3. PDF Files\745130421398.pdf","0"
"","","PDF","EN_USO",".pdf","745130421399.pdf","3. PDF Files","I:\PROYECTOS DE DISEÑO(ADOLFO)\(PIERRE ZEITOUNE) FERRETTI\ADOLFO CODIGOS DE BARRAS\3. PDF Files\745130421399.pdf","0"
"","","PDF","EN_USO",".pdf","745130421400.pdf","3. PDF Files","I:\PROYECTOS DE DISEÑO(ADOLFO)\(PIERRE ZEITOUNE) FERRETTI\ADOLFO CODIGOS DE BARRAS\3. PDF Files\745130421400.pdf","0"
"","","PDF","EN_USO",".pdf","745130421401.pdf","3. PDF Files","I:\PROYECTOS DE DISEÑO(ADOLFO)\(PIERRE ZEITOUNE) FERRETTI\ADOLFO CODIGOS DE BARRAS\3. PDF Files\745130421401.pdf","0"
"","","PDF","EN_USO",".pdf","745130421402.pdf","3. PDF Files","I:\PROYECTOS DE DISEÑO(ADOLFO)\(PIERRE ZEITOUNE) FERRETTI\ADOLFO CODIGOS DE BARRAS\3. PDF Files\745130421402.pdf","0"
"","","PDF","EN_USO",".pdf","745130421403.pdf","3. PDF Files","I:\PROYECTOS DE DISEÑO(ADOLFO)\(PIERRE ZEITOUNE) FERRETTI\ADOLFO CODIGOS DE BARRAS\3. PDF Files\745130421403.pdf","0"
"","","PDF","EN_USO",".pdf","745130421404.pdf","3. PDF Files","I:\PROYECTOS DE DISEÑO(ADOLFO)\(PIERRE ZEITOUNE) FERRETTI\ADOLFO CODIGOS DE BARRAS\3. PDF Files\745130421404.pdf","0"
"","","PDF","EN_USO",".pdf","745130421405.pdf","3. PDF Files","I:\PROYECTOS DE DISEÑO(ADOLFO)\(PIERRE ZEITOUNE) FERRETTI\ADOLFO CODIGOS DE BARRAS\3. PDF Files\745130421405.pdf","0"
"","","PDF","EN_USO",".pdf","745130421406.pdf","3. PDF Files","I:\PROYECTOS DE DISEÑO(ADOLFO)\(PIERRE ZEITOUNE) FERRETTI\ADOLFO CODIGOS DE BARRAS\3. PDF Files\745130421406.pdf","0"
"","","PDF","EN_USO",".pdf","745130421407.pdf","3. PDF Files","I:\PROYECTOS DE DISEÑO(ADOLFO)\(PIERRE ZEITOUNE) FERRETTI\ADOLFO CODIGOS DE BARRAS\3. PDF Files\745130421407.pdf","0"
"","","PDF","EN_USO",".pdf","745130421408.pdf","3. PDF Files","I:\PROYECTOS DE DISEÑO(ADOLFO)\(PIERRE ZEITOUNE) FERRETTI\ADOLFO CODIGOS DE BARRAS\3. PDF Files\745130421408.pdf","0"
"","","PDF","EN_USO",".pdf","745130421409.pdf","3. PDF Files","I:\PROYECTOS DE DISEÑO(ADOLFO)\(PIERRE ZEITOUNE) FERRETTI\ADOLFO CODIGOS DE BARRAS\3. PDF Files\745130421409.pdf","0"
"","","PDF","EN_USO",".pdf","745130421410.pdf","3. PDF Files","I:\PROYECTOS DE DISEÑO(ADOLFO)\(PIERRE ZEITOUNE) FERRETTI\ADOLFO CODIGOS DE BARRAS\3. PDF Files\745130421410.pdf","0"
"","","PDF","EN_USO",".pdf","745130421411.pdf","3. PDF Files","I:\PROYECTOS DE DISEÑO(ADOLFO)\(PIERRE ZEITOUNE) FERRETTI\ADOLFO CODIGOS DE BARRAS\3. PDF Files\745130421411.pdf","0"
"","","PDF","EN_USO",".pdf","745130421412.pdf","3. PDF Files","I:\PROYECTOS DE DISEÑO(ADOLFO)\(PIERRE ZEITOUNE) FERRETTI\ADOLFO CODIGOS DE BARRAS\3. PDF Files\745130421412.pdf","0"
"","","PDF","EN_USO",".pdf","745130421413.pdf","3. PDF Files","I:\PROYECTOS DE DISEÑO(ADOLFO)\(PIERRE ZEITOUNE) FERRETTI\ADOLFO CODIGOS DE BARRAS\3. PDF Files\745130421413.pdf","0"
"","","PDF","EN_USO",".pdf","745130421414.pdf","3. PDF Files","I:\PROYECTOS DE DISEÑO(ADOLFO)\(PIERRE ZEITOUNE) FERRETTI\ADOLFO CODIGOS DE BARRAS\3. PDF Files\745130421414.pdf","0"
"","","PDF","EN_USO",".pdf","745130421415.pdf","3. PDF Files","I:\PROYECTOS DE DISEÑO(ADOLFO)\(PIERRE ZEITOUNE) FERRETTI\ADOLFO CODIGOS DE BARRAS\3. PDF Files\745130421415.pdf","0"
"","","PDF","EN_USO",".pdf","745130421416.pdf","3. PDF Files","I:\PROYECTOS DE DISEÑO(ADOLFO)\(PIERRE ZEITOUNE) FERRETTI\ADOLFO CODIGOS DE BARRAS\3. PDF Files\745130421416.pdf","0"
"","","PDF","EN_USO",".pdf","745130421417.pdf","3. PDF Files","I:\PROYECTOS DE DISEÑO(ADOLFO)\(PIERRE ZEITOUNE) FERRETTI\ADOLFO CODIGOS DE BARRAS\3. PDF Files\745130421417.pdf","0"
"","","PDF","EN_USO",".pdf","745130421418.pdf","3. PDF Files","I:\PROYECTOS DE DISEÑO(ADOLFO)\(PIERRE ZEITOUNE) FERRETTI\ADOLFO CODIGOS DE BARRAS\3. PDF Files\745130421418.pdf","0"
"","","PDF","EN_USO",".pdf","745130421419.pdf","3. PDF Files","I:\PROYECTOS DE DISEÑO(ADOLFO)\(PIERRE ZEITOUNE) FERRETTI\ADOLFO CODIGOS DE BARRAS\3. PDF Files\745130421419.pdf","0"
"","","PDF","EN_USO",".pdf","745130421424.pdf","3. PDF Files","I:\PROYECTOS DE DISEÑO(ADOLFO)\(PIERRE ZEITOUNE) FERRETTI\ADOLFO CODIGOS DE BARRAS\3. PDF Files\745130421424.pdf","0"
"","","PDF","EN_USO",".pdf","745130421425.pdf","3. PDF Files","I:\PROYECTOS DE DISEÑO(ADOLFO)\(PIERRE ZEITOUNE) FERRETTI\ADOLFO CODIGOS DE BARRAS\3. PDF Files\745130421425.pdf","0"
"","","PDF","EN_USO",".pdf","745130421426.pdf","3. PDF Files","I:\PROYECTOS DE DISEÑO(ADOLFO)\(PIERRE ZEITOUNE) FERRETTI\ADOLFO CODIGOS DE BARRAS\3. PDF Files\745130421426.pdf","0"
"","","PDF","EN_USO",".pdf","745130421427.pdf","3. PDF Files","I:\PROYECTOS DE DISEÑO(ADOLFO)\(PIERRE ZEITOUNE) FERRETTI\ADOLFO CODIGOS DE BARRAS\3. PDF Files\745130421427.pdf","0"
"","","PDF","EN_USO",".pdf","745130421428.pdf","3. PDF Files","I:\PROYECTOS DE DISEÑO(ADOLFO)\(PIERRE ZEITOUNE) FERRETTI\ADOLFO CODIGOS DE BARRAS\3. PDF Files\745130421428.pdf","0"
"","","PDF","EN_USO",".pdf","745130421429.pdf","3. PDF Files","I:\PROYECTOS DE DISEÑO(ADOLFO)\(PIERRE ZEITOUNE) FERRETTI\ADOLFO CODIGOS DE BARRAS\3. PDF Files\745130421429.pdf","0"
"","","PDF","EN_USO",".pdf","745130421430.pdf","3. PDF Files","I:\PROYECTOS DE DISEÑO(ADOLFO)\(PIERRE ZEITOUNE) FERRETTI\ADOLFO CODIGOS DE BARRAS\3. PDF Files\745130421430.pdf","0"
"","","PDF","EN_USO",".pdf","745130421431.pdf","3. PDF Files","I:\PROYECTOS DE DISEÑO(ADOLFO)\(PIERRE ZEITOUNE) FERRETTI\ADOLFO CODIGOS DE BARRAS\3. PDF Files\745130421431.pdf","0"
"","","PDF","EN_USO",".pdf","745130421432.pdf","3. PDF Files","I:\PROYECTOS DE DISEÑO(ADOLFO)\(PIERRE ZEITOUNE) FERRETTI\ADOLFO CODIGOS DE BARRAS\3. PDF Files\745130421432.pdf","0"
"","","PDF","EN_USO",".pdf","745130421433.pdf","3. PDF Files","I:\PROYECTOS DE DISEÑO(ADOLFO)\(PIERRE ZEITOUNE) FERRETTI\ADOLFO CODIGOS DE BARRAS\3. PDF Files\745130421433.pdf","0"
"","","PDF","EN_USO",".pdf","745130421434.pdf","3. PDF Files","I:\PROYECTOS DE DISEÑO(ADOLFO)\(PIERRE ZEITOUNE) FERRETTI\ADOLFO CODIGOS DE BARRAS\3. PDF Files\745130421434.pdf","0"
"","","PDF","EN_USO",".pdf","745130421435.pdf","3. PDF Files","I:\PROYECTOS DE DISEÑO(ADOLFO)\(PIERRE ZEITOUNE) FERRETTI\ADOLFO CODIGOS DE BARRAS\3. PDF Files\745130421435.pdf","0"
"","","PDF","EN_USO",".pdf","745130421436.pdf","3. PDF Files","I:\PROYECTOS DE DISEÑO(ADOLFO)\(PIERRE ZEITOUNE) FERRETTI\ADOLFO CODIGOS DE BARRAS\3. PDF Files\745130421436.pdf","0"
"","","PDF","EN_USO",".pdf","745130421437.pdf","3. PDF Files","I:\PROYECTOS DE DISEÑO(ADOLFO)\(PIERRE ZEITOUNE) FERRETTI\ADOLFO CODIGOS DE BARRAS\3. PDF Files\745130421437.pdf","0"
"","","PDF","EN_USO",".pdf","745130421438.pdf","3. PDF Files","I:\PROYECTOS DE DISEÑO(ADOLFO)\(PIERRE ZEITOUNE) FERRETTI\ADOLFO CODIGOS DE BARRAS\3. PDF Files\745130421438.pdf","0"
"","","PDF","EN_USO",".pdf","745130421439.pdf","3. PDF Files","I:\PROYECTOS DE DISEÑO(ADOLFO)\(PIERRE ZEITOUNE) FERRETTI\ADOLFO CODIGOS DE BARRAS\3. PDF Files\745130421439.pdf","0"
"","","PDF","EN_USO",".pdf","745130421440.pdf","3. PDF Files","I:\PROYECTOS DE DISEÑO(ADOLFO)\(PIERRE ZEITOUNE) FERRETTI\ADOLFO CODIGOS DE BARRAS\3. PDF Files\745130421440.pdf","0"
"","","PDF","EN_USO",".pdf","745130421441.pdf","3. PDF Files","I:\PROYECTOS DE DISEÑO(ADOLFO)\(PIERRE ZEITOUNE) FERRETTI\ADOLFO CODIGOS DE BARRAS\3. PDF Files\745130421441.pdf","0"
"","","PDF","EN_USO",".pdf","745130421442.pdf","3. PDF Files","I:\PROYECTOS DE DISEÑO(ADOLFO)\(PIERRE ZEITOUNE) FERRETTI\ADOLFO CODIGOS DE BARRAS\3. PDF Files\745130421442.pdf","0"
"","","PDF","EN_USO",".pdf","745130421443.pdf","3. PDF Files","I:\PROYECTOS DE DISEÑO(ADOLFO)\(PIERRE ZEITOUNE) FERRETTI\ADOLFO CODIGOS DE BARRAS\3. PDF Files\745130421443.pdf","0"
"","","PDF","EN_USO",".pdf","745130421444.pdf","3. PDF Files","I:\PROYECTOS DE DISEÑO(ADOLFO)\(PIERRE ZEITOUNE) FERRETTI\ADOLFO CODIGOS DE BARRAS\3. PDF Files\745130421444.pdf","0"
"","","PDF","EN_USO",".pdf","745130421445.pdf","3. PDF Files","I:\PROYECTOS DE DISEÑO(ADOLFO)\(PIERRE ZEITOUNE) FERRETTI\ADOLFO CODIGOS DE BARRAS\3. PDF Files\745130421445.pdf","0"
"","","PDF","EN_USO",".pdf","745130421446.pdf","3. PDF Files","I:\PROYECTOS DE DISEÑO(ADOLFO)\(PIERRE ZEITOUNE) FERRETTI\ADOLFO CODIGOS DE BARRAS\3. PDF Files\745130421446.pdf","0"
"","","PDF","EN_USO",".pdf","745130421447.pdf","3. PDF Files","I:\PROYECTOS DE DISEÑO(ADOLFO)\(PIERRE ZEITOUNE) FERRETTI\ADOLFO CODIGOS DE BARRAS\3. PDF Files\745130421447.pdf","0"
"","","PDF","EN_USO",".pdf","745130421448.pdf","3. PDF Files","I:\PROYECTOS DE DISEÑO(ADOLFO)\(PIERRE ZEITOUNE) FERRETTI\ADOLFO CODIGOS DE BARRAS\3. PDF Files\745130421448.pdf","0"
"","","PDF","EN_USO",".pdf","745130421449.pdf","3. PDF Files","I:\PROYECTOS DE DISEÑO(ADOLFO)\(PIERRE ZEITOUNE) FERRETTI\ADOLFO CODIGOS DE BARRAS\3. PDF Files\745130421449.pdf","0"
"","","PDF","EN_USO",".pdf","745130421450.pdf","3. PDF Files","I:\PROYECTOS DE DISEÑO(ADOLFO)\(PIERRE ZEITOUNE) FERRETTI\ADOLFO CODIGOS DE BARRAS\3. PDF Files\745130421450.pdf","0"
"","","PDF","EN_USO",".pdf","745130421451.pdf","3. PDF Files","I:\PROYECTOS DE DISEÑO(ADOLFO)\(PIERRE ZEITOUNE) FERRETTI\ADOLFO CODIGOS DE BARRAS\3. PDF Files\745130421451.pdf","0"
"","","PDF","EN_USO",".pdf","745130421452.pdf","3. PDF Files","I:\PROYECTOS DE DISEÑO(ADOLFO)\(PIERRE ZEITOUNE) FERRETTI\ADOLFO CODIGOS DE BARRAS\3. PDF Files\745130421452.pdf","0"
"","","PDF","EN_USO",".pdf","745130421453.pdf","3. PDF Files","I:\PROYECTOS DE DISEÑO(ADOLFO)\(PIERRE ZEITOUNE) FERRETTI\ADOLFO CODIGOS DE BARRAS\3. PDF Files\745130421453.pdf","0"
"","","PDF","EN_USO",".pdf","745130421454.pdf","3. PDF Files","I:\PROYECTOS DE DISEÑO(ADOLFO)\(PIERRE ZEITOUNE) FERRETTI\ADOLFO CODIGOS DE BARRAS\3. PDF Files\745130421454.pdf","0"
"","","PDF","EN_USO",".pdf","745130421455.pdf","3. PDF Files","I:\PROYECTOS DE DISEÑO(ADOLFO)\(PIERRE ZEITOUNE) FERRETTI\ADOLFO CODIGOS DE BARRAS\3. PDF Files\745130421455.pdf","0"
"","","PDF","EN_USO",".pdf","745130421456.pdf","3. PDF Files","I:\PROYECTOS DE DISEÑO(ADOLFO)\(PIERRE ZEITOUNE) FERRETTI\ADOLFO CODIGOS DE BARRAS\3. PDF Files\745130421456.pdf","0"
"","","PDF","EN_USO",".pdf","745130421457.pdf","3. PDF Files","I:\PROYECTOS DE DISEÑO(ADOLFO)\(PIERRE ZEITOUNE) FERRETTI\ADOLFO CODIGOS DE BARRAS\3. PDF Files\745130421457.pdf","0"
"","","PDF","EN_USO",".pdf","745130421458.pdf","3. PDF Files","I:\PROYECTOS DE DISEÑO(ADOLFO)\(PIERRE ZEITOUNE) FERRETTI\ADOLFO CODIGOS DE BARRAS\3. PDF Files\745130421458.pdf","0"
"","","PDF","EN_USO",".pdf","745130421459.pdf","3. PDF Files","I:\PROYECTOS DE DISEÑO(ADOLFO)\(PIERRE ZEITOUNE) FERRETTI\ADOLFO CODIGOS DE BARRAS\3. PDF Files\745130421459.pdf","0"
"","","PDF","EN_USO",".pdf","745130421460.pdf","3. PDF Files","I:\PROYECTOS DE DISEÑO(ADOLFO)\(PIERRE ZEITOUNE) FERRETTI\ADOLFO CODIGOS DE BARRAS\3. PDF Files\745130421460.pdf","0"
"","","PDF","EN_USO",".pdf","745130421461.pdf","3. PDF Files","I:\PROYECTOS DE DISEÑO(ADOLFO)\(PIERRE ZEITOUNE) FERRETTI\ADOLFO CODIGOS DE BARRAS\3. PDF Files\745130421461.pdf","0"
"","","PDF","EN_USO",".pdf","745130421462.pdf","3. PDF Files","I:\PROYECTOS DE DISEÑO(ADOLFO)\(PIERRE ZEITOUNE) FERRETTI\ADOLFO CODIGOS DE BARRAS\3. PDF Files\745130421462.pdf","0"
"","","PDF","EN_USO",".pdf","745130421463.pdf","3. PDF Files","I:\PROYECTOS DE DISEÑO(ADOLFO)\(PIERRE ZEITOUNE) FERRETTI\ADOLFO CODIGOS DE BARRAS\3. PDF Files\745130421463.pdf","0"
"","","PDF","EN_USO",".pdf","745130421464.pdf","3. PDF Files","I:\PROYECTOS DE DISEÑO(ADOLFO)\(PIERRE ZEITOUNE) FERRETTI\ADOLFO CODIGOS DE BARRAS\3. PDF Files\745130421464.pdf","0"
"","","PDF","EN_USO",".pdf","745130421465.pdf","3. PDF Files","I:\PROYECTOS DE DISEÑO(ADOLFO)\(PIERRE ZEITOUNE) FERRETTI\ADOLFO CODIGOS DE BARRAS\3. PDF Files\745130421465.pdf","0"
"","","PDF","EN_USO",".pdf","745130421466.pdf","3. PDF Files","I:\PROYECTOS DE DISEÑO(ADOLFO)\(PIERRE ZEITOUNE) FERRETTI\ADOLFO CODIGOS DE BARRAS\3. PDF Files\745130421466.pdf","0"
"","","PDF","EN_USO",".pdf","745130421467.pdf","3. PDF Files","I:\PROYECTOS DE DISEÑO(ADOLFO)\(PIERRE ZEITOUNE) FERRETTI\ADOLFO CODIGOS DE BARRAS\3. PDF Files\745130421467.pdf","0"
"","","PDF","EN_USO",".pdf","745130421468.pdf","3. PDF Files","I:\PROYECTOS DE DISEÑO(ADOLFO)\(PIERRE ZEITOUNE) FERRETTI\ADOLFO CODIGOS DE BARRAS\3. PDF Files\745130421468.pdf","0"
"","","PDF","EN_USO",".pdf","745130421469.pdf","3. PDF Files","I:\PROYECTOS DE DISEÑO(ADOLFO)\(PIERRE ZEITOUNE) FERRETTI\ADOLFO CODIGOS DE BARRAS\3. PDF Files\745130421469.pdf","0"
"","","PDF","EN_USO",".pdf","745130421470.pdf","3. PDF Files","I:\PROYECTOS DE DISEÑO(ADOLFO)\(PIERRE ZEITOUNE) FERRETTI\ADOLFO CODIGOS DE BARRAS\3. PDF Files\745130421470.pdf","0"
"","","PDF","EN_USO",".pdf","745130421471.pdf","3. PDF Files","I:\PROYECTOS DE DISEÑO(ADOLFO)\(PIERRE ZEITOUNE) FERRETTI\ADOLFO CODIGOS DE BARRAS\3. PDF Files\745130421471.pdf","0"
"","","PDF","EN_USO",".pdf","745130421472.pdf","3. PDF Files","I:\PROYECTOS DE DISEÑO(ADOLFO)\(PIERRE ZEITOUNE) FERRETTI\ADOLFO CODIGOS DE BARRAS\3. PDF Files\745130421472.pdf","0"
"","","PDF","EN_USO",".pdf","745130421473.pdf","3. PDF Files","I:\PROYECTOS DE DISEÑO(ADOLFO)\(PIERRE ZEITOUNE) FERRETTI\ADOLFO CODIGOS DE BARRAS\3. PDF Files\745130421473.pdf","0"
"","","PDF","EN_USO",".pdf","745130421474.pdf","3. PDF Files","I:\PROYECTOS DE DISEÑO(ADOLFO)\(PIERRE ZEITOUNE) FERRETTI\ADOLFO CODIGOS DE BARRAS\3. PDF Files\745130421474.pdf","0"
"","","PDF","EN_USO",".pdf","745130421475.pdf","3. PDF Files","I:\PROYECTOS DE DISEÑO(ADOLFO)\(PIERRE ZEITOUNE) FERRETTI\ADOLFO CODIGOS DE BARRAS\3. PDF Files\745130421475.pdf","0"
"","","PDF","EN_USO",".pdf","745130421476.pdf","3. PDF Files","I:\PROYECTOS DE DISEÑO(ADOLFO)\(PIERRE ZEITOUNE) FERRETTI\ADOLFO CODIGOS DE BARRAS\3. PDF Files\745130421476.pdf","0"
"","","PDF","EN_USO",".pdf","745130421477.pdf","3. PDF Files","I:\PROYECTOS DE DISEÑO(ADOLFO)\(PIERRE ZEITOUNE) FERRETTI\ADOLFO CODIGOS DE BARRAS\3. PDF Files\745130421477.pdf","0"
"","","PDF","EN_USO",".pdf","745130421478.pdf","3. PDF Files","I:\PROYECTOS DE DISEÑO(ADOLFO)\(PIERRE ZEITOUNE) FERRETTI\ADOLFO CODIGOS DE BARRAS\3. PDF Files\745130421478.pdf","0"
"","","PDF","EN_USO",".pdf","745130421479.pdf","3. PDF Files","I:\PROYECTOS DE DISEÑO(ADOLFO)\(PIERRE ZEITOUNE) FERRETTI\ADOLFO CODIGOS DE BARRAS\3. PDF Files\745130421479.pdf","0"
"","","PDF","EN_USO",".pdf","745130421480.pdf","3. PDF Files","I:\PROYECTOS DE DISEÑO(ADOLFO)\(PIERRE ZEITOUNE) FERRETTI\ADOLFO CODIGOS DE BARRAS\3. PDF Files\745130421480.pdf","0"
"","","PDF","EN_USO",".pdf","745130421481.pdf","3. PDF Files","I:\PROYECTOS DE DISEÑO(ADOLFO)\(PIERRE ZEITOUNE) FERRETTI\ADOLFO CODIGOS DE BARRAS\3. PDF Files\745130421481.pdf","0"
"","","PDF","EN_USO",".pdf","745130421482.pdf","3. PDF Files","I:\PROYECTOS DE DISEÑO(ADOLFO)\(PIERRE ZEITOUNE) FERRETTI\ADOLFO CODIGOS DE BARRAS\3. PDF Files\745130421482.pdf","0"
"","","PDF","EN_USO",".pdf","745130421483.pdf","3. PDF Files","I:\PROYECTOS DE DISEÑO(ADOLFO)\(PIERRE ZEITOUNE) FERRETTI\ADOLFO CODIGOS DE BARRAS\3. PDF Files\745130421483.pdf","0"
"","","PDF","EN_USO",".pdf","745130421484.pdf","3. PDF Files","I:\PROYECTOS DE DISEÑO(ADOLFO)\(PIERRE ZEITOUNE) FERRETTI\ADOLFO CODIGOS DE BARRAS\3. PDF Files\745130421484.pdf","0"
"","","PDF","EN_USO",".pdf","745130421485.pdf","3. PDF Files","I:\PROYECTOS DE DISEÑO(ADOLFO)\(PIERRE ZEITOUNE) FERRETTI\ADOLFO CODIGOS DE BARRAS\3. PDF Files\745130421485.pdf","0"
"","","PDF","EN_USO",".pdf","745130421486.pdf","3. PDF Files","I:\PROYECTOS DE DISEÑO(ADOLFO)\(PIERRE ZEITOUNE) FERRETTI\ADOLFO CODIGOS DE BARRAS\3. PDF Files\745130421486.pdf","0"
"","","PDF","EN_USO",".pdf","745130421487.pdf","3. PDF Files","I:\PROYECTOS DE DISEÑO(ADOLFO)\(PIERRE ZEITOUNE) FERRETTI\ADOLFO CODIGOS DE BARRAS\3. PDF Files\745130421487.pdf","0"
"","","PDF","EN_USO",".pdf","745130421488.pdf","3. PDF Files","I:\PROYECTOS DE DISEÑO(ADOLFO)\(PIERRE ZEITOUNE) FERRETTI\ADOLFO CODIGOS DE BARRAS\3. PDF Files\745130421488.pdf","0"
"","","PDF","EN_USO",".pdf","745130421489.pdf","3. PDF Files","I:\PROYECTOS DE DISEÑO(ADOLFO)\(PIERRE ZEITOUNE) FERRETTI\ADOLFO CODIGOS DE BARRAS\3. PDF Files\745130421489.pdf","0"
"","","PDF","EN_USO",".pdf","745130421490.pdf","3. PDF Files","I:\PROYECTOS DE DISEÑO(ADOLFO)\(PIERRE ZEITOUNE) FERRETTI\ADOLFO CODIGOS DE BARRAS\3. PDF Files\745130421490.pdf","0"
"","","PDF","EN_USO",".pdf","745130421491.pdf","3. PDF Files","I:\PROYECTOS DE DISEÑO(ADOLFO)\(PIERRE ZEITOUNE) FERRETTI\ADOLFO CODIGOS DE BARRAS\3. PDF Files\745130421491.pdf","0"
"","","PDF","EN_USO",".pdf","745130421492.pdf","3. PDF Files","I:\PROYECTOS DE DISEÑO(ADOLFO)\(PIERRE ZEITOUNE) FERRETTI\ADOLFO CODIGOS DE BARRAS\3. PDF Files\745130421492.pdf","0"
"","","PDF","EN_USO",".pdf","745130421493.pdf","3. PDF Files","I:\PROYECTOS DE DISEÑO(ADOLFO)\(PIERRE ZEITOUNE) FERRETTI\ADOLFO CODIGOS DE BARRAS\3. PDF Files\745130421493.pdf","0"
"","","PDF","EN_USO",".pdf","745130421494.pdf","3. PDF Files","I:\PROYECTOS DE DISEÑO(ADOLFO)\(PIERRE ZEITOUNE) FERRETTI\ADOLFO CODIGOS DE BARRAS\3. PDF Files\745130421494.pdf","0"
"","","PDF","EN_USO",".pdf","745130421495.pdf","3. PDF Files","I:\PROYECTOS DE DISEÑO(ADOLFO)\(PIERRE ZEITOUNE) FERRETTI\ADOLFO CODIGOS DE BARRAS\3. PDF Files\745130421495.pdf","0"
"","","PDF","EN_USO",".pdf","745130421496.pdf","3. PDF Files","I:\PROYECTOS DE DISEÑO(ADOLFO)\(PIERRE ZEITOUNE) FERRETTI\ADOLFO CODIGOS DE BARRAS\3. PDF Files\745130421496.pdf","0"
"","","PDF","EN_USO",".pdf","745130421497.pdf","3. PDF Files","I:\PROYECTOS DE DISEÑO(ADOLFO)\(PIERRE ZEITOUNE) FERRETTI\ADOLFO CODIGOS DE BARRAS\3. PDF Files\745130421497.pdf","0"
"","","PDF","EN_USO",".pdf","745130421498.pdf","3. PDF Files","I:\PROYECTOS DE DISEÑO(ADOLFO)\(PIERRE ZEITOUNE) FERRETTI\ADOLFO CODIGOS DE BARRAS\3. PDF Files\745130421498.pdf","0"
"","","PDF","EN_USO",".pdf","745130421499.pdf","3. PDF Files","I:\PROYECTOS DE DISEÑO(ADOLFO)\(PIERRE ZEITOUNE) FERRETTI\ADOLFO CODIGOS DE BARRAS\3. PDF Files\745130421499.pdf","0"
"","","PDF","EN_USO",".pdf","745130421500.pdf","3. PDF Files","I:\PROYECTOS DE DISEÑO(ADOLFO)\(PIERRE ZEITOUNE) FERRETTI\ADOLFO CODIGOS DE BARRAS\3. PDF Files\745130421500.pdf","0"
"","","PDF","EN_USO",".pdf","745130421501.pdf","3. PDF Files","I:\PROYECTOS DE DISEÑO(ADOLFO)\(PIERRE ZEITOUNE) FERRETTI\ADOLFO CODIGOS DE BARRAS\3. PDF Files\745130421501.pdf","0"
"","","PDF","EN_USO",".pdf","745130421502.pdf","3. PDF Files","I:\PROYECTOS DE DISEÑO(ADOLFO)\(PIERRE ZEITOUNE) FERRETTI\ADOLFO CODIGOS DE BARRAS\3. PDF Files\745130421502.pdf","0"
"","","PDF","EN_USO",".pdf","745130421503.pdf","3. PDF Files","I:\PROYECTOS DE DISEÑO(ADOLFO)\(PIERRE ZEITOUNE) FERRETTI\ADOLFO CODIGOS DE BARRAS\3. PDF Files\745130421503.pdf","0"
"","","PDF","EN_USO",".pdf","745130421504.pdf","3. PDF Files","I:\PROYECTOS DE DISEÑO(ADOLFO)\(PIERRE ZEITOUNE) FERRETTI\ADOLFO CODIGOS DE BARRAS\3. PDF Files\745130421504.pdf","0"
"","","PDF","EN_USO",".pdf","745130421505.pdf","3. PDF Files","I:\PROYECTOS DE DISEÑO(ADOLFO)\(PIERRE ZEITOUNE) FERRETTI\ADOLFO CODIGOS DE BARRAS\3. PDF Files\745130421505.pdf","0"
"","","PDF","EN_USO",".pdf","745130421506.pdf","3. PDF Files","I:\PROYECTOS DE DISEÑO(ADOLFO)\(PIERRE ZEITOUNE) FERRETTI\ADOLFO CODIGOS DE BARRAS\3. PDF Files\745130421506.pdf","0"
"","","PDF","EN_USO",".pdf","745130421507.pdf","3. PDF Files","I:\PROYECTOS DE DISEÑO(ADOLFO)\(PIERRE ZEITOUNE) FERRETTI\ADOLFO CODIGOS DE BARRAS\3. PDF Files\745130421507.pdf","0"
"","","PDF","EN_USO",".pdf","745130421508.pdf","3. PDF Files","I:\PROYECTOS DE DISEÑO(ADOLFO)\(PIERRE ZEITOUNE) FERRETTI\ADOLFO CODIGOS DE BARRAS\3. PDF Files\745130421508.pdf","0"
"","","PDF","EN_USO",".pdf","745130421509.pdf","3. PDF Files","I:\PROYECTOS DE DISEÑO(ADOLFO)\(PIERRE ZEITOUNE) FERRETTI\ADOLFO CODIGOS DE BARRAS\3. PDF Files\745130421509.pdf","0"
"","","PDF","EN_USO",".pdf","745130421510.pdf","3. PDF Files","I:\PROYECTOS DE DISEÑO(ADOLFO)\(PIERRE ZEITOUNE) FERRETTI\ADOLFO CODIGOS DE BARRAS\3. PDF Files\745130421510.pdf","0"
"","","PDF","EN_USO",".pdf","745130421511.pdf","3. PDF Files","I:\PROYECTOS DE DISEÑO(ADOLFO)\(PIERRE ZEITOUNE) FERRETTI\ADOLFO CODIGOS DE BARRAS\3. PDF Files\745130421511.pdf","0"
"","","PDF","EN_USO",".pdf","745130421512.pdf","3. PDF Files","I:\PROYECTOS DE DISEÑO(ADOLFO)\(PIERRE ZEITOUNE) FERRETTI\ADOLFO CODIGOS DE BARRAS\3. PDF Files\745130421512.pdf","0"
"","","PDF","EN_USO",".pdf","745130421513.pdf","3. PDF Files","I:\PROYECTOS DE DISEÑO(ADOLFO)\(PIERRE ZEITOUNE) FERRETTI\ADOLFO CODIGOS DE BARRAS\3. PDF Files\745130421513.pdf","0"
"","","PDF","EN_USO",".pdf","745130421514.pdf","3. PDF Files","I:\PROYECTOS DE DISEÑO(ADOLFO)\(PIERRE ZEITOUNE) FERRETTI\ADOLFO CODIGOS DE BARRAS\3. PDF Files\745130421514.pdf","0"
"","","PDF","EN_USO",".pdf","745130421515.pdf","3. PDF Files","I:\PROYECTOS DE DISEÑO(ADOLFO)\(PIERRE ZEITOUNE) FERRETTI\ADOLFO CODIGOS DE BARRAS\3. PDF Files\745130421515.pdf","0"
"","","PDF","EN_USO",".pdf","745130421516.pdf","3. PDF Files","I:\PROYECTOS DE DISEÑO(ADOLFO)\(PIERRE ZEITOUNE) FERRETTI\ADOLFO CODIGOS DE BARRAS\3. PDF Files\745130421516.pdf","0"
"","","PDF","EN_USO",".pdf","745130421517.pdf","3. PDF Files","I:\PROYECTOS DE DISEÑO(ADOLFO)\(PIERRE ZEITOUNE) FERRETTI\ADOLFO CODIGOS DE BARRAS\3. PDF Files\745130421517.pdf","0"
"","","PDF","EN_USO",".pdf","745130421518.pdf","3. PDF Files","I:\PROYECTOS DE DISEÑO(ADOLFO)\(PIERRE ZEITOUNE) FERRETTI\ADOLFO CODIGOS DE BARRAS\3. PDF Files\745130421518.pdf","0"
"","","PDF","EN_USO",".pdf","745130421519.pdf","3. PDF Files","I:\PROYECTOS DE DISEÑO(ADOLFO)\(PIERRE ZEITOUNE) FERRETTI\ADOLFO CODIGOS DE BARRAS\3. PDF Files\745130421519.pdf","0"
"","","PDF","EN_USO",".pdf","745130421520.pdf","3. PDF Files","I:\PROYECTOS DE DISEÑO(ADOLFO)\(PIERRE ZEITOUNE) FERRETTI\ADOLFO CODIGOS DE BARRAS\3. PDF Files\745130421520.pdf","0"
"","","PDF","EN_USO",".pdf","745130421521.pdf","3. PDF Files","I:\PROYECTOS DE DISEÑO(ADOLFO)\(PIERRE ZEITOUNE) FERRETTI\ADOLFO CODIGOS DE BARRAS\3. PDF Files\745130421521.pdf","0"
"","","PDF","EN_USO",".pdf","745130421522.pdf","3. PDF Files","I:\PROYECTOS DE DISEÑO(ADOLFO)\(PIERRE ZEITOUNE) FERRETTI\ADOLFO CODIGOS DE BARRAS\3. PDF Files\745130421522.pdf","0"
"","","PDF","EN_USO",".pdf","745130421523.pdf","3. PDF Files","I:\PROYECTOS DE DISEÑO(ADOLFO)\(PIERRE ZEITOUNE) FERRETTI\ADOLFO CODIGOS DE BARRAS\3. PDF Files\745130421523.pdf","0"
"","","PDF","EN_USO",".pdf","745130421524.pdf","3. PDF Files","I:\PROYECTOS DE DISEÑO(ADOLFO)\(PIERRE ZEITOUNE) FERRETTI\ADOLFO CODIGOS DE BARRAS\3. PDF Files\745130421524.pdf","0"
"","","PDF","EN_USO",".pdf","745130421525.pdf","3. PDF Files","I:\PROYECTOS DE DISEÑO(ADOLFO)\(PIERRE ZEITOUNE) FERRETTI\ADOLFO CODIGOS DE BARRAS\3. PDF Files\745130421525.pdf","0"
"","","PDF","EN_USO",".pdf","745130421526.pdf","3. PDF Files","I:\PROYECTOS DE DISEÑO(ADOLFO)\(PIERRE ZEITOUNE) FERRETTI\ADOLFO CODIGOS DE BARRAS\3. PDF Files\745130421526.pdf","0"
"","","PDF","EN_USO",".pdf","745130421527.pdf","3. PDF Files","I:\PROYECTOS DE DISEÑO(ADOLFO)\(PIERRE ZEITOUNE) FERRETTI\ADOLFO CODIGOS DE BARRAS\3. PDF Files\745130421527.pdf","0"
"","","PDF","EN_USO",".pdf","745130421528.pdf","3. PDF Files","I:\PROYECTOS DE DISEÑO(ADOLFO)\(PIERRE ZEITOUNE) FERRETTI\ADOLFO CODIGOS DE BARRAS\3. PDF Files\745130421528.pdf","0"
"","","PDF","EN_USO",".pdf","745130421529.pdf","3. PDF Files","I:\PROYECTOS DE DISEÑO(ADOLFO)\(PIERRE ZEITOUNE) FERRETTI\ADOLFO CODIGOS DE BARRAS\3. PDF Files\745130421529.pdf","0"
"","","PDF","EN_USO",".pdf","745130421530.pdf","3. PDF Files","I:\PROYECTOS DE DISEÑO(ADOLFO)\(PIERRE ZEITOUNE) FERRETTI\ADOLFO CODIGOS DE BARRAS\3. PDF Files\745130421530.pdf","0"
"","","PDF","EN_USO",".pdf","745130421531.pdf","3. PDF Files","I:\PROYECTOS DE DISEÑO(ADOLFO)\(PIERRE ZEITOUNE) FERRETTI\ADOLFO CODIGOS DE BARRAS\3. PDF Files\745130421531.pdf","0"
"","","PDF","EN_USO",".pdf","745130421532.pdf","3. PDF Files","I:\PROYECTOS DE DISEÑO(ADOLFO)\(PIERRE ZEITOUNE) FERRETTI\ADOLFO CODIGOS DE BARRAS\3. PDF Files\745130421532.pdf","0"
"","","PDF","EN_USO",".pdf","745130421533.pdf","3. PDF Files","I:\PROYECTOS DE DISEÑO(ADOLFO)\(PIERRE ZEITOUNE) FERRETTI\ADOLFO CODIGOS DE BARRAS\3. PDF Files\745130421533.pdf","0"
"","","PDF","EN_USO",".pdf","745130421534.pdf","3. PDF Files","I:\PROYECTOS DE DISEÑO(ADOLFO)\(PIERRE ZEITOUNE) FERRETTI\ADOLFO CODIGOS DE BARRAS\3. PDF Files\745130421534.pdf","0"
"","","PDF","EN_USO",".pdf","745130421535.pdf","3. PDF Files","I:\PROYECTOS DE DISEÑO(ADOLFO)\(PIERRE ZEITOUNE) FERRETTI\ADOLFO CODIGOS DE BARRAS\3. PDF Files\745130421535.pdf","0"
"","","PDF","EN_USO",".pdf","745130421536.pdf","3. PDF Files","I:\PROYECTOS DE DISEÑO(ADOLFO)\(PIERRE ZEITOUNE) FERRETTI\ADOLFO CODIGOS DE BARRAS\3. PDF Files\745130421536.pdf","0"
"","","PDF","EN_USO",".pdf","745130421537.pdf","3. PDF Files","I:\PROYECTOS DE DISEÑO(ADOLFO)\(PIERRE ZEITOUNE) FERRETTI\ADOLFO CODIGOS DE BARRAS\3. PDF Files\745130421537.pdf","0"
"","","PDF","EN_USO",".pdf","745130421538.pdf","3. PDF Files","I:\PROYECTOS DE DISEÑO(ADOLFO)\(PIERRE ZEITOUNE) FERRETTI\ADOLFO CODIGOS DE BARRAS\3. PDF Files\745130421538.pdf","0"
"","","PDF","EN_USO",".pdf","745130421539.pdf","3. PDF Files","I:\PROYECTOS DE DISEÑO(ADOLFO)\(PIERRE ZEITOUNE) FERRETTI\ADOLFO CODIGOS DE BARRAS\3. PDF Files\745130421539.pdf","0"
"","","PDF","EN_USO",".pdf","745130421540.pdf","3. PDF Files","I:\PROYECTOS DE DISEÑO(ADOLFO)\(PIERRE ZEITOUNE) FERRETTI\ADOLFO CODIGOS DE BARRAS\3. PDF Files\745130421540.pdf","0"
"","","PDF","EN_USO",".pdf","745130421541.pdf","3. PDF Files","I:\PROYECTOS DE DISEÑO(ADOLFO)\(PIERRE ZEITOUNE) FERRETTI\ADOLFO CODIGOS DE BARRAS\3. PDF Files\745130421541.pdf","0"
"","","PDF","EN_USO",".pdf","745130421542.pdf","3. PDF Files","I:\PROYECTOS DE DISEÑO(ADOLFO)\(PIERRE ZEITOUNE) FERRETTI\ADOLFO CODIGOS DE BARRAS\3. PDF Files\745130421542.pdf","0"
"","","PDF","EN_USO",".pdf","745130421543.pdf","3. PDF Files","I:\PROYECTOS DE DISEÑO(ADOLFO)\(PIERRE ZEITOUNE) FERRETTI\ADOLFO CODIGOS DE BARRAS\3. PDF Files\745130421543.pdf","0"
"","","PDF","EN_USO",".pdf","745130421544.pdf","3. PDF Files","I:\PROYECTOS DE DISEÑO(ADOLFO)\(PIERRE ZEITOUNE) FERRETTI\ADOLFO CODIGOS DE BARRAS\3. PDF Files\745130421544.pdf","0"
"","","PDF","EN_USO",".pdf","745130421545.pdf","3. PDF Files","I:\PROYECTOS DE DISEÑO(ADOLFO)\(PIERRE ZEITOUNE) FERRETTI\ADOLFO CODIGOS DE BARRAS\3. PDF Files\745130421545.pdf","0"
"","","PDF","EN_USO",".pdf","745130421546.pdf","3. PDF Files","I:\PROYECTOS DE DISEÑO(ADOLFO)\(PIERRE ZEITOUNE) FERRETTI\ADOLFO CODIGOS DE BARRAS\3. PDF Files\745130421546.pdf","0"
"","","PDF","EN_USO",".pdf","745130421547.pdf","3. PDF Files","I:\PROYECTOS DE DISEÑO(ADOLFO)\(PIERRE ZEITOUNE) FERRETTI\ADOLFO CODIGOS DE BARRAS\3. PDF Files\745130421547.pdf","0"
"","","PDF","EN_USO",".pdf","745130421548.pdf","3. PDF Files","I:\PROYECTOS DE DISEÑO(ADOLFO)\(PIERRE ZEITOUNE) FERRETTI\ADOLFO CODIGOS DE BARRAS\3. PDF Files\745130421548.pdf","0"
"","","PDF","EN_USO",".pdf","745130421549.pdf","3. PDF Files","I:\PROYECTOS DE DISEÑO(ADOLFO)\(PIERRE ZEITOUNE) FERRETTI\ADOLFO CODIGOS DE BARRAS\3. PDF Files\745130421549.pdf","0"
"","","PDF","EN_USO",".pdf","745130421550.pdf","3. PDF Files","I:\PROYECTOS DE DISEÑO(ADOLFO)\(PIERRE ZEITOUNE) FERRETTI\ADOLFO CODIGOS DE BARRAS\3. PDF Files\745130421550.pdf","0"
"","","PDF","EN_USO",".pdf","745130421551.pdf","3. PDF Files","I:\PROYECTOS DE DISEÑO(ADOLFO)\(PIERRE ZEITOUNE) FERRETTI\ADOLFO CODIGOS DE BARRAS\3. PDF Files\745130421551.pdf","0"
"","","PDF","EN_USO",".pdf","745130421552.pdf","3. PDF Files","I:\PROYECTOS DE DISEÑO(ADOLFO)\(PIERRE ZEITOUNE) FERRETTI\ADOLFO CODIGOS DE BARRAS\3. PDF Files\745130421552.pdf","0"
"","","PDF","EN_USO",".pdf","745130421553.pdf","3. PDF Files","I:\PROYECTOS DE DISEÑO(ADOLFO)\(PIERRE ZEITOUNE) FERRETTI\ADOLFO CODIGOS DE BARRAS\3. PDF Files\745130421553.pdf","0"
"","","PDF","EN_USO",".pdf","745130421554.pdf","3. PDF Files","I:\PROYECTOS DE DISEÑO(ADOLFO)\(PIERRE ZEITOUNE) FERRETTI\ADOLFO CODIGOS DE BARRAS\3. PDF Files\745130421554.pdf","0"
"","","PDF","EN_USO",".pdf","745130421555.pdf","3. PDF Files","I:\PROYECTOS DE DISEÑO(ADOLFO)\(PIERRE ZEITOUNE) FERRETTI\ADOLFO CODIGOS DE BARRAS\3. PDF Files\745130421555.pdf","0"
"","","PDF","EN_USO",".pdf","745130421556.pdf","3. PDF Files","I:\PROYECTOS DE DISEÑO(ADOLFO)\(PIERRE ZEITOUNE) FERRETTI\ADOLFO CODIGOS DE BARRAS\3. PDF Files\745130421556.pdf","0"
"","","PDF","EN_USO",".pdf","745130421557.pdf","3. PDF Files","I:\PROYECTOS DE DISEÑO(ADOLFO)\(PIERRE ZEITOUNE) FERRETTI\ADOLFO CODIGOS DE BARRAS\3. PDF Files\745130421557.pdf","0"
"","","PDF","EN_USO",".pdf","745130421558.pdf","3. PDF Files","I:\PROYECTOS DE DISEÑO(ADOLFO)\(PIERRE ZEITOUNE) FERRETTI\ADOLFO CODIGOS DE BARRAS\3. PDF Files\745130421558.pdf","0"
"","","PDF","EN_USO",".pdf","745130421559.pdf","3. PDF Files","I:\PROYECTOS DE DISEÑO(ADOLFO)\(PIERRE ZEITOUNE) FERRETTI\ADOLFO CODIGOS DE BARRAS\3. PDF Files\745130421559.pdf","0"
"","","PDF","EN_USO",".pdf","745130421560.pdf","3. PDF Files","I:\PROYECTOS DE DISEÑO(ADOLFO)\(PIERRE ZEITOUNE) FERRETTI\ADOLFO CODIGOS DE BARRAS\3. PDF Files\745130421560.pdf","0"
"","","PDF","EN_USO",".pdf","745130421561.pdf","3. PDF Files","I:\PROYECTOS DE DISEÑO(ADOLFO)\(PIERRE ZEITOUNE) FERRETTI\ADOLFO CODIGOS DE BARRAS\3. PDF Files\745130421561.pdf","0"
"","","PDF","EN_USO",".pdf","745130421562.pdf","3. PDF Files","I:\PROYECTOS DE DISEÑO(ADOLFO)\(PIERRE ZEITOUNE) FERRETTI\ADOLFO CODIGOS DE BARRAS\3. PDF Files\745130421562.pdf","0"
"","","PDF","EN_USO",".pdf","745130421563.pdf","3. PDF Files","I:\PROYECTOS DE DISEÑO(ADOLFO)\(PIERRE ZEITOUNE) FERRETTI\ADOLFO CODIGOS DE BARRAS\3. PDF Files\745130421563.pdf","0"
"","","PDF","EN_USO",".pdf","745130421564.pdf","3. PDF Files","I:\PROYECTOS DE DISEÑO(ADOLFO)\(PIERRE ZEITOUNE) FERRETTI\ADOLFO CODIGOS DE BARRAS\3. PDF Files\745130421564.pdf","0"
"","","PDF","EN_USO",".pdf","745130421565.pdf","3. PDF Files","I:\PROYECTOS DE DISEÑO(ADOLFO)\(PIERRE ZEITOUNE) FERRETTI\ADOLFO CODIGOS DE BARRAS\3. PDF Files\745130421565.pdf","0"
"","","PDF","EN_USO",".pdf","745130421566.pdf","3. PDF Files","I:\PROYECTOS DE DISEÑO(ADOLFO)\(PIERRE ZEITOUNE) FERRETTI\ADOLFO CODIGOS DE BARRAS\3. PDF Files\745130421566.pdf","0"
"","","PDF","EN_USO",".pdf","745130421567.pdf","3. PDF Files","I:\PROYECTOS DE DISEÑO(ADOLFO)\(PIERRE ZEITOUNE) FERRETTI\ADOLFO CODIGOS DE BARRAS\3. PDF Files\745130421567.pdf","0"
"","","PDF","EN_USO",".pdf","745130421568.pdf","3. PDF Files","I:\PROYECTOS DE DISEÑO(ADOLFO)\(PIERRE ZEITOUNE) FERRETTI\ADOLFO CODIGOS DE BARRAS\3. PDF Files\745130421568.pdf","0"
"","","PDF","EN_USO",".pdf","745130421569.pdf","3. PDF Files","I:\PROYECTOS DE DISEÑO(ADOLFO)\(PIERRE ZEITOUNE) FERRETTI\ADOLFO CODIGOS DE BARRAS\3. PDF Files\745130421569.pdf","0"
"","","PDF","EN_USO",".pdf","745130421570.pdf","3. PDF Files","I:\PROYECTOS DE DISEÑO(ADOLFO)\(PIERRE ZEITOUNE) FERRETTI\ADOLFO CODIGOS DE BARRAS\3. PDF Files\745130421570.pdf","0"
"","","PDF","EN_USO",".pdf","745130421571.pdf","3. PDF Files","I:\PROYECTOS DE DISEÑO(ADOLFO)\(PIERRE ZEITOUNE) FERRETTI\ADOLFO CODIGOS DE BARRAS\3. PDF Files\745130421571.pdf","0"
"","","PDF","EN_USO",".pdf","745130421572.pdf","3. PDF Files","I:\PROYECTOS DE DISEÑO(ADOLFO)\(PIERRE ZEITOUNE) FERRETTI\ADOLFO CODIGOS DE BARRAS\3. PDF Files\745130421572.pdf","0"
"","","PDF","EN_USO",".pdf","745130421573.pdf","3. PDF Files","I:\PROYECTOS DE DISEÑO(ADOLFO)\(PIERRE ZEITOUNE) FERRETTI\ADOLFO CODIGOS DE BARRAS\3. PDF Files\745130421573.pdf","0"
"","","PDF","EN_USO",".pdf","745130421574.pdf","3. PDF Files","I:\PROYECTOS DE DISEÑO(ADOLFO)\(PIERRE ZEITOUNE) FERRETTI\ADOLFO CODIGOS DE BARRAS\3. PDF Files\745130421574.pdf","0"
"","","PDF","EN_USO",".pdf","745130421575.pdf","3. PDF Files","I:\PROYECTOS DE DISEÑO(ADOLFO)\(PIERRE ZEITOUNE) FERRETTI\ADOLFO CODIGOS DE BARRAS\3. PDF Files\745130421575.pdf","0"
"","","PDF","EN_USO",".pdf","745130421576.pdf","3. PDF Files","I:\PROYECTOS DE DISEÑO(ADOLFO)\(PIERRE ZEITOUNE) FERRETTI\ADOLFO CODIGOS DE BARRAS\3. PDF Files\745130421576.pdf","0"
"","","PDF","EN_USO",".pdf","745130421577.pdf","3. PDF Files","I:\PROYECTOS DE DISEÑO(ADOLFO)\(PIERRE ZEITOUNE) FERRETTI\ADOLFO CODIGOS DE BARRAS\3. PDF Files\745130421577.pdf","0"
"","","PDF","EN_USO",".pdf","745130421578.pdf","3. PDF Files","I:\PROYECTOS DE DISEÑO(ADOLFO)\(PIERRE ZEITOUNE) FERRETTI\ADOLFO CODIGOS DE BARRAS\3. PDF Files\745130421578.pdf","0"
"","","PDF","EN_USO",".pdf","745130421579.pdf","3. PDF Files","I:\PROYECTOS DE DISEÑO(ADOLFO)\(PIERRE ZEITOUNE) FERRETTI\ADOLFO CODIGOS DE BARRAS\3. PDF Files\745130421579.pdf","0"
"","","PDF","EN_USO",".pdf","745130421580.pdf","3. PDF Files","I:\PROYECTOS DE DISEÑO(ADOLFO)\(PIERRE ZEITOUNE) FERRETTI\ADOLFO CODIGOS DE BARRAS\3. PDF Files\745130421580.pdf","0"
"","","PDF","EN_USO",".pdf","745130421581.pdf","3. PDF Files","I:\PROYECTOS DE DISEÑO(ADOLFO)\(PIERRE ZEITOUNE) FERRETTI\ADOLFO CODIGOS DE BARRAS\3. PDF Files\745130421581.pdf","0"
"","","PDF","EN_USO",".pdf","745130421582.pdf","3. PDF Files","I:\PROYECTOS DE DISEÑO(ADOLFO)\(PIERRE ZEITOUNE) FERRETTI\ADOLFO CODIGOS DE BARRAS\3. PDF Files\745130421582.pdf","0"
"","","PDF","EN_USO",".pdf","745130421583.pdf","3. PDF Files","I:\PROYECTOS DE DISEÑO(ADOLFO)\(PIERRE ZEITOUNE) FERRETTI\ADOLFO CODIGOS DE BARRAS\3. PDF Files\745130421583.pdf","0"
"","","PDF","EN_USO",".pdf","745130421584.pdf","3. PDF Files","I:\PROYECTOS DE DISEÑO(ADOLFO)\(PIERRE ZEITOUNE) FERRETTI\ADOLFO CODIGOS DE BARRAS\3. PDF Files\745130421584.pdf","0"
"","","PDF","EN_USO",".pdf","745130421585.pdf","3. PDF Files","I:\PROYECTOS DE DISEÑO(ADOLFO)\(PIERRE ZEITOUNE) FERRETTI\ADOLFO CODIGOS DE BARRAS\3. PDF Files\745130421585.pdf","0"
"","","PDF","EN_USO",".pdf","745130421586.pdf","3. PDF Files","I:\PROYECTOS DE DISEÑO(ADOLFO)\(PIERRE ZEITOUNE) FERRETTI\ADOLFO CODIGOS DE BARRAS\3. PDF Files\745130421586.pdf","0"
"","","PDF","EN_USO",".pdf","745130421587.pdf","3. PDF Files","I:\PROYECTOS DE DISEÑO(ADOLFO)\(PIERRE ZEITOUNE) FERRETTI\ADOLFO CODIGOS DE BARRAS\3. PDF Files\745130421587.pdf","0"
"","","PDF","EN_USO",".pdf","745130421588.pdf","3. PDF Files","I:\PROYECTOS DE DISEÑO(ADOLFO)\(PIERRE ZEITOUNE) FERRETTI\ADOLFO CODIGOS DE BARRAS\3. PDF Files\745130421588.pdf","0"
"","","PDF","EN_USO",".pdf","745130421589.pdf","3. PDF Files","I:\PROYECTOS DE DISEÑO(ADOLFO)\(PIERRE ZEITOUNE) FERRETTI\ADOLFO CODIGOS DE BARRAS\3. PDF Files\745130421589.pdf","0"
"","","PDF","EN_USO",".pdf","745130421590.pdf","3. PDF Files","I:\PROYECTOS DE DISEÑO(ADOLFO)\(PIERRE ZEITOUNE) FERRETTI\ADOLFO CODIGOS DE BARRAS\3. PDF Files\745130421590.pdf","0"
"","","PDF","EN_USO",".pdf","745130421591.pdf","3. PDF Files","I:\PROYECTOS DE DISEÑO(ADOLFO)\(PIERRE ZEITOUNE) FERRETTI\ADOLFO CODIGOS DE BARRAS\3. PDF Files\745130421591.pdf","0"
"","","PDF","EN_USO",".pdf","745130421592.pdf","3. PDF Files","I:\PROYECTOS DE DISEÑO(ADOLFO)\(PIERRE ZEITOUNE) FERRETTI\ADOLFO CODIGOS DE BARRAS\3. PDF Files\745130421592.pdf","0"
"","","PDF","EN_USO",".pdf","745130421593.pdf","3. PDF Files","I:\PROYECTOS DE DISEÑO(ADOLFO)\(PIERRE ZEITOUNE) FERRETTI\ADOLFO CODIGOS DE BARRAS\3. PDF Files\745130421593.pdf","0"
"","","PDF","EN_USO",".pdf","745130421594.pdf","3. PDF Files","I:\PROYECTOS DE DISEÑO(ADOLFO)\(PIERRE ZEITOUNE) FERRETTI\ADOLFO CODIGOS DE BARRAS\3. PDF Files\745130421594.pdf","0"
"","","PDF","EN_USO",".pdf","745130421595.pdf","3. PDF Files","I:\PROYECTOS DE DISEÑO(ADOLFO)\(PIERRE ZEITOUNE) FERRETTI\ADOLFO CODIGOS DE BARRAS\3. PDF Files\745130421595.pdf","0"
"","","PDF","EN_USO",".pdf","745130421596.pdf","3. PDF Files","I:\PROYECTOS DE DISEÑO(ADOLFO)\(PIERRE ZEITOUNE) FERRETTI\ADOLFO CODIGOS DE BARRAS\3. PDF Files\745130421596.pdf","0"
"","","PDF","EN_USO",".pdf","745130421597.pdf","3. PDF Files","I:\PROYECTOS DE DISEÑO(ADOLFO)\(PIERRE ZEITOUNE) FERRETTI\ADOLFO CODIGOS DE BARRAS\3. PDF Files\745130421597.pdf","0"
"","","PDF","EN_USO",".pdf","745130421598.pdf","3. PDF Files","I:\PROYECTOS DE DISEÑO(ADOLFO)\(PIERRE ZEITOUNE) FERRETTI\ADOLFO CODIGOS DE BARRAS\3. PDF Files\745130421598.pdf","0"
"","","PDF","EN_USO",".pdf","745130421599.pdf","3. PDF Files","I:\PROYECTOS DE DISEÑO(ADOLFO)\(PIERRE ZEITOUNE) FERRETTI\ADOLFO CODIGOS DE BARRAS\3. PDF Files\745130421599.pdf","0"
"","","PDF","EN_USO",".pdf","745130421600.pdf","3. PDF Files","I:\PROYECTOS DE DISEÑO(ADOLFO)\(PIERRE ZEITOUNE) FERRETTI\ADOLFO CODIGOS DE BARRAS\3. PDF Files\745130421600.pdf","0"
"","","PDF","EN_USO",".pdf","745130421601.pdf","3. PDF Files","I:\PROYECTOS DE DISEÑO(ADOLFO)\(PIERRE ZEITOUNE) FERRETTI\ADOLFO CODIGOS DE BARRAS\3. PDF Files\745130421601.pdf","0"
"","","PDF","EN_USO",".pdf","745130421602.pdf","3. PDF Files","I:\PROYECTOS DE DISEÑO(ADOLFO)\(PIERRE ZEITOUNE) FERRETTI\ADOLFO CODIGOS DE BARRAS\3. PDF Files\745130421602.pdf","0"
"","","PDF","EN_USO",".pdf","745130421603.pdf","3. PDF Files","I:\PROYECTOS DE DISEÑO(ADOLFO)\(PIERRE ZEITOUNE) FERRETTI\ADOLFO CODIGOS DE BARRAS\3. PDF Files\745130421603.pdf","0"
"","","PDF","EN_USO",".pdf","745130421604.pdf","3. PDF Files","I:\PROYECTOS DE DISEÑO(ADOLFO)\(PIERRE ZEITOUNE) FERRETTI\ADOLFO CODIGOS DE BARRAS\3. PDF Files\745130421604.pdf","0"
"","","PDF","EN_USO",".pdf","745130421605.pdf","3. PDF Files","I:\PROYECTOS DE DISEÑO(ADOLFO)\(PIERRE ZEITOUNE) FERRETTI\ADOLFO CODIGOS DE BARRAS\3. PDF Files\745130421605.pdf","0"
"","","PDF","EN_USO",".pdf","745130421606.pdf","3. PDF Files","I:\PROYECTOS DE DISEÑO(ADOLFO)\(PIERRE ZEITOUNE) FERRETTI\ADOLFO CODIGOS DE BARRAS\3. PDF Files\745130421606.pdf","0"
"","","PDF","EN_USO",".pdf","745130421607.pdf","3. PDF Files","I:\PROYECTOS DE DISEÑO(ADOLFO)\(PIERRE ZEITOUNE) FERRETTI\ADOLFO CODIGOS DE BARRAS\3. PDF Files\745130421607.pdf","0"
"","","PDF","EN_USO",".pdf","745130421608.pdf","3. PDF Files","I:\PROYECTOS DE DISEÑO(ADOLFO)\(PIERRE ZEITOUNE) FERRETTI\ADOLFO CODIGOS DE BARRAS\3. PDF Files\745130421608.pdf","0"
"","","PDF","EN_USO",".pdf","745130421609.pdf","3. PDF Files","I:\PROYECTOS DE DISEÑO(ADOLFO)\(PIERRE ZEITOUNE) FERRETTI\ADOLFO CODIGOS DE BARRAS\3. PDF Files\745130421609.pdf","0"
"","","PDF","EN_USO",".pdf","745130421610.pdf","3. PDF Files","I:\PROYECTOS DE DISEÑO(ADOLFO)\(PIERRE ZEITOUNE) FERRETTI\ADOLFO CODIGOS DE BARRAS\3. PDF Files\745130421610.pdf","0"
"","","PDF","EN_USO",".pdf","745130421611.pdf","3. PDF Files","I:\PROYECTOS DE DISEÑO(ADOLFO)\(PIERRE ZEITOUNE) FERRETTI\ADOLFO CODIGOS DE BARRAS\3. PDF Files\745130421611.pdf","0"
"","","PDF","EN_USO",".pdf","745130421612.pdf","3. PDF Files","I:\PROYECTOS DE DISEÑO(ADOLFO)\(PIERRE ZEITOUNE) FERRETTI\ADOLFO CODIGOS DE BARRAS\3. PDF Files\745130421612.pdf","0"
"","","PDF","EN_USO",".pdf","745130421613.pdf","3. PDF Files","I:\PROYECTOS DE DISEÑO(ADOLFO)\(PIERRE ZEITOUNE) FERRETTI\ADOLFO CODIGOS DE BARRAS\3. PDF Files\745130421613.pdf","0"
"","","PDF","EN_USO",".pdf","745130421614.pdf","3. PDF Files","I:\PROYECTOS DE DISEÑO(ADOLFO)\(PIERRE ZEITOUNE) FERRETTI\ADOLFO CODIGOS DE BARRAS\3. PDF Files\745130421614.pdf","0"
"","","PDF","EN_USO",".pdf","745130421615.pdf","3. PDF Files","I:\PROYECTOS DE DISEÑO(ADOLFO)\(PIERRE ZEITOUNE) FERRETTI\ADOLFO CODIGOS DE BARRAS\3. PDF Files\745130421615.pdf","0"
"","","PDF","EN_USO",".pdf","745130421616.pdf","3. PDF Files","I:\PROYECTOS DE DISEÑO(ADOLFO)\(PIERRE ZEITOUNE) FERRETTI\ADOLFO CODIGOS DE BARRAS\3. PDF Files\745130421616.pdf","0"
"","","PDF","EN_USO",".pdf","745130421617.pdf","3. PDF Files","I:\PROYECTOS DE DISEÑO(ADOLFO)\(PIERRE ZEITOUNE) FERRETTI\ADOLFO CODIGOS DE BARRAS\3. PDF Files\745130421617.pdf","0"
"","","PDF","EN_USO",".pdf","745130421618.pdf","3. PDF Files","I:\PROYECTOS DE DISEÑO(ADOLFO)\(PIERRE ZEITOUNE) FERRETTI\ADOLFO CODIGOS DE BARRAS\3. PDF Files\745130421618.pdf","0"
"","","PDF","EN_USO",".pdf","745130421619.pdf","3. PDF Files","I:\PROYECTOS DE DISEÑO(ADOLFO)\(PIERRE ZEITOUNE) FERRETTI\ADOLFO CODIGOS DE BARRAS\3. PDF Files\745130421619.pdf","0"
"","","PDF","EN_USO",".pdf","745130421620.pdf","3. PDF Files","I:\PROYECTOS DE DISEÑO(ADOLFO)\(PIERRE ZEITOUNE) FERRETTI\ADOLFO CODIGOS DE BARRAS\3. PDF Files\745130421620.pdf","0"
"","","PDF","EN_USO",".pdf","745130421621.pdf","3. PDF Files","I:\PROYECTOS DE DISEÑO(ADOLFO)\(PIERRE ZEITOUNE) FERRETTI\ADOLFO CODIGOS DE BARRAS\3. PDF Files\745130421621.pdf","0"
"","","PDF","EN_USO",".pdf","745130421622.pdf","3. PDF Files","I:\PROYECTOS DE DISEÑO(ADOLFO)\(PIERRE ZEITOUNE) FERRETTI\ADOLFO CODIGOS DE BARRAS\3. PDF Files\745130421622.pdf","0"
"","","PDF","EN_USO",".pdf","745130421623.pdf","3. PDF Files","I:\PROYECTOS DE DISEÑO(ADOLFO)\(PIERRE ZEITOUNE) FERRETTI\ADOLFO CODIGOS DE BARRAS\3. PDF Files\745130421623.pdf","0"
"","","PDF","EN_USO",".pdf","745130421624.pdf","3. PDF Files","I:\PROYECTOS DE DISEÑO(ADOLFO)\(PIERRE ZEITOUNE) FERRETTI\ADOLFO CODIGOS DE BARRAS\3. PDF Files\745130421624.pdf","0"
"","","PDF","EN_USO",".pdf","745130421625.pdf","3. PDF Files","I:\PROYECTOS DE DISEÑO(ADOLFO)\(PIERRE ZEITOUNE) FERRETTI\ADOLFO CODIGOS DE BARRAS\3. PDF Files\745130421625.pdf","0"
"","","PDF","EN_USO",".pdf","745130421626.pdf","3. PDF Files","I:\PROYECTOS DE DISEÑO(ADOLFO)\(PIERRE ZEITOUNE) FERRETTI\ADOLFO CODIGOS DE BARRAS\3. PDF Files\745130421626.pdf","0"
"","","PDF","EN_USO",".pdf","745130421627.pdf","3. PDF Files","I:\PROYECTOS DE DISEÑO(ADOLFO)\(PIERRE ZEITOUNE) FERRETTI\ADOLFO CODIGOS DE BARRAS\3. PDF Files\745130421627.pdf","0"
"","","PDF","EN_USO",".pdf","745130421628.pdf","3. PDF Files","I:\PROYECTOS DE DISEÑO(ADOLFO)\(PIERRE ZEITOUNE) FERRETTI\ADOLFO CODIGOS DE BARRAS\3. PDF Files\745130421628.pdf","0"
"","","PDF","EN_USO",".pdf","745130421629.pdf","3. PDF Files","I:\PROYECTOS DE DISEÑO(ADOLFO)\(PIERRE ZEITOUNE) FERRETTI\ADOLFO CODIGOS DE BARRAS\3. PDF Files\745130421629.pdf","0"
"","","PDF","EN_USO",".pdf","745130421630.pdf","3. PDF Files","I:\PROYECTOS DE DISEÑO(ADOLFO)\(PIERRE ZEITOUNE) FERRETTI\ADOLFO CODIGOS DE BARRAS\3. PDF Files\745130421630.pdf","0"
"","","PDF","EN_USO",".pdf","745130421631.pdf","3. PDF Files","I:\PROYECTOS DE DISEÑO(ADOLFO)\(PIERRE ZEITOUNE) FERRETTI\ADOLFO CODIGOS DE BARRAS\3. PDF Files\745130421631.pdf","0"
"","","PDF","EN_USO",".pdf","745130421632.pdf","3. PDF Files","I:\PROYECTOS DE DISEÑO(ADOLFO)\(PIERRE ZEITOUNE) FERRETTI\ADOLFO CODIGOS DE BARRAS\3. PDF Files\745130421632.pdf","0"
"","","PDF","EN_USO",".pdf","745130421633.pdf","3. PDF Files","I:\PROYECTOS DE DISEÑO(ADOLFO)\(PIERRE ZEITOUNE) FERRETTI\ADOLFO CODIGOS DE BARRAS\3. PDF Files\745130421633.pdf","0"
"","","PDF","EN_USO",".pdf","745130421634.pdf","3. PDF Files","I:\PROYECTOS DE DISEÑO(ADOLFO)\(PIERRE ZEITOUNE) FERRETTI\ADOLFO CODIGOS DE BARRAS\3. PDF Files\745130421634.pdf","0"
"","","PDF","EN_USO",".pdf","745130421635.pdf","3. PDF Files","I:\PROYECTOS DE DISEÑO(ADOLFO)\(PIERRE ZEITOUNE) FERRETTI\ADOLFO CODIGOS DE BARRAS\3. PDF Files\745130421635.pdf","0"
"","","PDF","EN_USO",".pdf","745130421636.pdf","3. PDF Files","I:\PROYECTOS DE DISEÑO(ADOLFO)\(PIERRE ZEITOUNE) FERRETTI\ADOLFO CODIGOS DE BARRAS\3. PDF Files\745130421636.pdf","0"
"","","PDF","EN_USO",".pdf","745130421637.pdf","3. PDF Files","I:\PROYECTOS DE DISEÑO(ADOLFO)\(PIERRE ZEITOUNE) FERRETTI\ADOLFO CODIGOS DE BARRAS\3. PDF Files\745130421637.pdf","0"
"","","PDF","EN_USO",".pdf","745130421638.pdf","3. PDF Files","I:\PROYECTOS DE DISEÑO(ADOLFO)\(PIERRE ZEITOUNE) FERRETTI\ADOLFO CODIGOS DE BARRAS\3. PDF Files\745130421638.pdf","0"
"","","PDF","EN_USO",".pdf","745130421639.pdf","3. PDF Files","I:\PROYECTOS DE DISEÑO(ADOLFO)\(PIERRE ZEITOUNE) FERRETTI\ADOLFO CODIGOS DE BARRAS\3. PDF Files\745130421639.pdf","0"
"","","PDF","EN_USO",".pdf","745130421640.pdf","3. PDF Files","I:\PROYECTOS DE DISEÑO(ADOLFO)\(PIERRE ZEITOUNE) FERRETTI\ADOLFO CODIGOS DE BARRAS\3. PDF Files\745130421640.pdf","0"
"","","PDF","EN_USO",".pdf","745130421641.pdf","3. PDF Files","I:\PROYECTOS DE DISEÑO(ADOLFO)\(PIERRE ZEITOUNE) FERRETTI\ADOLFO CODIGOS DE BARRAS\3. PDF Files\745130421641.pdf","0"
"","","PDF","EN_USO",".pdf","745130421642.pdf","3. PDF Files","I:\PROYECTOS DE DISEÑO(ADOLFO)\(PIERRE ZEITOUNE) FERRETTI\ADOLFO CODIGOS DE BARRAS\3. PDF Files\745130421642.pdf","0"
"","","PDF","EN_USO",".pdf","745130421643.pdf","3. PDF Files","I:\PROYECTOS DE DISEÑO(ADOLFO)\(PIERRE ZEITOUNE) FERRETTI\ADOLFO CODIGOS DE BARRAS\3. PDF Files\745130421643.pdf","0"
"","","PDF","EN_USO",".pdf","745130421644.pdf","3. PDF Files","I:\PROYECTOS DE DISEÑO(ADOLFO)\(PIERRE ZEITOUNE) FERRETTI\ADOLFO CODIGOS DE BARRAS\3. PDF Files\745130421644.pdf","0"
"","","PDF","EN_USO",".pdf","745130421645.pdf","3. PDF Files","I:\PROYECTOS DE DISEÑO(ADOLFO)\(PIERRE ZEITOUNE) FERRETTI\ADOLFO CODIGOS DE BARRAS\3. PDF Files\745130421645.pdf","0"
"","","PDF","EN_USO",".pdf","745130421646.pdf","3. PDF Files","I:\PROYECTOS DE DISEÑO(ADOLFO)\(PIERRE ZEITOUNE) FERRETTI\ADOLFO CODIGOS DE BARRAS\3. PDF Files\745130421646.pdf","0"
"","","PDF","EN_USO",".pdf","745130421647.pdf","3. PDF Files","I:\PROYECTOS DE DISEÑO(ADOLFO)\(PIERRE ZEITOUNE) FERRETTI\ADOLFO CODIGOS DE BARRAS\3. PDF Files\745130421647.pdf","0"
"","","PDF","EN_USO",".pdf","745130421648.pdf","3. PDF Files","I:\PROYECTOS DE DISEÑO(ADOLFO)\(PIERRE ZEITOUNE) FERRETTI\ADOLFO CODIGOS DE BARRAS\3. PDF Files\745130421648.pdf","0"
"","","PDF","EN_USO",".pdf","745130421649.pdf","3. PDF Files","I:\PROYECTOS DE DISEÑO(ADOLFO)\(PIERRE ZEITOUNE) FERRETTI\ADOLFO CODIGOS DE BARRAS\3. PDF Files\745130421649.pdf","0"
"","","PDF","EN_USO",".pdf","745130421650.pdf","3. PDF Files","I:\PROYECTOS DE DISEÑO(ADOLFO)\(PIERRE ZEITOUNE) FERRETTI\ADOLFO CODIGOS DE BARRAS\3. PDF Files\745130421650.pdf","0"
"","","PDF","EN_USO",".pdf","745130421651.pdf","3. PDF Files","I:\PROYECTOS DE DISEÑO(ADOLFO)\(PIERRE ZEITOUNE) FERRETTI\ADOLFO CODIGOS DE BARRAS\3. PDF Files\745130421651.pdf","0"
"","","PDF","EN_USO",".pdf","745130421652.pdf","3. PDF Files","I:\PROYECTOS DE DISEÑO(ADOLFO)\(PIERRE ZEITOUNE) FERRETTI\ADOLFO CODIGOS DE BARRAS\3. PDF Files\745130421652.pdf","0"
"","","PDF","EN_USO",".pdf","745130421653.pdf","3. PDF Files","I:\PROYECTOS DE DISEÑO(ADOLFO)\(PIERRE ZEITOUNE) FERRETTI\ADOLFO CODIGOS DE BARRAS\3. PDF Files\745130421653.pdf","0"
"","","PDF","EN_USO",".pdf","745130421654.pdf","3. PDF Files","I:\PROYECTOS DE DISEÑO(ADOLFO)\(PIERRE ZEITOUNE) FERRETTI\ADOLFO CODIGOS DE BARRAS\3. PDF Files\745130421654.pdf","0"
"","","PDF","EN_USO",".pdf","745130421655.pdf","3. PDF Files","I:\PROYECTOS DE DISEÑO(ADOLFO)\(PIERRE ZEITOUNE) FERRETTI\ADOLFO CODIGOS DE BARRAS\3. PDF Files\745130421655.pdf","0"
"","","PDF","EN_USO",".pdf","745130421656.pdf","3. PDF Files","I:\PROYECTOS DE DISEÑO(ADOLFO)\(PIERRE ZEITOUNE) FERRETTI\ADOLFO CODIGOS DE BARRAS\3. PDF Files\745130421656.pdf","0"
"","","PDF","EN_USO",".pdf","745130421657.pdf","3. PDF Files","I:\PROYECTOS DE DISEÑO(ADOLFO)\(PIERRE ZEITOUNE) FERRETTI\ADOLFO CODIGOS DE BARRAS\3. PDF Files\745130421657.pdf","0"
"","","PDF","EN_USO",".pdf","745130421658.pdf","3. PDF Files","I:\PROYECTOS DE DISEÑO(ADOLFO)\(PIERRE ZEITOUNE) FERRETTI\ADOLFO CODIGOS DE BARRAS\3. PDF Files\745130421658.pdf","0"
"","","PDF","EN_USO",".pdf","745130421659.pdf","3. PDF Files","I:\PROYECTOS DE DISEÑO(ADOLFO)\(PIERRE ZEITOUNE) FERRETTI\ADOLFO CODIGOS DE BARRAS\3. PDF Files\745130421659.pdf","0"
"","","PDF","EN_USO",".pdf","745130421660.pdf","3. PDF Files","I:\PROYECTOS DE DISEÑO(ADOLFO)\(PIERRE ZEITOUNE) FERRETTI\ADOLFO CODIGOS DE BARRAS\3. PDF Files\745130421660.pdf","0"
"","","PDF","EN_USO",".pdf","745130421661.pdf","3. PDF Files","I:\PROYECTOS DE DISEÑO(ADOLFO)\(PIERRE ZEITOUNE) FERRETTI\ADOLFO CODIGOS DE BARRAS\3. PDF Files\745130421661.pdf","0"
"","","PDF","EN_USO",".pdf","745130421662.pdf","3. PDF Files","I:\PROYECTOS DE DISEÑO(ADOLFO)\(PIERRE ZEITOUNE) FERRETTI\ADOLFO CODIGOS DE BARRAS\3. PDF Files\745130421662.pdf","0"
"","","PDF","EN_USO",".pdf","745130421663.pdf","3. PDF Files","I:\PROYECTOS DE DISEÑO(ADOLFO)\(PIERRE ZEITOUNE) FERRETTI\ADOLFO CODIGOS DE BARRAS\3. PDF Files\745130421663.pdf","0"
"","","PDF","EN_USO",".pdf","745130421664.pdf","3. PDF Files","I:\PROYECTOS DE DISEÑO(ADOLFO)\(PIERRE ZEITOUNE) FERRETTI\ADOLFO CODIGOS DE BARRAS\3. PDF Files\745130421664.pdf","0"
"","","PDF","EN_USO",".pdf","745130421665.pdf","3. PDF Files","I:\PROYECTOS DE DISEÑO(ADOLFO)\(PIERRE ZEITOUNE) FERRETTI\ADOLFO CODIGOS DE BARRAS\3. PDF Files\745130421665.pdf","0"
"","","PDF","EN_USO",".pdf","745130421666.pdf","3. PDF Files","I:\PROYECTOS DE DISEÑO(ADOLFO)\(PIERRE ZEITOUNE) FERRETTI\ADOLFO CODIGOS DE BARRAS\3. PDF Files\745130421666.pdf","0"
"","","PDF","EN_USO",".pdf","745130421667.pdf","3. PDF Files","I:\PROYECTOS DE DISEÑO(ADOLFO)\(PIERRE ZEITOUNE) FERRETTI\ADOLFO CODIGOS DE BARRAS\3. PDF Files\745130421667.pdf","0"
"","","PDF","EN_USO",".pdf","745130421668.pdf","3. PDF Files","I:\PROYECTOS DE DISEÑO(ADOLFO)\(PIERRE ZEITOUNE) FERRETTI\ADOLFO CODIGOS DE BARRAS\3. PDF Files\745130421668.pdf","0"
"","","PDF","EN_USO",".pdf","745130421669.pdf","3. PDF Files","I:\PROYECTOS DE DISEÑO(ADOLFO)\(PIERRE ZEITOUNE) FERRETTI\ADOLFO CODIGOS DE BARRAS\3. PDF Files\745130421669.pdf","0"
"","","PDF","EN_USO",".pdf","745130421670.pdf","3. PDF Files","I:\PROYECTOS DE DISEÑO(ADOLFO)\(PIERRE ZEITOUNE) FERRETTI\ADOLFO CODIGOS DE BARRAS\3. PDF Files\745130421670.pdf","0"
"","","PDF","EN_USO",".pdf","745130421671.pdf","3. PDF Files","I:\PROYECTOS DE DISEÑO(ADOLFO)\(PIERRE ZEITOUNE) FERRETTI\ADOLFO CODIGOS DE BARRAS\3. PDF Files\745130421671.pdf","0"
"","","PDF","EN_USO",".pdf","745130421672.pdf","3. PDF Files","I:\PROYECTOS DE DISEÑO(ADOLFO)\(PIERRE ZEITOUNE) FERRETTI\ADOLFO CODIGOS DE BARRAS\3. PDF Files\745130421672.pdf","0"
"","","PDF","EN_USO",".pdf","745130421673.pdf","3. PDF Files","I:\PROYECTOS DE DISEÑO(ADOLFO)\(PIERRE ZEITOUNE) FERRETTI\ADOLFO CODIGOS DE BARRAS\3. PDF Files\745130421673.pdf","0"
"","","PDF","EN_USO",".pdf","745130421674.pdf","3. PDF Files","I:\PROYECTOS DE DISEÑO(ADOLFO)\(PIERRE ZEITOUNE) FERRETTI\ADOLFO CODIGOS DE BARRAS\3. PDF Files\745130421674.pdf","0"
"","","PDF","EN_USO",".pdf","745130421675.pdf","3. PDF Files","I:\PROYECTOS DE DISEÑO(ADOLFO)\(PIERRE ZEITOUNE) FERRETTI\ADOLFO CODIGOS DE BARRAS\3. PDF Files\745130421675.pdf","0"
"","","PDF","EN_USO",".pdf","745130421676.pdf","3. PDF Files","I:\PROYECTOS DE DISEÑO(ADOLFO)\(PIERRE ZEITOUNE) FERRETTI\ADOLFO CODIGOS DE BARRAS\3. PDF Files\745130421676.pdf","0"
"","","PDF","EN_USO",".pdf","745130421677.pdf","3. PDF Files","I:\PROYECTOS DE DISEÑO(ADOLFO)\(PIERRE ZEITOUNE) FERRETTI\ADOLFO CODIGOS DE BARRAS\3. PDF Files\745130421677.pdf","0"
"","","PDF","EN_USO",".pdf","745130421678.pdf","3. PDF Files","I:\PROYECTOS DE DISEÑO(ADOLFO)\(PIERRE ZEITOUNE) FERRETTI\ADOLFO CODIGOS DE BARRAS\3. PDF Files\745130421678.pdf","0"
"","","PDF","EN_USO",".pdf","745130421679.pdf","3. PDF Files","I:\PROYECTOS DE DISEÑO(ADOLFO)\(PIERRE ZEITOUNE) FERRETTI\ADOLFO CODIGOS DE BARRAS\3. PDF Files\745130421679.pdf","0"
"","","PDF","EN_USO",".pdf","745130421680.pdf","3. PDF Files","I:\PROYECTOS DE DISEÑO(ADOLFO)\(PIERRE ZEITOUNE) FERRETTI\ADOLFO CODIGOS DE BARRAS\3. PDF Files\745130421680.pdf","0"
"","","PDF","EN_USO",".pdf","745130421681.pdf","3. PDF Files","I:\PROYECTOS DE DISEÑO(ADOLFO)\(PIERRE ZEITOUNE) FERRETTI\ADOLFO CODIGOS DE BARRAS\3. PDF Files\745130421681.pdf","0"
"","","PDF","EN_USO",".pdf","745130421682.pdf","3. PDF Files","I:\PROYECTOS DE DISEÑO(ADOLFO)\(PIERRE ZEITOUNE) FERRETTI\ADOLFO CODIGOS DE BARRAS\3. PDF Files\745130421682.pdf","0"
"","","PDF","EN_USO",".pdf","745130421683.pdf","3. PDF Files","I:\PROYECTOS DE DISEÑO(ADOLFO)\(PIERRE ZEITOUNE) FERRETTI\ADOLFO CODIGOS DE BARRAS\3. PDF Files\745130421683.pdf","0"
"","","PDF","EN_USO",".pdf","745130421684.pdf","3. PDF Files","I:\PROYECTOS DE DISEÑO(ADOLFO)\(PIERRE ZEITOUNE) FERRETTI\ADOLFO CODIGOS DE BARRAS\3. PDF Files\745130421684.pdf","0"
"","","PDF","EN_USO",".pdf","745130421685.pdf","3. PDF Files","I:\PROYECTOS DE DISEÑO(ADOLFO)\(PIERRE ZEITOUNE) FERRETTI\ADOLFO CODIGOS DE BARRAS\3. PDF Files\745130421685.pdf","0"
"","","PDF","EN_USO",".pdf","745130421686.pdf","3. PDF Files","I:\PROYECTOS DE DISEÑO(ADOLFO)\(PIERRE ZEITOUNE) FERRETTI\ADOLFO CODIGOS DE BARRAS\3. PDF Files\745130421686.pdf","0"
"","","PDF","EN_USO",".pdf","745130421687.pdf","3. PDF Files","I:\PROYECTOS DE DISEÑO(ADOLFO)\(PIERRE ZEITOUNE) FERRETTI\ADOLFO CODIGOS DE BARRAS\3. PDF Files\745130421687.pdf","0"
"","","PDF","EN_USO",".pdf","745130421688.pdf","3. PDF Files","I:\PROYECTOS DE DISEÑO(ADOLFO)\(PIERRE ZEITOUNE) FERRETTI\ADOLFO CODIGOS DE BARRAS\3. PDF Files\745130421688.pdf","0"
"","","PDF","EN_USO",".pdf","745130421689.pdf","3. PDF Files","I:\PROYECTOS DE DISEÑO(ADOLFO)\(PIERRE ZEITOUNE) FERRETTI\ADOLFO CODIGOS DE BARRAS\3. PDF Files\745130421689.pdf","0"
"","","PDF","EN_USO",".pdf","745130421690.pdf","3. PDF Files","I:\PROYECTOS DE DISEÑO(ADOLFO)\(PIERRE ZEITOUNE) FERRETTI\ADOLFO CODIGOS DE BARRAS\3. PDF Files\745130421690.pdf","0"
"","","PDF","EN_USO",".pdf","745130421691.pdf","3. PDF Files","I:\PROYECTOS DE DISEÑO(ADOLFO)\(PIERRE ZEITOUNE) FERRETTI\ADOLFO CODIGOS DE BARRAS\3. PDF Files\745130421691.pdf","0"
"","","PDF","EN_USO",".pdf","745130421692.pdf","3. PDF Files","I:\PROYECTOS DE DISEÑO(ADOLFO)\(PIERRE ZEITOUNE) FERRETTI\ADOLFO CODIGOS DE BARRAS\3. PDF Files\745130421692.pdf","0"
"","","PDF","EN_USO",".pdf","745130421693.pdf","3. PDF Files","I:\PROYECTOS DE DISEÑO(ADOLFO)\(PIERRE ZEITOUNE) FERRETTI\ADOLFO CODIGOS DE BARRAS\3. PDF Files\745130421693.pdf","0"
"","","PDF","EN_USO",".pdf","745130421694.pdf","3. PDF Files","I:\PROYECTOS DE DISEÑO(ADOLFO)\(PIERRE ZEITOUNE) FERRETTI\ADOLFO CODIGOS DE BARRAS\3. PDF Files\745130421694.pdf","0"
"","","PDF","EN_USO",".pdf","745130421695.pdf","3. PDF Files","I:\PROYECTOS DE DISEÑO(ADOLFO)\(PIERRE ZEITOUNE) FERRETTI\ADOLFO CODIGOS DE BARRAS\3. PDF Files\745130421695.pdf","0"
"","","PDF","EN_USO",".pdf","745130421696.pdf","3. PDF Files","I:\PROYECTOS DE DISEÑO(ADOLFO)\(PIERRE ZEITOUNE) FERRETTI\ADOLFO CODIGOS DE BARRAS\3. PDF Files\745130421696.pdf","0"
"","","PDF","EN_USO",".pdf","745130421697.pdf","3. PDF Files","I:\PROYECTOS DE DISEÑO(ADOLFO)\(PIERRE ZEITOUNE) FERRETTI\ADOLFO CODIGOS DE BARRAS\3. PDF Files\745130421697.pdf","0"
"","","PDF","EN_USO",".pdf","745130421698.pdf","3. PDF Files","I:\PROYECTOS DE DISEÑO(ADOLFO)\(PIERRE ZEITOUNE) FERRETTI\ADOLFO CODIGOS DE BARRAS\3. PDF Files\745130421698.pdf","0"
"","","PDF","EN_USO",".pdf","745130421699.pdf","3. PDF Files","I:\PROYECTOS DE DISEÑO(ADOLFO)\(PIERRE ZEITOUNE) FERRETTI\ADOLFO CODIGOS DE BARRAS\3. PDF Files\745130421699.pdf","0"
"","","PDF","EN_USO",".pdf","745130421700.pdf","3. PDF Files","I:\PROYECTOS DE DISEÑO(ADOLFO)\(PIERRE ZEITOUNE) FERRETTI\ADOLFO CODIGOS DE BARRAS\3. PDF Files\745130421700.pdf","0"
"","","PDF","EN_USO",".pdf","745130421701.pdf","3. PDF Files","I:\PROYECTOS DE DISEÑO(ADOLFO)\(PIERRE ZEITOUNE) FERRETTI\ADOLFO CODIGOS DE BARRAS\3. PDF Files\745130421701.pdf","0"
"","","PDF","EN_USO",".pdf","745130421702.pdf","3. PDF Files","I:\PROYECTOS DE DISEÑO(ADOLFO)\(PIERRE ZEITOUNE) FERRETTI\ADOLFO CODIGOS DE BARRAS\3. PDF Files\745130421702.pdf","0"
"","","PDF","EN_USO",".pdf","745130421703.pdf","3. PDF Files","I:\PROYECTOS DE DISEÑO(ADOLFO)\(PIERRE ZEITOUNE) FERRETTI\ADOLFO CODIGOS DE BARRAS\3. PDF Files\745130421703.pdf","0"
"","","PDF","EN_USO",".pdf","745130421704.pdf","3. PDF Files","I:\PROYECTOS DE DISEÑO(ADOLFO)\(PIERRE ZEITOUNE) FERRETTI\ADOLFO CODIGOS DE BARRAS\3. PDF Files\745130421704.pdf","0"
"","","PDF","EN_USO",".pdf","745130421705.pdf","3. PDF Files","I:\PROYECTOS DE DISEÑO(ADOLFO)\(PIERRE ZEITOUNE) FERRETTI\ADOLFO CODIGOS DE BARRAS\3. PDF Files\745130421705.pdf","0"
"","","PDF","EN_USO",".pdf","745130421706.pdf","3. PDF Files","I:\PROYECTOS DE DISEÑO(ADOLFO)\(PIERRE ZEITOUNE) FERRETTI\ADOLFO CODIGOS DE BARRAS\3. PDF Files\745130421706.pdf","0"
"","","PDF","EN_USO",".pdf","745130421707.pdf","3. PDF Files","I:\PROYECTOS DE DISEÑO(ADOLFO)\(PIERRE ZEITOUNE) FERRETTI\ADOLFO CODIGOS DE BARRAS\3. PDF Files\745130421707.pdf","0"
"","","PDF","EN_USO",".pdf","745130421708.pdf","3. PDF Files","I:\PROYECTOS DE DISEÑO(ADOLFO)\(PIERRE ZEITOUNE) FERRETTI\ADOLFO CODIGOS DE BARRAS\3. PDF Files\745130421708.pdf","0"
"","","PDF","EN_USO",".pdf","745130421709.pdf","3. PDF Files","I:\PROYECTOS DE DISEÑO(ADOLFO)\(PIERRE ZEITOUNE) FERRETTI\ADOLFO CODIGOS DE BARRAS\3. PDF Files\745130421709.pdf","0"
"","","PDF","EN_USO",".pdf","745130421710.pdf","3. PDF Files","I:\PROYECTOS DE DISEÑO(ADOLFO)\(PIERRE ZEITOUNE) FERRETTI\ADOLFO CODIGOS DE BARRAS\3. PDF Files\745130421710.pdf","0"
"","","PDF","EN_USO",".pdf","745130421711.pdf","3. PDF Files","I:\PROYECTOS DE DISEÑO(ADOLFO)\(PIERRE ZEITOUNE) FERRETTI\ADOLFO CODIGOS DE BARRAS\3. PDF Files\745130421711.pdf","0"
"","","PDF","EN_USO",".pdf","745130421712.pdf","3. PDF Files","I:\PROYECTOS DE DISEÑO(ADOLFO)\(PIERRE ZEITOUNE) FERRETTI\ADOLFO CODIGOS DE BARRAS\3. PDF Files\745130421712.pdf","0"
"","","PDF","EN_USO",".pdf","745130421713.pdf","3. PDF Files","I:\PROYECTOS DE DISEÑO(ADOLFO)\(PIERRE ZEITOUNE) FERRETTI\ADOLFO CODIGOS DE BARRAS\3. PDF Files\745130421713.pdf","0"
"","","PDF","EN_USO",".pdf","745130421714.pdf","3. PDF Files","I:\PROYECTOS DE DISEÑO(ADOLFO)\(PIERRE ZEITOUNE) FERRETTI\ADOLFO CODIGOS DE BARRAS\3. PDF Files\745130421714.pdf","0"
"","","PDF","EN_USO",".pdf","745130421715.pdf","3. PDF Files","I:\PROYECTOS DE DISEÑO(ADOLFO)\(PIERRE ZEITOUNE) FERRETTI\ADOLFO CODIGOS DE BARRAS\3. PDF Files\745130421715.pdf","0"
"","","PDF","EN_USO",".pdf","745130421716.pdf","3. PDF Files","I:\PROYECTOS DE DISEÑO(ADOLFO)\(PIERRE ZEITOUNE) FERRETTI\ADOLFO CODIGOS DE BARRAS\3. PDF Files\745130421716.pdf","0"
"","","PDF","EN_USO",".pdf","745130421717.pdf","3. PDF Files","I:\PROYECTOS DE DISEÑO(ADOLFO)\(PIERRE ZEITOUNE) FERRETTI\ADOLFO CODIGOS DE BARRAS\3. PDF Files\745130421717.pdf","0"
"","","PDF","EN_USO",".pdf","745130421718.pdf","3. PDF Files","I:\PROYECTOS DE DISEÑO(ADOLFO)\(PIERRE ZEITOUNE) FERRETTI\ADOLFO CODIGOS DE BARRAS\3. PDF Files\745130421718.pdf","0"
"","","PDF","EN_USO",".pdf","745130421719.pdf","3. PDF Files","I:\PROYECTOS DE DISEÑO(ADOLFO)\(PIERRE ZEITOUNE) FERRETTI\ADOLFO CODIGOS DE BARRAS\3. PDF Files\745130421719.pdf","0"
"","","PDF","EN_USO",".pdf","745130421720.pdf","3. PDF Files","I:\PROYECTOS DE DISEÑO(ADOLFO)\(PIERRE ZEITOUNE) FERRETTI\ADOLFO CODIGOS DE BARRAS\3. PDF Files\745130421720.pdf","0"
"","","PDF","EN_USO",".pdf","745130421721.pdf","3. PDF Files","I:\PROYECTOS DE DISEÑO(ADOLFO)\(PIERRE ZEITOUNE) FERRETTI\ADOLFO CODIGOS DE BARRAS\3. PDF Files\745130421721.pdf","0"
"","","PDF","EN_USO",".pdf","745130421722.pdf","3. PDF Files","I:\PROYECTOS DE DISEÑO(ADOLFO)\(PIERRE ZEITOUNE) FERRETTI\ADOLFO CODIGOS DE BARRAS\3. PDF Files\745130421722.pdf","0"
"","","PDF","EN_USO",".pdf","745130421723.pdf","3. PDF Files","I:\PROYECTOS DE DISEÑO(ADOLFO)\(PIERRE ZEITOUNE) FERRETTI\ADOLFO CODIGOS DE BARRAS\3. PDF Files\745130421723.pdf","0"
"","","PDF","EN_USO",".pdf","745130421724.pdf","3. PDF Files","I:\PROYECTOS DE DISEÑO(ADOLFO)\(PIERRE ZEITOUNE) FERRETTI\ADOLFO CODIGOS DE BARRAS\3. PDF Files\745130421724.pdf","0"
"","","PDF","EN_USO",".pdf","745130421725.pdf","3. PDF Files","I:\PROYECTOS DE DISEÑO(ADOLFO)\(PIERRE ZEITOUNE) FERRETTI\ADOLFO CODIGOS DE BARRAS\3. PDF Files\745130421725.pdf","0"
"","","PDF","EN_USO",".pdf","745130421726.pdf","3. PDF Files","I:\PROYECTOS DE DISEÑO(ADOLFO)\(PIERRE ZEITOUNE) FERRETTI\ADOLFO CODIGOS DE BARRAS\3. PDF Files\745130421726.pdf","0"
"","","PDF","EN_USO",".pdf","745130421727.pdf","3. PDF Files","I:\PROYECTOS DE DISEÑO(ADOLFO)\(PIERRE ZEITOUNE) FERRETTI\ADOLFO CODIGOS DE BARRAS\3. PDF Files\745130421727.pdf","0"
"","","PDF","EN_USO",".pdf","745130421728.pdf","3. PDF Files","I:\PROYECTOS DE DISEÑO(ADOLFO)\(PIERRE ZEITOUNE) FERRETTI\ADOLFO CODIGOS DE BARRAS\3. PDF Files\745130421728.pdf","0"
"","","PDF","EN_USO",".pdf","745130421729.pdf","3. PDF Files","I:\PROYECTOS DE DISEÑO(ADOLFO)\(PIERRE ZEITOUNE) FERRETTI\ADOLFO CODIGOS DE BARRAS\3. PDF Files\745130421729.pdf","0"
"","","PDF","EN_USO",".pdf","745130421730.pdf","3. PDF Files","I:\PROYECTOS DE DISEÑO(ADOLFO)\(PIERRE ZEITOUNE) FERRETTI\ADOLFO CODIGOS DE BARRAS\3. PDF Files\745130421730.pdf","0"
"","","PDF","EN_USO",".pdf","745130421731.pdf","3. PDF Files","I:\PROYECTOS DE DISEÑO(ADOLFO)\(PIERRE ZEITOUNE) FERRETTI\ADOLFO CODIGOS DE BARRAS\3. PDF Files\745130421731.pdf","0"
"","","PDF","EN_USO",".pdf","745130421732.pdf","3. PDF Files","I:\PROYECTOS DE DISEÑO(ADOLFO)\(PIERRE ZEITOUNE) FERRETTI\ADOLFO CODIGOS DE BARRAS\3. PDF Files\745130421732.pdf","0"
"","","PDF","EN_USO",".pdf","745130421733.pdf","3. PDF Files","I:\PROYECTOS DE DISEÑO(ADOLFO)\(PIERRE ZEITOUNE) FERRETTI\ADOLFO CODIGOS DE BARRAS\3. PDF Files\745130421733.pdf","0"
"","","PDF","EN_USO",".pdf","745130421734.pdf","3. PDF Files","I:\PROYECTOS DE DISEÑO(ADOLFO)\(PIERRE ZEITOUNE) FERRETTI\ADOLFO CODIGOS DE BARRAS\3. PDF Files\745130421734.pdf","0"
"","","PDF","EN_USO",".pdf","745130421735.pdf","3. PDF Files","I:\PROYECTOS DE DISEÑO(ADOLFO)\(PIERRE ZEITOUNE) FERRETTI\ADOLFO CODIGOS DE BARRAS\3. PDF Files\745130421735.pdf","0"
"","","PDF","EN_USO",".pdf","745130421736.pdf","3. PDF Files","I:\PROYECTOS DE DISEÑO(ADOLFO)\(PIERRE ZEITOUNE) FERRETTI\ADOLFO CODIGOS DE BARRAS\3. PDF Files\745130421736.pdf","0"
"","","PDF","EN_USO",".pdf","745130421737.pdf","3. PDF Files","I:\PROYECTOS DE DISEÑO(ADOLFO)\(PIERRE ZEITOUNE) FERRETTI\ADOLFO CODIGOS DE BARRAS\3. PDF Files\745130421737.pdf","0"
"","","PDF","EN_USO",".pdf","745130421738.pdf","3. PDF Files","I:\PROYECTOS DE DISEÑO(ADOLFO)\(PIERRE ZEITOUNE) FERRETTI\ADOLFO CODIGOS DE BARRAS\3. PDF Files\745130421738.pdf","0"
"","","PDF","EN_USO",".pdf","745130421739.pdf","3. PDF Files","I:\PROYECTOS DE DISEÑO(ADOLFO)\(PIERRE ZEITOUNE) FERRETTI\ADOLFO CODIGOS DE BARRAS\3. PDF Files\745130421739.pdf","0"
"","","PDF","EN_USO",".pdf","745130421740.pdf","3. PDF Files","I:\PROYECTOS DE DISEÑO(ADOLFO)\(PIERRE ZEITOUNE) FERRETTI\ADOLFO CODIGOS DE BARRAS\3. PDF Files\745130421740.pdf","0"
"","","PDF","EN_USO",".pdf","745130421741.pdf","3. PDF Files","I:\PROYECTOS DE DISEÑO(ADOLFO)\(PIERRE ZEITOUNE) FERRETTI\ADOLFO CODIGOS DE BARRAS\3. PDF Files\745130421741.pdf","0"
"","","PDF","EN_USO",".pdf","745130421742.pdf","3. PDF Files","I:\PROYECTOS DE DISEÑO(ADOLFO)\(PIERRE ZEITOUNE) FERRETTI\ADOLFO CODIGOS DE BARRAS\3. PDF Files\745130421742.pdf","0"
"","","PDF","EN_USO",".pdf","745130421743.pdf","3. PDF Files","I:\PROYECTOS DE DISEÑO(ADOLFO)\(PIERRE ZEITOUNE) FERRETTI\ADOLFO CODIGOS DE BARRAS\3. PDF Files\745130421743.pdf","0"
"","","Raiz","EN_USO",".eps","745130421350.eps","ADOLFO CODIGOS DE BARRAS","I:\PROYECTOS DE DISEÑO(ADOLFO)\(PIERRE ZEITOUNE) FERRETTI\ADOLFO CODIGOS DE BARRAS\745130421350.eps","0"
"","","Raiz","EN_USO",".eps","745130421351.eps","ADOLFO CODIGOS DE BARRAS","I:\PROYECTOS DE DISEÑO(ADOLFO)\(PIERRE ZEITOUNE) FERRETTI\ADOLFO CODIGOS DE BARRAS\745130421351.eps","0"
"","","Raiz","EN_USO",".eps","745130421352.eps","ADOLFO CODIGOS DE BARRAS","I:\PROYECTOS DE DISEÑO(ADOLFO)\(PIERRE ZEITOUNE) FERRETTI\ADOLFO CODIGOS DE BARRAS\745130421352.eps","0"
"","","Raiz","EN_USO",".jpg","BAR CODE NOMENCLATURE EXPLANATION.jpg","ADOLFO CODIGOS DE BARRAS","I:\PROYECTOS DE DISEÑO(ADOLFO)\(PIERRE ZEITOUNE) FERRETTI\ADOLFO CODIGOS DE BARRAS\BAR CODE NOMENCLATURE EXPLANATION.jpg","0"
"","","SIN_UTILIZAR","SIN_UTILIZAR",".eps","745130421457.eps","USADOS EN 2021","I:\PROYECTOS DE DISEÑO(ADOLFO)\(PIERRE ZEITOUNE) FERRETTI\ADOLFO CODIGOS DE BARRAS\1. EPS-SIN UTILIZAR\USADOS EN 2021\745130421457.eps","0"
"","","SIN_UTILIZAR","SIN_UTILIZAR",".eps","745130421458.eps","USADOS EN 2021","I:\PROYECTOS DE DISEÑO(ADOLFO)\(PIERRE ZEITOUNE) FERRETTI\ADOLFO CODIGOS DE BARRAS\1. EPS-SIN UTILIZAR\USADOS EN 2021\745130421458.eps","0"
"","","SIN_UTILIZAR","SIN_UTILIZAR",".eps","745130421459.eps","USADOS EN 2021","I:\PROYECTOS DE DISEÑO(ADOLFO)\(PIERRE ZEITOUNE) FERRETTI\ADOLFO CODIGOS DE BARRAS\1. EPS-SIN UTILIZAR\USADOS EN 2021\745130421459.eps","0"
"","","SIN_UTILIZAR","SIN_UTILIZAR",".eps","745130421460.eps","USADOS EN 2021","I:\PROYECTOS DE DISEÑO(ADOLFO)\(PIERRE ZEITOUNE) FERRETTI\ADOLFO CODIGOS DE BARRAS\1. EPS-SIN UTILIZAR\USADOS EN 2021\745130421460.eps","0"
"","","SIN_UTILIZAR","SIN_UTILIZAR",".eps","745130421461.eps","USADOS EN 2021","I:\PROYECTOS DE DISEÑO(ADOLFO)\(PIERRE ZEITOUNE) FERRETTI\ADOLFO CODIGOS DE BARRAS\1. EPS-SIN UTILIZAR\USADOS EN 2021\745130421461.eps","0"
"","","SIN_UTILIZAR","SIN_UTILIZAR",".eps","745130421462.eps","USADOS EN 2021","I:\PROYECTOS DE DISEÑO(ADOLFO)\(PIERRE ZEITOUNE) FERRETTI\ADOLFO CODIGOS DE BARRAS\1. EPS-SIN UTILIZAR\USADOS EN 2021\745130421462.eps","0"
"","","SIN_UTILIZAR","SIN_UTILIZAR",".eps","745130421463.eps","USADOS EN 2021","I:\PROYECTOS DE DISEÑO(ADOLFO)\(PIERRE ZEITOUNE) FERRETTI\ADOLFO CODIGOS DE BARRAS\1. EPS-SIN UTILIZAR\USADOS EN 2021\745130421463.eps","0"
"","","SIN_UTILIZAR","SIN_UTILIZAR",".eps","745130421464.eps","USADOS EN 2021","I:\PROYECTOS DE DISEÑO(ADOLFO)\(PIERRE ZEITOUNE) FERRETTI\ADOLFO CODIGOS DE BARRAS\1. EPS-SIN UTILIZAR\USADOS EN 2021\745130421464.eps","0"
"","","SIN_UTILIZAR","SIN_UTILIZAR",".eps","745130421465.eps","USADOS EN 2021","I:\PROYECTOS DE DISEÑO(ADOLFO)\(PIERRE ZEITOUNE) FERRETTI\ADOLFO CODIGOS DE BARRAS\1. EPS-SIN UTILIZAR\USADOS EN 2021\745130421465.eps","0"
"","","SIN_UTILIZAR","SIN_UTILIZAR",".eps","745130421466.eps","USADOS EN 2021","I:\PROYECTOS DE DISEÑO(ADOLFO)\(PIERRE ZEITOUNE) FERRETTI\ADOLFO CODIGOS DE BARRAS\1. EPS-SIN UTILIZAR\USADOS EN 2021\745130421466.eps","0"
"","","SIN_UTILIZAR","SIN_UTILIZAR",".eps","745130421467.eps","USADOS EN 2021","I:\PROYECTOS DE DISEÑO(ADOLFO)\(PIERRE ZEITOUNE) FERRETTI\ADOLFO CODIGOS DE BARRAS\1. EPS-SIN UTILIZAR\USADOS EN 2021\745130421467.eps","0"
"","","SIN_UTILIZAR","SIN_UTILIZAR",".eps","745130421468.eps","USADOS EN 2021","I:\PROYECTOS DE DISEÑO(ADOLFO)\(PIERRE ZEITOUNE) FERRETTI\ADOLFO CODIGOS DE BARRAS\1. EPS-SIN UTILIZAR\USADOS EN 2021\745130421468.eps","0"
"","","SIN_UTILIZAR","SIN_UTILIZAR",".eps","745130421469.eps","USADOS EN 2021","I:\PROYECTOS DE DISEÑO(ADOLFO)\(PIERRE ZEITOUNE) FERRETTI\ADOLFO CODIGOS DE BARRAS\1. EPS-SIN UTILIZAR\USADOS EN 2021\745130421469.eps","0"
"","","SIN_UTILIZAR","SIN_UTILIZAR",".eps","745130421470.eps","USADOS EN 2021","I:\PROYECTOS DE DISEÑO(ADOLFO)\(PIERRE ZEITOUNE) FERRETTI\ADOLFO CODIGOS DE BARRAS\1. EPS-SIN UTILIZAR\USADOS EN 2021\745130421470.eps","0"
"","","SIN_UTILIZAR","SIN_UTILIZAR",".eps","745130421471.eps","USADOS EN 2021","I:\PROYECTOS DE DISEÑO(ADOLFO)\(PIERRE ZEITOUNE) FERRETTI\ADOLFO CODIGOS DE BARRAS\1. EPS-SIN UTILIZAR\USADOS EN 2021\745130421471.eps","0"
"","","SIN_UTILIZAR","SIN_UTILIZAR",".eps","745130421472.eps","USADOS EN 2021","I:\PROYECTOS DE DISEÑO(ADOLFO)\(PIERRE ZEITOUNE) FERRETTI\ADOLFO CODIGOS DE BARRAS\1. EPS-SIN UTILIZAR\USADOS EN 2021\745130421472.eps","0"
"","","SIN_UTILIZAR","SIN_UTILIZAR",".eps","745130421473.eps","USADOS EN 2021","I:\PROYECTOS DE DISEÑO(ADOLFO)\(PIERRE ZEITOUNE) FERRETTI\ADOLFO CODIGOS DE BARRAS\1. EPS-SIN UTILIZAR\USADOS EN 2021\745130421473.eps","0"
"","","SIN_UTILIZAR","SIN_UTILIZAR",".eps","745130421474.eps","USADOS EN 2021","I:\PROYECTOS DE DISEÑO(ADOLFO)\(PIERRE ZEITOUNE) FERRETTI\ADOLFO CODIGOS DE BARRAS\1. EPS-SIN UTILIZAR\USADOS EN 2021\745130421474.eps","0"
"","","SIN_UTILIZAR","SIN_UTILIZAR",".eps","745130421475.eps","USADOS EN 2021","I:\PROYECTOS DE DISEÑO(ADOLFO)\(PIERRE ZEITOUNE) FERRETTI\ADOLFO CODIGOS DE BARRAS\1. EPS-SIN UTILIZAR\USADOS EN 2021\745130421475.eps","0"
"","","SIN_UTILIZAR","SIN_UTILIZAR",".eps","745130421476.eps","USADOS EN 2021","I:\PROYECTOS DE DISEÑO(ADOLFO)\(PIERRE ZEITOUNE) FERRETTI\ADOLFO CODIGOS DE BARRAS\1. EPS-SIN UTILIZAR\USADOS EN 2021\745130421476.eps","0"
"","","SIN_UTILIZAR","SIN_UTILIZAR",".ai","745130421477.ai","USADOS EN 2021","I:\PROYECTOS DE DISEÑO(ADOLFO)\(PIERRE ZEITOUNE) FERRETTI\ADOLFO CODIGOS DE BARRAS\1. EPS-SIN UTILIZAR\USADOS EN 2021\745130421477.ai","0"
"","","SIN_UTILIZAR","SIN_UTILIZAR",".eps","745130421477.eps","USADOS EN 2021","I:\PROYECTOS DE DISEÑO(ADOLFO)\(PIERRE ZEITOUNE) FERRETTI\ADOLFO CODIGOS DE BARRAS\1. EPS-SIN UTILIZAR\USADOS EN 2021\745130421477.eps","0"
"","","SIN_UTILIZAR","SIN_UTILIZAR",".eps","745130421478.eps","USADOS EN 2021","I:\PROYECTOS DE DISEÑO(ADOLFO)\(PIERRE ZEITOUNE) FERRETTI\ADOLFO CODIGOS DE BARRAS\1. EPS-SIN UTILIZAR\USADOS EN 2021\745130421478.eps","0"
"","","SIN_UTILIZAR","SIN_UTILIZAR",".eps","745130421479.eps","USADOS EN 2021","I:\PROYECTOS DE DISEÑO(ADOLFO)\(PIERRE ZEITOUNE) FERRETTI\ADOLFO CODIGOS DE BARRAS\1. EPS-SIN UTILIZAR\USADOS EN 2021\745130421479.eps","0"
"","","SIN_UTILIZAR","SIN_UTILIZAR",".ai","745130421480.ai","CODIGO_BARRAS-VENTILADOR","I:\PROYECTOS DE DISEÑO(ADOLFO)\(PIERRE ZEITOUNE) FERRETTI\ADOLFO CODIGOS DE BARRAS\1. EPS-SIN UTILIZAR\CODIGO_BARRAS-VENTILADOR\745130421480.ai","0"
"","","SIN_UTILIZAR","SIN_UTILIZAR",".eps","745130421480.eps","CODIGO_BARRAS-VENTILADOR","I:\PROYECTOS DE DISEÑO(ADOLFO)\(PIERRE ZEITOUNE) FERRETTI\ADOLFO CODIGOS DE BARRAS\1. EPS-SIN UTILIZAR\CODIGO_BARRAS-VENTILADOR\745130421480.eps","0"
"","","SIN_UTILIZAR","SIN_UTILIZAR",".svg","745130421480.svg","CODIGO_BARRAS-VENTILADOR","I:\PROYECTOS DE DISEÑO(ADOLFO)\(PIERRE ZEITOUNE) FERRETTI\ADOLFO CODIGOS DE BARRAS\1. EPS-SIN UTILIZAR\CODIGO_BARRAS-VENTILADOR\745130421480.svg","0"
"","","SIN_UTILIZAR","SIN_UTILIZAR",".jpg","745130421480-01.jpg","CODIGO_BARRAS-VENTILADOR","I:\PROYECTOS DE DISEÑO(ADOLFO)\(PIERRE ZEITOUNE) FERRETTI\ADOLFO CODIGOS DE BARRAS\1. EPS-SIN UTILIZAR\CODIGO_BARRAS-VENTILADOR\745130421480-01.jpg","0"
"","","SIN_UTILIZAR","SIN_UTILIZAR",".eps","745130421481.eps","GRIFERIAI_ACQUABELA","I:\PROYECTOS DE DISEÑO(ADOLFO)\(PIERRE ZEITOUNE) FERRETTI\ADOLFO CODIGOS DE BARRAS\1. EPS-SIN UTILIZAR\GRIFERIAI_ACQUABELA\745130421481.eps","0"
"","","SIN_UTILIZAR","SIN_UTILIZAR",".eps","745130421482.eps","GRIFERIAI_ACQUABELA","I:\PROYECTOS DE DISEÑO(ADOLFO)\(PIERRE ZEITOUNE) FERRETTI\ADOLFO CODIGOS DE BARRAS\1. EPS-SIN UTILIZAR\GRIFERIAI_ACQUABELA\745130421482.eps","0"
"","","SIN_UTILIZAR","SIN_UTILIZAR",".eps","745130421483.eps","GRIFERIAI_ACQUABELA","I:\PROYECTOS DE DISEÑO(ADOLFO)\(PIERRE ZEITOUNE) FERRETTI\ADOLFO CODIGOS DE BARRAS\1. EPS-SIN UTILIZAR\GRIFERIAI_ACQUABELA\745130421483.eps","0"
"","","SIN_UTILIZAR","SIN_UTILIZAR",".eps","745130421484.eps","GRIFERIAI_ACQUABELA","I:\PROYECTOS DE DISEÑO(ADOLFO)\(PIERRE ZEITOUNE) FERRETTI\ADOLFO CODIGOS DE BARRAS\1. EPS-SIN UTILIZAR\GRIFERIAI_ACQUABELA\745130421484.eps","0"
"","","SIN_UTILIZAR","SIN_UTILIZAR",".eps","745130421485.eps","GRIFERIAI_ACQUABELA","I:\PROYECTOS DE DISEÑO(ADOLFO)\(PIERRE ZEITOUNE) FERRETTI\ADOLFO CODIGOS DE BARRAS\1. EPS-SIN UTILIZAR\GRIFERIAI_ACQUABELA\745130421485.eps","0"
"","","SIN_UTILIZAR","SIN_UTILIZAR",".eps","745130421486.eps","GRIFERIAI_ACQUABELA","I:\PROYECTOS DE DISEÑO(ADOLFO)\(PIERRE ZEITOUNE) FERRETTI\ADOLFO CODIGOS DE BARRAS\1. EPS-SIN UTILIZAR\GRIFERIAI_ACQUABELA\745130421486.eps","0"
"","","SIN_UTILIZAR","SIN_UTILIZAR",".eps","745130421487.eps","GRIFERIAI_ACQUABELA","I:\PROYECTOS DE DISEÑO(ADOLFO)\(PIERRE ZEITOUNE) FERRETTI\ADOLFO CODIGOS DE BARRAS\1. EPS-SIN UTILIZAR\GRIFERIAI_ACQUABELA\745130421487.eps","0"
"","","SIN_UTILIZAR","SIN_UTILIZAR",".eps","745130421488.eps","GRIFERIAI_ACQUABELA","I:\PROYECTOS DE DISEÑO(ADOLFO)\(PIERRE ZEITOUNE) FERRETTI\ADOLFO CODIGOS DE BARRAS\1. EPS-SIN UTILIZAR\GRIFERIAI_ACQUABELA\745130421488.eps","0"
"","","SIN_UTILIZAR","SIN_UTILIZAR",".eps","745130421489.eps","GRIFERIAI_ACQUABELA","I:\PROYECTOS DE DISEÑO(ADOLFO)\(PIERRE ZEITOUNE) FERRETTI\ADOLFO CODIGOS DE BARRAS\1. EPS-SIN UTILIZAR\GRIFERIAI_ACQUABELA\745130421489.eps","0"
"","","SIN_UTILIZAR","SIN_UTILIZAR",".eps","745130421490.eps","GRIFERIAI_ACQUABELA","I:\PROYECTOS DE DISEÑO(ADOLFO)\(PIERRE ZEITOUNE) FERRETTI\ADOLFO CODIGOS DE BARRAS\1. EPS-SIN UTILIZAR\GRIFERIAI_ACQUABELA\745130421490.eps","0"
"","","SIN_UTILIZAR","SIN_UTILIZAR",".eps","745130421491.eps","GRIFERIAI_ACQUABELA","I:\PROYECTOS DE DISEÑO(ADOLFO)\(PIERRE ZEITOUNE) FERRETTI\ADOLFO CODIGOS DE BARRAS\1. EPS-SIN UTILIZAR\GRIFERIAI_ACQUABELA\745130421491.eps","0"
"","","SIN_UTILIZAR","SIN_UTILIZAR",".eps","745130421492.eps","GRIFERIAI_ACQUABELA","I:\PROYECTOS DE DISEÑO(ADOLFO)\(PIERRE ZEITOUNE) FERRETTI\ADOLFO CODIGOS DE BARRAS\1. EPS-SIN UTILIZAR\GRIFERIAI_ACQUABELA\745130421492.eps","0"
"","","SIN_UTILIZAR","SIN_UTILIZAR",".eps","745130421493.eps","GRIFERIAI_ACQUABELA","I:\PROYECTOS DE DISEÑO(ADOLFO)\(PIERRE ZEITOUNE) FERRETTI\ADOLFO CODIGOS DE BARRAS\1. EPS-SIN UTILIZAR\GRIFERIAI_ACQUABELA\745130421493.eps","0"
"","","SIN_UTILIZAR","SIN_UTILIZAR",".eps","745130421494.eps","GRIFERIAI_ACQUABELA","I:\PROYECTOS DE DISEÑO(ADOLFO)\(PIERRE ZEITOUNE) FERRETTI\ADOLFO CODIGOS DE BARRAS\1. EPS-SIN UTILIZAR\GRIFERIAI_ACQUABELA\745130421494.eps","0"
"","","SIN_UTILIZAR","SIN_UTILIZAR",".eps","745130421495.eps","GRIFERIAI_ACQUABELA","I:\PROYECTOS DE DISEÑO(ADOLFO)\(PIERRE ZEITOUNE) FERRETTI\ADOLFO CODIGOS DE BARRAS\1. EPS-SIN UTILIZAR\GRIFERIAI_ACQUABELA\745130421495.eps","0"
"","","SIN_UTILIZAR","SIN_UTILIZAR",".eps","745130421496.eps","GRIFERIAI_ACQUABELA","I:\PROYECTOS DE DISEÑO(ADOLFO)\(PIERRE ZEITOUNE) FERRETTI\ADOLFO CODIGOS DE BARRAS\1. EPS-SIN UTILIZAR\GRIFERIAI_ACQUABELA\745130421496.eps","0"
"","","SIN_UTILIZAR","SIN_UTILIZAR",".eps","745130421497.eps","GRIFERIAI_ACQUABELA","I:\PROYECTOS DE DISEÑO(ADOLFO)\(PIERRE ZEITOUNE) FERRETTI\ADOLFO CODIGOS DE BARRAS\1. EPS-SIN UTILIZAR\GRIFERIAI_ACQUABELA\745130421497.eps","0"
"","","SIN_UTILIZAR","SIN_UTILIZAR",".eps","745130421498.eps","GRIFERIAI_ACQUABELA","I:\PROYECTOS DE DISEÑO(ADOLFO)\(PIERRE ZEITOUNE) FERRETTI\ADOLFO CODIGOS DE BARRAS\1. EPS-SIN UTILIZAR\GRIFERIAI_ACQUABELA\745130421498.eps","0"
"","","SIN_UTILIZAR","SIN_UTILIZAR",".eps","745130421499.eps","GRIFERIAI_ACQUABELA","I:\PROYECTOS DE DISEÑO(ADOLFO)\(PIERRE ZEITOUNE) FERRETTI\ADOLFO CODIGOS DE BARRAS\1. EPS-SIN UTILIZAR\GRIFERIAI_ACQUABELA\745130421499.eps","0"
"","","SIN_UTILIZAR","SIN_UTILIZAR",".eps","745130421500.eps","GRIFERIAI_ACQUABELA","I:\PROYECTOS DE DISEÑO(ADOLFO)\(PIERRE ZEITOUNE) FERRETTI\ADOLFO CODIGOS DE BARRAS\1. EPS-SIN UTILIZAR\GRIFERIAI_ACQUABELA\745130421500.eps","0"
"","","SIN_UTILIZAR","SIN_UTILIZAR",".eps","745130421501.eps","GRIFERIAI_ACQUABELA","I:\PROYECTOS DE DISEÑO(ADOLFO)\(PIERRE ZEITOUNE) FERRETTI\ADOLFO CODIGOS DE BARRAS\1. EPS-SIN UTILIZAR\GRIFERIAI_ACQUABELA\745130421501.eps","0"
"","","SIN_UTILIZAR","SIN_UTILIZAR",".eps","745130421502.eps","REGADERAS Y DUCHAS_ACQUABELA","I:\PROYECTOS DE DISEÑO(ADOLFO)\(PIERRE ZEITOUNE) FERRETTI\ADOLFO CODIGOS DE BARRAS\1. EPS-SIN UTILIZAR\REGADERAS Y DUCHAS_ACQUABELA\745130421502.eps","0"
"","","SIN_UTILIZAR","SIN_UTILIZAR",".eps","745130421503.eps","REGADERAS Y DUCHAS_ACQUABELA","I:\PROYECTOS DE DISEÑO(ADOLFO)\(PIERRE ZEITOUNE) FERRETTI\ADOLFO CODIGOS DE BARRAS\1. EPS-SIN UTILIZAR\REGADERAS Y DUCHAS_ACQUABELA\745130421503.eps","0"
"","","SIN_UTILIZAR","SIN_UTILIZAR",".eps","745130421504.eps","REGADERAS Y DUCHAS_ACQUABELA","I:\PROYECTOS DE DISEÑO(ADOLFO)\(PIERRE ZEITOUNE) FERRETTI\ADOLFO CODIGOS DE BARRAS\1. EPS-SIN UTILIZAR\REGADERAS Y DUCHAS_ACQUABELA\745130421504.eps","0"
"","","SIN_UTILIZAR","SIN_UTILIZAR",".eps","745130421505.eps","REGADERAS Y DUCHAS_ACQUABELA","I:\PROYECTOS DE DISEÑO(ADOLFO)\(PIERRE ZEITOUNE) FERRETTI\ADOLFO CODIGOS DE BARRAS\1. EPS-SIN UTILIZAR\REGADERAS Y DUCHAS_ACQUABELA\745130421505.eps","0"
"","","SIN_UTILIZAR","SIN_UTILIZAR",".eps","745130421506.eps","REGADERAS Y DUCHAS_ACQUABELA","I:\PROYECTOS DE DISEÑO(ADOLFO)\(PIERRE ZEITOUNE) FERRETTI\ADOLFO CODIGOS DE BARRAS\1. EPS-SIN UTILIZAR\REGADERAS Y DUCHAS_ACQUABELA\745130421506.eps","0"
"","","SIN_UTILIZAR","SIN_UTILIZAR",".eps","745130421507.eps","REGADERAS Y DUCHAS_ACQUABELA","I:\PROYECTOS DE DISEÑO(ADOLFO)\(PIERRE ZEITOUNE) FERRETTI\ADOLFO CODIGOS DE BARRAS\1. EPS-SIN UTILIZAR\REGADERAS Y DUCHAS_ACQUABELA\745130421507.eps","0"
"","","SIN_UTILIZAR","SIN_UTILIZAR",".eps","745130421508.eps","REGADERAS Y DUCHAS_ACQUABELA","I:\PROYECTOS DE DISEÑO(ADOLFO)\(PIERRE ZEITOUNE) FERRETTI\ADOLFO CODIGOS DE BARRAS\1. EPS-SIN UTILIZAR\REGADERAS Y DUCHAS_ACQUABELA\745130421508.eps","0"
"","","SIN_UTILIZAR","SIN_UTILIZAR",".eps","745130421509.eps","REGADERAS Y DUCHAS_ACQUABELA","I:\PROYECTOS DE DISEÑO(ADOLFO)\(PIERRE ZEITOUNE) FERRETTI\ADOLFO CODIGOS DE BARRAS\1. EPS-SIN UTILIZAR\REGADERAS Y DUCHAS_ACQUABELA\745130421509.eps","0"
"","","SIN_UTILIZAR","SIN_UTILIZAR",".eps","745130421510.eps","REGADERAS Y DUCHAS_ACQUABELA","I:\PROYECTOS DE DISEÑO(ADOLFO)\(PIERRE ZEITOUNE) FERRETTI\ADOLFO CODIGOS DE BARRAS\1. EPS-SIN UTILIZAR\REGADERAS Y DUCHAS_ACQUABELA\745130421510.eps","0"
"","","SIN_UTILIZAR","SIN_UTILIZAR",".eps","745130421511.eps","REGADERAS Y DUCHAS_ACQUABELA","I:\PROYECTOS DE DISEÑO(ADOLFO)\(PIERRE ZEITOUNE) FERRETTI\ADOLFO CODIGOS DE BARRAS\1. EPS-SIN UTILIZAR\REGADERAS Y DUCHAS_ACQUABELA\745130421511.eps","0"
"","","SIN_UTILIZAR","SIN_UTILIZAR",".eps","745130421512.eps","REGADERAS Y DUCHAS_ACQUABELA","I:\PROYECTOS DE DISEÑO(ADOLFO)\(PIERRE ZEITOUNE) FERRETTI\ADOLFO CODIGOS DE BARRAS\1. EPS-SIN UTILIZAR\REGADERAS Y DUCHAS_ACQUABELA\745130421512.eps","0"
"","","SIN_UTILIZAR","SIN_UTILIZAR",".eps","745130421513.eps","REGADERAS Y DUCHAS_ACQUABELA","I:\PROYECTOS DE DISEÑO(ADOLFO)\(PIERRE ZEITOUNE) FERRETTI\ADOLFO CODIGOS DE BARRAS\1. EPS-SIN UTILIZAR\REGADERAS Y DUCHAS_ACQUABELA\745130421513.eps","0"
"","","SIN_UTILIZAR","SIN_UTILIZAR",".eps","745130421514.eps","REGADERAS Y DUCHAS_ACQUABELA","I:\PROYECTOS DE DISEÑO(ADOLFO)\(PIERRE ZEITOUNE) FERRETTI\ADOLFO CODIGOS DE BARRAS\1. EPS-SIN UTILIZAR\REGADERAS Y DUCHAS_ACQUABELA\745130421514.eps","0"
"","","SIN_UTILIZAR","SIN_UTILIZAR",".eps","745130421515.eps","REGADERAS Y DUCHAS_ACQUABELA","I:\PROYECTOS DE DISEÑO(ADOLFO)\(PIERRE ZEITOUNE) FERRETTI\ADOLFO CODIGOS DE BARRAS\1. EPS-SIN UTILIZAR\REGADERAS Y DUCHAS_ACQUABELA\745130421515.eps","0"
"","","SIN_UTILIZAR","SIN_UTILIZAR",".eps","745130421516.eps","REGADERAS Y DUCHAS_ACQUABELA","I:\PROYECTOS DE DISEÑO(ADOLFO)\(PIERRE ZEITOUNE) FERRETTI\ADOLFO CODIGOS DE BARRAS\1. EPS-SIN UTILIZAR\REGADERAS Y DUCHAS_ACQUABELA\745130421516.eps","0"
"","","SIN_UTILIZAR","SIN_UTILIZAR",".eps","745130421517.eps","REGADERAS Y DUCHAS_ACQUABELA","I:\PROYECTOS DE DISEÑO(ADOLFO)\(PIERRE ZEITOUNE) FERRETTI\ADOLFO CODIGOS DE BARRAS\1. EPS-SIN UTILIZAR\REGADERAS Y DUCHAS_ACQUABELA\745130421517.eps","0"
"","","SIN_UTILIZAR","SIN_UTILIZAR",".eps","745130421518.eps","REGADERAS Y DUCHAS_ACQUABELA","I:\PROYECTOS DE DISEÑO(ADOLFO)\(PIERRE ZEITOUNE) FERRETTI\ADOLFO CODIGOS DE BARRAS\1. EPS-SIN UTILIZAR\REGADERAS Y DUCHAS_ACQUABELA\745130421518.eps","0"
"","","SIN_UTILIZAR","SIN_UTILIZAR",".eps","745130421519.eps","REGADERAS Y DUCHAS_ACQUABELA","I:\PROYECTOS DE DISEÑO(ADOLFO)\(PIERRE ZEITOUNE) FERRETTI\ADOLFO CODIGOS DE BARRAS\1. EPS-SIN UTILIZAR\REGADERAS Y DUCHAS_ACQUABELA\745130421519.eps","0"
"","","SIN_UTILIZAR","SIN_UTILIZAR",".eps","745130421520.eps","REGADERAS Y DUCHAS_ACQUABELA","I:\PROYECTOS DE DISEÑO(ADOLFO)\(PIERRE ZEITOUNE) FERRETTI\ADOLFO CODIGOS DE BARRAS\1. EPS-SIN UTILIZAR\REGADERAS Y DUCHAS_ACQUABELA\745130421520.eps","0"
"","","SIN_UTILIZAR","SIN_UTILIZAR",".eps","745130421521.eps","REGADERAS Y DUCHAS_ACQUABELA","I:\PROYECTOS DE DISEÑO(ADOLFO)\(PIERRE ZEITOUNE) FERRETTI\ADOLFO CODIGOS DE BARRAS\1. EPS-SIN UTILIZAR\REGADERAS Y DUCHAS_ACQUABELA\745130421521.eps","0"
"","","SIN_UTILIZAR","SIN_UTILIZAR",".eps","745130421522.eps","REGADERAS Y DUCHAS_ACQUABELA","I:\PROYECTOS DE DISEÑO(ADOLFO)\(PIERRE ZEITOUNE) FERRETTI\ADOLFO CODIGOS DE BARRAS\1. EPS-SIN UTILIZAR\REGADERAS Y DUCHAS_ACQUABELA\745130421522.eps","0"
"","","SIN_UTILIZAR","SIN_UTILIZAR",".eps","745130421523.eps","REGADERAS Y DUCHAS_ACQUABELA","I:\PROYECTOS DE DISEÑO(ADOLFO)\(PIERRE ZEITOUNE) FERRETTI\ADOLFO CODIGOS DE BARRAS\1. EPS-SIN UTILIZAR\REGADERAS Y DUCHAS_ACQUABELA\745130421523.eps","0"
"","","SIN_UTILIZAR","SIN_UTILIZAR",".eps","745130421524.eps","REGADERAS Y DUCHAS_ACQUABELA","I:\PROYECTOS DE DISEÑO(ADOLFO)\(PIERRE ZEITOUNE) FERRETTI\ADOLFO CODIGOS DE BARRAS\1. EPS-SIN UTILIZAR\REGADERAS Y DUCHAS_ACQUABELA\745130421524.eps","0"
"","","SIN_UTILIZAR","SIN_UTILIZAR",".eps","745130421525.eps","REGADERAS Y DUCHAS_ACQUABELA","I:\PROYECTOS DE DISEÑO(ADOLFO)\(PIERRE ZEITOUNE) FERRETTI\ADOLFO CODIGOS DE BARRAS\1. EPS-SIN UTILIZAR\REGADERAS Y DUCHAS_ACQUABELA\745130421525.eps","0"
"","","SIN_UTILIZAR","SIN_UTILIZAR",".eps","745130421526.eps","REGADERAS Y DUCHAS_ACQUABELA","I:\PROYECTOS DE DISEÑO(ADOLFO)\(PIERRE ZEITOUNE) FERRETTI\ADOLFO CODIGOS DE BARRAS\1. EPS-SIN UTILIZAR\REGADERAS Y DUCHAS_ACQUABELA\745130421526.eps","0"
"","","SIN_UTILIZAR","SIN_UTILIZAR",".eps","745130421527.eps","REGADERAS Y DUCHAS_ACQUABELA","I:\PROYECTOS DE DISEÑO(ADOLFO)\(PIERRE ZEITOUNE) FERRETTI\ADOLFO CODIGOS DE BARRAS\1. EPS-SIN UTILIZAR\REGADERAS Y DUCHAS_ACQUABELA\745130421527.eps","0"
"","","SIN_UTILIZAR","SIN_UTILIZAR",".eps","745130421528.eps","REGADERAS Y DUCHAS_ACQUABELA","I:\PROYECTOS DE DISEÑO(ADOLFO)\(PIERRE ZEITOUNE) FERRETTI\ADOLFO CODIGOS DE BARRAS\1. EPS-SIN UTILIZAR\REGADERAS Y DUCHAS_ACQUABELA\745130421528.eps","0"
"","","SIN_UTILIZAR","SIN_UTILIZAR",".eps","745130421529.eps","REGADERAS Y DUCHAS_ACQUABELA","I:\PROYECTOS DE DISEÑO(ADOLFO)\(PIERRE ZEITOUNE) FERRETTI\ADOLFO CODIGOS DE BARRAS\1. EPS-SIN UTILIZAR\REGADERAS Y DUCHAS_ACQUABELA\745130421529.eps","0"
"","","SIN_UTILIZAR","SIN_UTILIZAR",".eps","745130421530.eps","REGADERAS Y DUCHAS_ACQUABELA","I:\PROYECTOS DE DISEÑO(ADOLFO)\(PIERRE ZEITOUNE) FERRETTI\ADOLFO CODIGOS DE BARRAS\1. EPS-SIN UTILIZAR\REGADERAS Y DUCHAS_ACQUABELA\745130421530.eps","0"
"","","SIN_UTILIZAR","SIN_UTILIZAR",".eps","745130421531.eps","REGADERAS Y DUCHAS_ACQUABELA","I:\PROYECTOS DE DISEÑO(ADOLFO)\(PIERRE ZEITOUNE) FERRETTI\ADOLFO CODIGOS DE BARRAS\1. EPS-SIN UTILIZAR\REGADERAS Y DUCHAS_ACQUABELA\745130421531.eps","0"
"","","SIN_UTILIZAR","SIN_UTILIZAR",".eps","745130421550.eps","CERRADURAS DE BAÑO","I:\PROYECTOS DE DISEÑO(ADOLFO)\(PIERRE ZEITOUNE) FERRETTI\ADOLFO CODIGOS DE BARRAS\1. EPS-SIN UTILIZAR\CERRADURAS DE BAÑO\745130421550.eps","0"
"","","SIN_UTILIZAR","SIN_UTILIZAR",".eps","745130421551.eps","CERRADURAS DE BAÑO","I:\PROYECTOS DE DISEÑO(ADOLFO)\(PIERRE ZEITOUNE) FERRETTI\ADOLFO CODIGOS DE BARRAS\1. EPS-SIN UTILIZAR\CERRADURAS DE BAÑO\745130421551.eps","0"
"","","SIN_UTILIZAR","SIN_UTILIZAR",".eps","745130421552.eps","CERRADURAS DE BAÑO","I:\PROYECTOS DE DISEÑO(ADOLFO)\(PIERRE ZEITOUNE) FERRETTI\ADOLFO CODIGOS DE BARRAS\1. EPS-SIN UTILIZAR\CERRADURAS DE BAÑO\745130421552.eps","0"
"","","SIN_UTILIZAR","SIN_UTILIZAR",".eps","745130421553.eps","CERRADURAS DE BAÑO","I:\PROYECTOS DE DISEÑO(ADOLFO)\(PIERRE ZEITOUNE) FERRETTI\ADOLFO CODIGOS DE BARRAS\1. EPS-SIN UTILIZAR\CERRADURAS DE BAÑO\745130421553.eps","0"
"","","SIN_UTILIZAR","SIN_UTILIZAR",".eps","745130421554.eps","CERRADURAS DE BAÑO","I:\PROYECTOS DE DISEÑO(ADOLFO)\(PIERRE ZEITOUNE) FERRETTI\ADOLFO CODIGOS DE BARRAS\1. EPS-SIN UTILIZAR\CERRADURAS DE BAÑO\745130421554.eps","0"
"","","SIN_UTILIZAR","SIN_UTILIZAR",".eps","745130421555.eps","COD-ABRIL 2024","I:\PROYECTOS DE DISEÑO(ADOLFO)\(PIERRE ZEITOUNE) FERRETTI\ADOLFO CODIGOS DE BARRAS\1. EPS-SIN UTILIZAR\COD-ABRIL 2024\745130421555.eps","0"
"","","SIN_UTILIZAR","SIN_UTILIZAR",".eps","745130421556.eps","COD-ABRIL 2024","I:\PROYECTOS DE DISEÑO(ADOLFO)\(PIERRE ZEITOUNE) FERRETTI\ADOLFO CODIGOS DE BARRAS\1. EPS-SIN UTILIZAR\COD-ABRIL 2024\745130421556.eps","0"
"","","SIN_UTILIZAR","SIN_UTILIZAR",".eps","745130421557.eps","COD-ABRIL 2024","I:\PROYECTOS DE DISEÑO(ADOLFO)\(PIERRE ZEITOUNE) FERRETTI\ADOLFO CODIGOS DE BARRAS\1. EPS-SIN UTILIZAR\COD-ABRIL 2024\745130421557.eps","0"
"","","SIN_UTILIZAR","SIN_UTILIZAR",".eps","745130421558.eps","COD-ABRIL 2024","I:\PROYECTOS DE DISEÑO(ADOLFO)\(PIERRE ZEITOUNE) FERRETTI\ADOLFO CODIGOS DE BARRAS\1. EPS-SIN UTILIZAR\COD-ABRIL 2024\745130421558.eps","0"
"","","SIN_UTILIZAR","SIN_UTILIZAR",".eps","745130421559.eps","COD-ABRIL 2024","I:\PROYECTOS DE DISEÑO(ADOLFO)\(PIERRE ZEITOUNE) FERRETTI\ADOLFO CODIGOS DE BARRAS\1. EPS-SIN UTILIZAR\COD-ABRIL 2024\745130421559.eps","0"
"","","SIN_UTILIZAR","SIN_UTILIZAR",".eps","745130421560.eps","COD-ABRIL 2024","I:\PROYECTOS DE DISEÑO(ADOLFO)\(PIERRE ZEITOUNE) FERRETTI\ADOLFO CODIGOS DE BARRAS\1. EPS-SIN UTILIZAR\COD-ABRIL 2024\745130421560.eps","0"
"","","SIN_UTILIZAR","SIN_UTILIZAR",".eps","745130421561.eps","COD-ABRIL 2024","I:\PROYECTOS DE DISEÑO(ADOLFO)\(PIERRE ZEITOUNE) FERRETTI\ADOLFO CODIGOS DE BARRAS\1. EPS-SIN UTILIZAR\COD-ABRIL 2024\745130421561.eps","0"
"","","SIN_UTILIZAR","SIN_UTILIZAR",".eps","745130421562.eps","PIES DE AMIGO PLEG- 2024","I:\PROYECTOS DE DISEÑO(ADOLFO)\(PIERRE ZEITOUNE) FERRETTI\ADOLFO CODIGOS DE BARRAS\1. EPS-SIN UTILIZAR\PIES DE AMIGO PLEG- 2024\745130421562.eps","0"
"","","SIN_UTILIZAR","SIN_UTILIZAR",".eps","745130421563.eps","PIES DE AMIGO PLEG- 2024","I:\PROYECTOS DE DISEÑO(ADOLFO)\(PIERRE ZEITOUNE) FERRETTI\ADOLFO CODIGOS DE BARRAS\1. EPS-SIN UTILIZAR\PIES DE AMIGO PLEG- 2024\745130421563.eps","0"
"","","SIN_UTILIZAR","SIN_UTILIZAR",".eps","745130421564.eps","PIES DE AMIGO PLEG- 2024","I:\PROYECTOS DE DISEÑO(ADOLFO)\(PIERRE ZEITOUNE) FERRETTI\ADOLFO CODIGOS DE BARRAS\1. EPS-SIN UTILIZAR\PIES DE AMIGO PLEG- 2024\745130421564.eps","0"
"","","SIN_UTILIZAR","SIN_UTILIZAR",".eps","745130421565.eps","PIES DE AMIGO PLEG- 2024","I:\PROYECTOS DE DISEÑO(ADOLFO)\(PIERRE ZEITOUNE) FERRETTI\ADOLFO CODIGOS DE BARRAS\1. EPS-SIN UTILIZAR\PIES DE AMIGO PLEG- 2024\745130421565.eps","0"
"","","SIN_UTILIZAR","SIN_UTILIZAR",".eps","745130421566.eps","PIES DE AMIGO PLEG- 2024","I:\PROYECTOS DE DISEÑO(ADOLFO)\(PIERRE ZEITOUNE) FERRETTI\ADOLFO CODIGOS DE BARRAS\1. EPS-SIN UTILIZAR\PIES DE AMIGO PLEG- 2024\745130421566.eps","0"
"","","SIN_UTILIZAR","SIN_UTILIZAR",".eps","745130421567.eps","PIES DE AMIGO PLEG- 2024","I:\PROYECTOS DE DISEÑO(ADOLFO)\(PIERRE ZEITOUNE) FERRETTI\ADOLFO CODIGOS DE BARRAS\1. EPS-SIN UTILIZAR\PIES DE AMIGO PLEG- 2024\745130421567.eps","0"
"","","SIN_UTILIZAR","SIN_UTILIZAR",".eps","745130421568.eps","PIES DE AMIGO PLEG- 2024","I:\PROYECTOS DE DISEÑO(ADOLFO)\(PIERRE ZEITOUNE) FERRETTI\ADOLFO CODIGOS DE BARRAS\1. EPS-SIN UTILIZAR\PIES DE AMIGO PLEG- 2024\745130421568.eps","0"
"","","SIN_UTILIZAR","SIN_UTILIZAR",".eps","745130421569.eps","PIES DE AMIGO PLEG- 2024","I:\PROYECTOS DE DISEÑO(ADOLFO)\(PIERRE ZEITOUNE) FERRETTI\ADOLFO CODIGOS DE BARRAS\1. EPS-SIN UTILIZAR\PIES DE AMIGO PLEG- 2024\745130421569.eps","0"
"","","SIN_UTILIZAR","SIN_UTILIZAR",".eps","745130421570.eps","PIES DE AMIGO PLEG- 2024","I:\PROYECTOS DE DISEÑO(ADOLFO)\(PIERRE ZEITOUNE) FERRETTI\ADOLFO CODIGOS DE BARRAS\1. EPS-SIN UTILIZAR\PIES DE AMIGO PLEG- 2024\745130421570.eps","0"
"","","SIN_UTILIZAR","SIN_UTILIZAR",".eps","745130421571.eps","PIES DE AMIGO PLEG- 2024","I:\PROYECTOS DE DISEÑO(ADOLFO)\(PIERRE ZEITOUNE) FERRETTI\ADOLFO CODIGOS DE BARRAS\1. EPS-SIN UTILIZAR\PIES DE AMIGO PLEG- 2024\745130421571.eps","0"
"","","SIN_UTILIZAR","SIN_UTILIZAR",".eps","745130421572.eps","PIES DE AMIGO PLEG- 2024","I:\PROYECTOS DE DISEÑO(ADOLFO)\(PIERRE ZEITOUNE) FERRETTI\ADOLFO CODIGOS DE BARRAS\1. EPS-SIN UTILIZAR\PIES DE AMIGO PLEG- 2024\745130421572.eps","0"
"","","SIN_UTILIZAR","SIN_UTILIZAR",".eps","745130421573.eps","PIES DE AMIGO PLEG- 2024","I:\PROYECTOS DE DISEÑO(ADOLFO)\(PIERRE ZEITOUNE) FERRETTI\ADOLFO CODIGOS DE BARRAS\1. EPS-SIN UTILIZAR\PIES DE AMIGO PLEG- 2024\745130421573.eps","0"
"","","SIN_UTILIZAR","SIN_UTILIZAR",".eps","745130421574.eps","PIES DE AMIGO PLEG- 2024","I:\PROYECTOS DE DISEÑO(ADOLFO)\(PIERRE ZEITOUNE) FERRETTI\ADOLFO CODIGOS DE BARRAS\1. EPS-SIN UTILIZAR\PIES DE AMIGO PLEG- 2024\745130421574.eps","0"
"","","SIN_UTILIZAR","SIN_UTILIZAR",".eps","745130421575.eps","PIES DE AMIGO PLEG- 2024","I:\PROYECTOS DE DISEÑO(ADOLFO)\(PIERRE ZEITOUNE) FERRETTI\ADOLFO CODIGOS DE BARRAS\1. EPS-SIN UTILIZAR\PIES DE AMIGO PLEG- 2024\745130421575.eps","0"
"","","SIN_UTILIZAR","SIN_UTILIZAR",".eps","745130421576.eps","PIES DE AMIGO PLEG- 2024","I:\PROYECTOS DE DISEÑO(ADOLFO)\(PIERRE ZEITOUNE) FERRETTI\ADOLFO CODIGOS DE BARRAS\1. EPS-SIN UTILIZAR\PIES DE AMIGO PLEG- 2024\745130421576.eps","0"
"","","SIN_UTILIZAR","SIN_UTILIZAR",".eps","745130421577.eps","PIES DE AMIGO PLEG- 2024","I:\PROYECTOS DE DISEÑO(ADOLFO)\(PIERRE ZEITOUNE) FERRETTI\ADOLFO CODIGOS DE BARRAS\1. EPS-SIN UTILIZAR\PIES DE AMIGO PLEG- 2024\745130421577.eps","0"
"","","SIN_UTILIZAR","SIN_UTILIZAR",".eps","745130421578.eps","PIES DE AMIGO PLEG- 2024","I:\PROYECTOS DE DISEÑO(ADOLFO)\(PIERRE ZEITOUNE) FERRETTI\ADOLFO CODIGOS DE BARRAS\1. EPS-SIN UTILIZAR\PIES DE AMIGO PLEG- 2024\745130421578.eps","0"
"","","SIN_UTILIZAR","SIN_UTILIZAR",".eps","745130421579.eps","PIES DE AMIGO PLEG- 2024","I:\PROYECTOS DE DISEÑO(ADOLFO)\(PIERRE ZEITOUNE) FERRETTI\ADOLFO CODIGOS DE BARRAS\1. EPS-SIN UTILIZAR\PIES DE AMIGO PLEG- 2024\745130421579.eps","0"
"","","SIN_UTILIZAR","SIN_UTILIZAR",".eps","745130421580.eps","PIES DE AMIGO PLEG- 2024","I:\PROYECTOS DE DISEÑO(ADOLFO)\(PIERRE ZEITOUNE) FERRETTI\ADOLFO CODIGOS DE BARRAS\1. EPS-SIN UTILIZAR\PIES DE AMIGO PLEG- 2024\745130421580.eps","0"
"","","SIN_UTILIZAR","SIN_UTILIZAR",".eps","745130421581.eps","PIES DE AMIGO PLEG- 2024","I:\PROYECTOS DE DISEÑO(ADOLFO)\(PIERRE ZEITOUNE) FERRETTI\ADOLFO CODIGOS DE BARRAS\1. EPS-SIN UTILIZAR\PIES DE AMIGO PLEG- 2024\745130421581.eps","0"
"","","SIN_UTILIZAR","SIN_UTILIZAR",".eps","745130421582.eps","PIES DE AMIGO PLEG- 2024","I:\PROYECTOS DE DISEÑO(ADOLFO)\(PIERRE ZEITOUNE) FERRETTI\ADOLFO CODIGOS DE BARRAS\1. EPS-SIN UTILIZAR\PIES DE AMIGO PLEG- 2024\745130421582.eps","0"
"","","SIN_UTILIZAR","SIN_UTILIZAR",".eps","745130421583.eps","GRFERIA-ACQUABELA 2024","I:\PROYECTOS DE DISEÑO(ADOLFO)\(PIERRE ZEITOUNE) FERRETTI\ADOLFO CODIGOS DE BARRAS\1. EPS-SIN UTILIZAR\GRFERIA-ACQUABELA 2024\745130421583.eps","0"
"","","SIN_UTILIZAR","SIN_UTILIZAR",".eps","745130421584.eps","GRFERIA-ACQUABELA 2024","I:\PROYECTOS DE DISEÑO(ADOLFO)\(PIERRE ZEITOUNE) FERRETTI\ADOLFO CODIGOS DE BARRAS\1. EPS-SIN UTILIZAR\GRFERIA-ACQUABELA 2024\745130421584.eps","0"
"","","SIN_UTILIZAR","SIN_UTILIZAR",".eps","745130421585.eps","GRFERIA-ACQUABELA 2024","I:\PROYECTOS DE DISEÑO(ADOLFO)\(PIERRE ZEITOUNE) FERRETTI\ADOLFO CODIGOS DE BARRAS\1. EPS-SIN UTILIZAR\GRFERIA-ACQUABELA 2024\745130421585.eps","0"
"","","SIN_UTILIZAR","SIN_UTILIZAR",".eps","745130421671.eps","COD-NUEVOS SEP2024(14)","I:\PROYECTOS DE DISEÑO(ADOLFO)\(PIERRE ZEITOUNE) FERRETTI\ADOLFO CODIGOS DE BARRAS\1. EPS-SIN UTILIZAR\COD-NUEVOS SEP2024(14)\745130421671.eps","0"
"","","SIN_UTILIZAR","SIN_UTILIZAR",".eps","745130421672.eps","COD-NUEVOS SEP2024(14)","I:\PROYECTOS DE DISEÑO(ADOLFO)\(PIERRE ZEITOUNE) FERRETTI\ADOLFO CODIGOS DE BARRAS\1. EPS-SIN UTILIZAR\COD-NUEVOS SEP2024(14)\745130421672.eps","0"
"","","SIN_UTILIZAR","SIN_UTILIZAR",".eps","745130421673.eps","COD-NUEVOS SEP2024(14)","I:\PROYECTOS DE DISEÑO(ADOLFO)\(PIERRE ZEITOUNE) FERRETTI\ADOLFO CODIGOS DE BARRAS\1. EPS-SIN UTILIZAR\COD-NUEVOS SEP2024(14)\745130421673.eps","0"
"","","SIN_UTILIZAR","SIN_UTILIZAR",".eps","745130421683.eps","COD.BOCA DE LLAVES","I:\PROYECTOS DE DISEÑO(ADOLFO)\(PIERRE ZEITOUNE) FERRETTI\ADOLFO CODIGOS DE BARRAS\1. EPS-SIN UTILIZAR\COD.BOCA DE LLAVES\745130421683.eps","0"
"","","SIN_UTILIZAR","SIN_UTILIZAR",".eps","745130421684.eps","COD.BOCA DE LLAVES","I:\PROYECTOS DE DISEÑO(ADOLFO)\(PIERRE ZEITOUNE) FERRETTI\ADOLFO CODIGOS DE BARRAS\1. EPS-SIN UTILIZAR\COD.BOCA DE LLAVES\745130421684.eps","0"
"","","SIN_UTILIZAR","SIN_UTILIZAR",".eps","745130421685.eps","COD.BOCA DE LLAVES","I:\PROYECTOS DE DISEÑO(ADOLFO)\(PIERRE ZEITOUNE) FERRETTI\ADOLFO CODIGOS DE BARRAS\1. EPS-SIN UTILIZAR\COD.BOCA DE LLAVES\745130421685.eps","0"
"","","SIN_UTILIZAR","SIN_UTILIZAR",".eps","745130421686.eps","COD.BOCA DE LLAVES","I:\PROYECTOS DE DISEÑO(ADOLFO)\(PIERRE ZEITOUNE) FERRETTI\ADOLFO CODIGOS DE BARRAS\1. EPS-SIN UTILIZAR\COD.BOCA DE LLAVES\745130421686.eps","0"
"","","SIN_UTILIZAR","SIN_UTILIZAR",".eps","745130421687.eps","CANDADOS DE HIERRO(ENERO 2025)","I:\PROYECTOS DE DISEÑO(ADOLFO)\(PIERRE ZEITOUNE) FERRETTI\ADOLFO CODIGOS DE BARRAS\1. EPS-SIN UTILIZAR\CANDADOS DE HIERRO(ENERO 2025)\745130421687.eps","0"
"","","SIN_UTILIZAR","SIN_UTILIZAR",".eps","745130421688.eps","CANDADOS DE HIERRO(ENERO 2025)","I:\PROYECTOS DE DISEÑO(ADOLFO)\(PIERRE ZEITOUNE) FERRETTI\ADOLFO CODIGOS DE BARRAS\1. EPS-SIN UTILIZAR\CANDADOS DE HIERRO(ENERO 2025)\745130421688.eps","0"
"","","SIN_UTILIZAR","SIN_UTILIZAR",".ai","745130421720.ai","CODIGOS 2026","I:\PROYECTOS DE DISEÑO(ADOLFO)\(PIERRE ZEITOUNE) FERRETTI\ADOLFO CODIGOS DE BARRAS\1. EPS-SIN UTILIZAR\CODIGOS 2026\745130421720.ai","0"
"","","SIN_UTILIZAR","SIN_UTILIZAR",".eps","745130421720.eps","CODIGOS 2026","I:\PROYECTOS DE DISEÑO(ADOLFO)\(PIERRE ZEITOUNE) FERRETTI\ADOLFO CODIGOS DE BARRAS\1. EPS-SIN UTILIZAR\CODIGOS 2026\745130421720.eps","0"
"","","SIN_UTILIZAR","SIN_UTILIZAR",".jpg","745130421720.jpg","CODIGOS 2026","I:\PROYECTOS DE DISEÑO(ADOLFO)\(PIERRE ZEITOUNE) FERRETTI\ADOLFO CODIGOS DE BARRAS\1. EPS-SIN UTILIZAR\CODIGOS 2026\745130421720.jpg","0"
"","","SIN_UTILIZAR","SIN_UTILIZAR",".ai","745130421721.ai","CODIGOS 2026","I:\PROYECTOS DE DISEÑO(ADOLFO)\(PIERRE ZEITOUNE) FERRETTI\ADOLFO CODIGOS DE BARRAS\1. EPS-SIN UTILIZAR\CODIGOS 2026\745130421721.ai","0"
"","","SIN_UTILIZAR","SIN_UTILIZAR",".eps","745130421721.eps","CODIGOS 2026","I:\PROYECTOS DE DISEÑO(ADOLFO)\(PIERRE ZEITOUNE) FERRETTI\ADOLFO CODIGOS DE BARRAS\1. EPS-SIN UTILIZAR\CODIGOS 2026\745130421721.eps","0"
"","","SIN_UTILIZAR","SIN_UTILIZAR",".jpg","745130421721.jpg","CODIGOS 2026","I:\PROYECTOS DE DISEÑO(ADOLFO)\(PIERRE ZEITOUNE) FERRETTI\ADOLFO CODIGOS DE BARRAS\1. EPS-SIN UTILIZAR\CODIGOS 2026\745130421721.jpg","0"
"","","SIN_UTILIZAR","SIN_UTILIZAR",".ai","745130421722.ai","CODIGOS 2026","I:\PROYECTOS DE DISEÑO(ADOLFO)\(PIERRE ZEITOUNE) FERRETTI\ADOLFO CODIGOS DE BARRAS\1. EPS-SIN UTILIZAR\CODIGOS 2026\745130421722.ai","0"
"","","SIN_UTILIZAR","SIN_UTILIZAR",".eps","745130421722.eps","CODIGOS 2026","I:\PROYECTOS DE DISEÑO(ADOLFO)\(PIERRE ZEITOUNE) FERRETTI\ADOLFO CODIGOS DE BARRAS\1. EPS-SIN UTILIZAR\CODIGOS 2026\745130421722.eps","0"
"","","SIN_UTILIZAR","SIN_UTILIZAR",".jpg","745130421722.jpg","CODIGOS 2026","I:\PROYECTOS DE DISEÑO(ADOLFO)\(PIERRE ZEITOUNE) FERRETTI\ADOLFO CODIGOS DE BARRAS\1. EPS-SIN UTILIZAR\CODIGOS 2026\745130421722.jpg","0"
"","","SIN_UTILIZAR","SIN_UTILIZAR",".ai","745130421723.ai","CODIGOS 2026","I:\PROYECTOS DE DISEÑO(ADOLFO)\(PIERRE ZEITOUNE) FERRETTI\ADOLFO CODIGOS DE BARRAS\1. EPS-SIN UTILIZAR\CODIGOS 2026\745130421723.ai","0"
"","","SIN_UTILIZAR","SIN_UTILIZAR",".eps","745130421723.eps","CODIGOS 2026","I:\PROYECTOS DE DISEÑO(ADOLFO)\(PIERRE ZEITOUNE) FERRETTI\ADOLFO CODIGOS DE BARRAS\1. EPS-SIN UTILIZAR\CODIGOS 2026\745130421723.eps","0"
"","","SIN_UTILIZAR","SIN_UTILIZAR",".jpg","745130421723.jpg","CODIGOS 2026","I:\PROYECTOS DE DISEÑO(ADOLFO)\(PIERRE ZEITOUNE) FERRETTI\ADOLFO CODIGOS DE BARRAS\1. EPS-SIN UTILIZAR\CODIGOS 2026\745130421723.jpg","0"
"","","SIN_UTILIZAR","SIN_UTILIZAR",".ai","745130421724.ai","CODIGOS 2026","I:\PROYECTOS DE DISEÑO(ADOLFO)\(PIERRE ZEITOUNE) FERRETTI\ADOLFO CODIGOS DE BARRAS\1. EPS-SIN UTILIZAR\CODIGOS 2026\745130421724.ai","0"
"","","SIN_UTILIZAR","SIN_UTILIZAR",".eps","745130421724.eps","CODIGOS 2026","I:\PROYECTOS DE DISEÑO(ADOLFO)\(PIERRE ZEITOUNE) FERRETTI\ADOLFO CODIGOS DE BARRAS\1. EPS-SIN UTILIZAR\CODIGOS 2026\745130421724.eps","0"
"","","SIN_UTILIZAR","SIN_UTILIZAR",".jpg","745130421724.jpg","CODIGOS 2026","I:\PROYECTOS DE DISEÑO(ADOLFO)\(PIERRE ZEITOUNE) FERRETTI\ADOLFO CODIGOS DE BARRAS\1. EPS-SIN UTILIZAR\CODIGOS 2026\745130421724.jpg","0"
"","","SIN_UTILIZAR","SIN_UTILIZAR",".ai","745130421725.ai","CODIGOS 2026","I:\PROYECTOS DE DISEÑO(ADOLFO)\(PIERRE ZEITOUNE) FERRETTI\ADOLFO CODIGOS DE BARRAS\1. EPS-SIN UTILIZAR\CODIGOS 2026\745130421725.ai","0"
"","","SIN_UTILIZAR","SIN_UTILIZAR",".eps","745130421725.eps","CODIGOS 2026","I:\PROYECTOS DE DISEÑO(ADOLFO)\(PIERRE ZEITOUNE) FERRETTI\ADOLFO CODIGOS DE BARRAS\1. EPS-SIN UTILIZAR\CODIGOS 2026\745130421725.eps","0"
"","","SIN_UTILIZAR","SIN_UTILIZAR",".jpg","745130421725.jpg","CODIGOS 2026","I:\PROYECTOS DE DISEÑO(ADOLFO)\(PIERRE ZEITOUNE) FERRETTI\ADOLFO CODIGOS DE BARRAS\1. EPS-SIN UTILIZAR\CODIGOS 2026\745130421725.jpg","0"
"","","SIN_UTILIZAR","SIN_UTILIZAR",".ai","745130421726.ai","CODIGOS 2026","I:\PROYECTOS DE DISEÑO(ADOLFO)\(PIERRE ZEITOUNE) FERRETTI\ADOLFO CODIGOS DE BARRAS\1. EPS-SIN UTILIZAR\CODIGOS 2026\745130421726.ai","0"
"","","SIN_UTILIZAR","SIN_UTILIZAR",".eps","745130421726.eps","CODIGOS 2026","I:\PROYECTOS DE DISEÑO(ADOLFO)\(PIERRE ZEITOUNE) FERRETTI\ADOLFO CODIGOS DE BARRAS\1. EPS-SIN UTILIZAR\CODIGOS 2026\745130421726.eps","0"
"","","SIN_UTILIZAR","SIN_UTILIZAR",".jpg","745130421726.jpg","CODIGOS 2026","I:\PROYECTOS DE DISEÑO(ADOLFO)\(PIERRE ZEITOUNE) FERRETTI\ADOLFO CODIGOS DE BARRAS\1. EPS-SIN UTILIZAR\CODIGOS 2026\745130421726.jpg","0"
"","","SIN_UTILIZAR","SIN_UTILIZAR",".ai","745130421727.ai","CODIGOS 2026","I:\PROYECTOS DE DISEÑO(ADOLFO)\(PIERRE ZEITOUNE) FERRETTI\ADOLFO CODIGOS DE BARRAS\1. EPS-SIN UTILIZAR\CODIGOS 2026\745130421727.ai","0"
"","","SIN_UTILIZAR","SIN_UTILIZAR",".eps","745130421727.eps","CODIGOS 2026","I:\PROYECTOS DE DISEÑO(ADOLFO)\(PIERRE ZEITOUNE) FERRETTI\ADOLFO CODIGOS DE BARRAS\1. EPS-SIN UTILIZAR\CODIGOS 2026\745130421727.eps","0"
"","","SIN_UTILIZAR","SIN_UTILIZAR",".jpg","745130421727.jpg","CODIGOS 2026","I:\PROYECTOS DE DISEÑO(ADOLFO)\(PIERRE ZEITOUNE) FERRETTI\ADOLFO CODIGOS DE BARRAS\1. EPS-SIN UTILIZAR\CODIGOS 2026\745130421727.jpg","0"
"","","SIN_UTILIZAR","SIN_UTILIZAR",".ai","745130421728.ai","CODIGOS 2026","I:\PROYECTOS DE DISEÑO(ADOLFO)\(PIERRE ZEITOUNE) FERRETTI\ADOLFO CODIGOS DE BARRAS\1. EPS-SIN UTILIZAR\CODIGOS 2026\745130421728.ai","0"
"","","SIN_UTILIZAR","SIN_UTILIZAR",".eps","745130421728.eps","CODIGOS 2026","I:\PROYECTOS DE DISEÑO(ADOLFO)\(PIERRE ZEITOUNE) FERRETTI\ADOLFO CODIGOS DE BARRAS\1. EPS-SIN UTILIZAR\CODIGOS 2026\745130421728.eps","0"
"","","SIN_UTILIZAR","SIN_UTILIZAR",".jpg","745130421728.jpg","CODIGOS 2026","I:\PROYECTOS DE DISEÑO(ADOLFO)\(PIERRE ZEITOUNE) FERRETTI\ADOLFO CODIGOS DE BARRAS\1. EPS-SIN UTILIZAR\CODIGOS 2026\745130421728.jpg","0"
"","","SIN_UTILIZAR","SIN_UTILIZAR",".ai","745130421729.ai","CODIGOS 2026","I:\PROYECTOS DE DISEÑO(ADOLFO)\(PIERRE ZEITOUNE) FERRETTI\ADOLFO CODIGOS DE BARRAS\1. EPS-SIN UTILIZAR\CODIGOS 2026\745130421729.ai","0"
"","","SIN_UTILIZAR","SIN_UTILIZAR",".eps","745130421729.eps","CODIGOS 2026","I:\PROYECTOS DE DISEÑO(ADOLFO)\(PIERRE ZEITOUNE) FERRETTI\ADOLFO CODIGOS DE BARRAS\1. EPS-SIN UTILIZAR\CODIGOS 2026\745130421729.eps","0"
"","","SIN_UTILIZAR","SIN_UTILIZAR",".jpg","745130421729.jpg","CODIGOS 2026","I:\PROYECTOS DE DISEÑO(ADOLFO)\(PIERRE ZEITOUNE) FERRETTI\ADOLFO CODIGOS DE BARRAS\1. EPS-SIN UTILIZAR\CODIGOS 2026\745130421729.jpg","0"
"","","SIN_UTILIZAR","SIN_UTILIZAR",".ai","745130421730.ai","CODIGOS 2026","I:\PROYECTOS DE DISEÑO(ADOLFO)\(PIERRE ZEITOUNE) FERRETTI\ADOLFO CODIGOS DE BARRAS\1. EPS-SIN UTILIZAR\CODIGOS 2026\745130421730.ai","0"
"","","SIN_UTILIZAR","SIN_UTILIZAR",".eps","745130421730.eps","CODIGOS 2026","I:\PROYECTOS DE DISEÑO(ADOLFO)\(PIERRE ZEITOUNE) FERRETTI\ADOLFO CODIGOS DE BARRAS\1. EPS-SIN UTILIZAR\CODIGOS 2026\745130421730.eps","0"
"","","SIN_UTILIZAR","SIN_UTILIZAR",".jpg","745130421730.jpg","CODIGOS 2026","I:\PROYECTOS DE DISEÑO(ADOLFO)\(PIERRE ZEITOUNE) FERRETTI\ADOLFO CODIGOS DE BARRAS\1. EPS-SIN UTILIZAR\CODIGOS 2026\745130421730.jpg","0"
"","","SIN_UTILIZAR","SIN_UTILIZAR",".ai","745130421731.ai","CODIGOS 2026","I:\PROYECTOS DE DISEÑO(ADOLFO)\(PIERRE ZEITOUNE) FERRETTI\ADOLFO CODIGOS DE BARRAS\1. EPS-SIN UTILIZAR\CODIGOS 2026\745130421731.ai","0"
"","","SIN_UTILIZAR","SIN_UTILIZAR",".eps","745130421731.eps","CODIGOS 2026","I:\PROYECTOS DE DISEÑO(ADOLFO)\(PIERRE ZEITOUNE) FERRETTI\ADOLFO CODIGOS DE BARRAS\1. EPS-SIN UTILIZAR\CODIGOS 2026\745130421731.eps","0"
"","","SIN_UTILIZAR","SIN_UTILIZAR",".jpg","745130421731.jpg","CODIGOS 2026","I:\PROYECTOS DE DISEÑO(ADOLFO)\(PIERRE ZEITOUNE) FERRETTI\ADOLFO CODIGOS DE BARRAS\1. EPS-SIN UTILIZAR\CODIGOS 2026\745130421731.jpg","0"
"","","SIN_UTILIZAR","SIN_UTILIZAR",".ai","745130421732.ai","CODIGOS 2026","I:\PROYECTOS DE DISEÑO(ADOLFO)\(PIERRE ZEITOUNE) FERRETTI\ADOLFO CODIGOS DE BARRAS\1. EPS-SIN UTILIZAR\CODIGOS 2026\745130421732.ai","0"
"","","SIN_UTILIZAR","SIN_UTILIZAR",".eps","745130421732.eps","CODIGOS 2026","I:\PROYECTOS DE DISEÑO(ADOLFO)\(PIERRE ZEITOUNE) FERRETTI\ADOLFO CODIGOS DE BARRAS\1. EPS-SIN UTILIZAR\CODIGOS 2026\745130421732.eps","0"
"","","SIN_UTILIZAR","SIN_UTILIZAR",".jpg","745130421732.jpg","CODIGOS 2026","I:\PROYECTOS DE DISEÑO(ADOLFO)\(PIERRE ZEITOUNE) FERRETTI\ADOLFO CODIGOS DE BARRAS\1. EPS-SIN UTILIZAR\CODIGOS 2026\745130421732.jpg","0"
"","","SIN_UTILIZAR","SIN_UTILIZAR",".ai","745130421743.ai","CODIGOS 2026","I:\PROYECTOS DE DISEÑO(ADOLFO)\(PIERRE ZEITOUNE) FERRETTI\ADOLFO CODIGOS DE BARRAS\1. EPS-SIN UTILIZAR\CODIGOS 2026\745130421743.ai","0"
"","","SIN_UTILIZAR","SIN_UTILIZAR",".eps","745130421743.eps","CODIGOS 2026","I:\PROYECTOS DE DISEÑO(ADOLFO)\(PIERRE ZEITOUNE) FERRETTI\ADOLFO CODIGOS DE BARRAS\1. EPS-SIN UTILIZAR\CODIGOS 2026\745130421743.eps","0"
"","","SIN_UTILIZAR","SIN_UTILIZAR",".jpg","745130421743.jpg","CODIGOS 2026","I:\PROYECTOS DE DISEÑO(ADOLFO)\(PIERRE ZEITOUNE) FERRETTI\ADOLFO CODIGOS DE BARRAS\1. EPS-SIN UTILIZAR\CODIGOS 2026\745130421743.jpg","0"
"","","ZCA","EN_USO",".jpg","745130421592.jpg","ZCA-3064TP","I:\PROYECTOS DE DISEÑO(ADOLFO)\(PIERRE ZEITOUNE) FERRETTI\ADOLFO CODIGOS DE BARRAS\ZCA-3064TP\745130421592.jpg","0"
"","","ZCA","EN_USO",".pdf","745130421592.pdf","ZCA-3064TP","I:\PROYECTOS DE DISEÑO(ADOLFO)\(PIERRE ZEITOUNE) FERRETTI\ADOLFO CODIGOS DE BARRAS\ZCA-3064TP\745130421592.pdf","0"
"7451304212737","ZCE-8393BE","CerradurasEmbutir","EN_USO",".ai","7451304212737.ai","ZCE-8393BE","I:\PROYECTOS DE DISEÑO(ADOLFO)\(PIERRE ZEITOUNE) FERRETTI\ADOLFO CODIGOS DE BARRAS\CERRADURAS PARA EMBUTIR\ZCE-8393BE\7451304212737.ai","5"
"7451304212737","ZCE-8393BE","CerradurasEmbutir","EN_USO",".eps","7451304212737.eps","ZCE-8393BE","I:\PROYECTOS DE DISEÑO(ADOLFO)\(PIERRE ZEITOUNE) FERRETTI\ADOLFO CODIGOS DE BARRAS\CERRADURAS PARA EMBUTIR\ZCE-8393BE\7451304212737.eps","5"
"7451304212737","ZCE-8393BE","CerradurasEmbutir","EN_USO",".jpg","7451304212737.jpg","ZCE-8393BE","I:\PROYECTOS DE DISEÑO(ADOLFO)\(PIERRE ZEITOUNE) FERRETTI\ADOLFO CODIGOS DE BARRAS\CERRADURAS PARA EMBUTIR\ZCE-8393BE\7451304212737.jpg","5"
"7451304212737","ZCE-8393BE","CerradurasEmbutir","EN_USO",".pdf","7451304212737.pdf","ZCE-8393BE","I:\PROYECTOS DE DISEÑO(ADOLFO)\(PIERRE ZEITOUNE) FERRETTI\ADOLFO CODIGOS DE BARRAS\CERRADURAS PARA EMBUTIR\ZCE-8393BE\7451304212737.pdf","5"
"7451304212737","ZCE-8393BE","CerradurasEmbutir","EN_USO",".svg","7451304212737.svg","ZCE-8393BE","I:\PROYECTOS DE DISEÑO(ADOLFO)\(PIERRE ZEITOUNE) FERRETTI\ADOLFO CODIGOS DE BARRAS\CERRADURAS PARA EMBUTIR\ZCE-8393BE\7451304212737.svg","5"
"7451304212744","ZCE-9627BF","CerradurasEmbutir","EN_USO",".ai","7451304212744.ai","ZCE-9627BF","I:\PROYECTOS DE DISEÑO(ADOLFO)\(PIERRE ZEITOUNE) FERRETTI\ADOLFO CODIGOS DE BARRAS\CERRADURAS PARA EMBUTIR\ZCE-9627BF\7451304212744.ai","5"
"7451304212744","ZCE-9627BF","CerradurasEmbutir","EN_USO",".eps","7451304212744.eps","ZCE-9627BF","I:\PROYECTOS DE DISEÑO(ADOLFO)\(PIERRE ZEITOUNE) FERRETTI\ADOLFO CODIGOS DE BARRAS\CERRADURAS PARA EMBUTIR\ZCE-9627BF\7451304212744.eps","5"
"7451304212744","ZCE-9627BF","CerradurasEmbutir","EN_USO",".jpg","7451304212744.jpg","ZCE-9627BF","I:\PROYECTOS DE DISEÑO(ADOLFO)\(PIERRE ZEITOUNE) FERRETTI\ADOLFO CODIGOS DE BARRAS\CERRADURAS PARA EMBUTIR\ZCE-9627BF\7451304212744.jpg","5"
"7451304212744","ZCE-9627BF","CerradurasEmbutir","EN_USO",".pdf","7451304212744.pdf","ZCE-9627BF","I:\PROYECTOS DE DISEÑO(ADOLFO)\(PIERRE ZEITOUNE) FERRETTI\ADOLFO CODIGOS DE BARRAS\CERRADURAS PARA EMBUTIR\ZCE-9627BF\7451304212744.pdf","5"
"7451304212744","ZCE-9627BF","CerradurasEmbutir","EN_USO",".svg","7451304212744.svg","ZCE-9627BF","I:\PROYECTOS DE DISEÑO(ADOLFO)\(PIERRE ZEITOUNE) FERRETTI\ADOLFO CODIGOS DE BARRAS\CERRADURAS PARA EMBUTIR\ZCE-9627BF\7451304212744.svg","5"
"7451304212751","ZCE-2968BG","CerradurasEmbutir","EN_USO",".ai","7451304212751.ai","ZCE-2968BG","I:\PROYECTOS DE DISEÑO(ADOLFO)\(PIERRE ZEITOUNE) FERRETTI\ADOLFO CODIGOS DE BARRAS\CERRADURAS PARA EMBUTIR\ZCE-2968BG\7451304212751.ai","5"
"7451304212751","ZCE-2968BG","CerradurasEmbutir","EN_USO",".eps","7451304212751.eps","ZCE-2968BG","I:\PROYECTOS DE DISEÑO(ADOLFO)\(PIERRE ZEITOUNE) FERRETTI\ADOLFO CODIGOS DE BARRAS\CERRADURAS PARA EMBUTIR\ZCE-2968BG\7451304212751.eps","5"
"7451304212751","ZCE-2968BG","CerradurasEmbutir","EN_USO",".jpg","7451304212751.jpg","ZCE-2968BG","I:\PROYECTOS DE DISEÑO(ADOLFO)\(PIERRE ZEITOUNE) FERRETTI\ADOLFO CODIGOS DE BARRAS\CERRADURAS PARA EMBUTIR\ZCE-2968BG\7451304212751.jpg","5"
"7451304212751","ZCE-2968BG","CerradurasEmbutir","EN_USO",".pdf","7451304212751.pdf","ZCE-2968BG","I:\PROYECTOS DE DISEÑO(ADOLFO)\(PIERRE ZEITOUNE) FERRETTI\ADOLFO CODIGOS DE BARRAS\CERRADURAS PARA EMBUTIR\ZCE-2968BG\7451304212751.pdf","5"
"7451304212751","ZCE-2968BG","CerradurasEmbutir","EN_USO",".svg","7451304212751.svg","ZCE-2968BG","I:\PROYECTOS DE DISEÑO(ADOLFO)\(PIERRE ZEITOUNE) FERRETTI\ADOLFO CODIGOS DE BARRAS\CERRADURAS PARA EMBUTIR\ZCE-2968BG\7451304212751.svg","5"
"7451304212768","ZCE-4469BH","CerradurasEmbutir","EN_USO",".eps","7451304212768.eps","ZCE-4469BH","I:\PROYECTOS DE DISEÑO(ADOLFO)\(PIERRE ZEITOUNE) FERRETTI\ADOLFO CODIGOS DE BARRAS\CERRADURAS PARA EMBUTIR\ZCE-4469BH\7451304212768.eps","4"
"7451304212768","ZCE-4469BH","CerradurasEmbutir","EN_USO",".jpg","7451304212768.jpg","ZCE-4469BH","I:\PROYECTOS DE DISEÑO(ADOLFO)\(PIERRE ZEITOUNE) FERRETTI\ADOLFO CODIGOS DE BARRAS\CERRADURAS PARA EMBUTIR\ZCE-4469BH\7451304212768.jpg","4"
"7451304212768","ZCE-4469BH","CerradurasEmbutir","EN_USO",".pdf","7451304212768.pdf","ZCE-4469BH","I:\PROYECTOS DE DISEÑO(ADOLFO)\(PIERRE ZEITOUNE) FERRETTI\ADOLFO CODIGOS DE BARRAS\CERRADURAS PARA EMBUTIR\ZCE-4469BH\7451304212768.pdf","4"
"7451304212768","ZCE-4469BH","CerradurasEmbutir","EN_USO",".svg","7451304212768.svg","ZCE-4469BH","I:\PROYECTOS DE DISEÑO(ADOLFO)\(PIERRE ZEITOUNE) FERRETTI\ADOLFO CODIGOS DE BARRAS\CERRADURAS PARA EMBUTIR\ZCE-4469BH\7451304212768.svg","4"
"7451304212775","ZCE-6862BI","CerradurasEmbutir","EN_USO",".jpg","7451304212775.jpg","ZCE-6862BI","I:\PROYECTOS DE DISEÑO(ADOLFO)\(PIERRE ZEITOUNE) FERRETTI\ADOLFO CODIGOS DE BARRAS\CERRADURAS PARA EMBUTIR\ZCE-6862BI\7451304212775.jpg","2"
"7451304212775","ZCE-6862BI","CerradurasEmbutir","EN_USO",".pdf","7451304212775.pdf","ZCE-6862BI","I:\PROYECTOS DE DISEÑO(ADOLFO)\(PIERRE ZEITOUNE) FERRETTI\ADOLFO CODIGOS DE BARRAS\CERRADURAS PARA EMBUTIR\ZCE-6862BI\7451304212775.pdf","2"
"7451304212782","ZCE-4828BJ","CerradurasEmbutir","EN_USO",".jpg","7451304212782.jpg","ZCE-4828BJ","I:\PROYECTOS DE DISEÑO(ADOLFO)\(PIERRE ZEITOUNE) FERRETTI\ADOLFO CODIGOS DE BARRAS\CERRADURAS PARA EMBUTIR\ZCE-4828BJ\7451304212782.jpg","2"
"7451304212782","ZCE-4828BJ","CerradurasEmbutir","EN_USO",".pdf","7451304212782.pdf","ZCE-4828BJ","I:\PROYECTOS DE DISEÑO(ADOLFO)\(PIERRE ZEITOUNE) FERRETTI\ADOLFO CODIGOS DE BARRAS\CERRADURAS PARA EMBUTIR\ZCE-4828BJ\7451304212782.pdf","2"
"7451304212799","ZCE-2693BK","CerradurasEmbutir","EN_USO",".jpg","7451304212799.jpg","ZCE-2693BK","I:\PROYECTOS DE DISEÑO(ADOLFO)\(PIERRE ZEITOUNE) FERRETTI\ADOLFO CODIGOS DE BARRAS\CERRADURAS PARA EMBUTIR\ZCE-2693BK\7451304212799.jpg","2"
"7451304212799","ZCE-2693BK","CerradurasEmbutir","EN_USO",".pdf","7451304212799.pdf","ZCE-2693BK","I:\PROYECTOS DE DISEÑO(ADOLFO)\(PIERRE ZEITOUNE) FERRETTI\ADOLFO CODIGOS DE BARRAS\CERRADURAS PARA EMBUTIR\ZCE-2693BK\7451304212799.pdf","2"
"7451304212805","ZCE-7858BL","CerradurasEmbutir","EN_USO",".jpg","7451304212805.jpg","ZCE-7858BL","I:\PROYECTOS DE DISEÑO(ADOLFO)\(PIERRE ZEITOUNE) FERRETTI\ADOLFO CODIGOS DE BARRAS\CERRADURAS PARA EMBUTIR\ZCE-7858BL\7451304212805.jpg","2"
"7451304212805","ZCE-7858BL","CerradurasEmbutir","EN_USO",".pdf","7451304212805.pdf","ZCE-7858BL","I:\PROYECTOS DE DISEÑO(ADOLFO)\(PIERRE ZEITOUNE) FERRETTI\ADOLFO CODIGOS DE BARRAS\CERRADURAS PARA EMBUTIR\ZCE-7858BL\7451304212805.pdf","2"
"7451304212843","","Raiz","EN_USO",".svg","7451304212843.svg","ADOLFO CODIGOS DE BARRAS","I:\PROYECTOS DE DISEÑO(ADOLFO)\(PIERRE ZEITOUNE) FERRETTI\ADOLFO CODIGOS DE BARRAS\7451304212843.svg","1"
"7451304212898","","2018","EN_USO",".ai","7451304212898.ai","Candado de Anticizalla","I:\PROYECTOS DE DISEÑO(ADOLFO)\(PIERRE ZEITOUNE) FERRETTI\ADOLFO CODIGOS DE BARRAS\2018\Candado de Anticizalla\7451304212898.ai","4"
"7451304212898","","2018","EN_USO",".jpg","7451304212898.jpg","Candado de Anticizalla","I:\PROYECTOS DE DISEÑO(ADOLFO)\(PIERRE ZEITOUNE) FERRETTI\ADOLFO CODIGOS DE BARRAS\2018\Candado de Anticizalla\7451304212898.jpg","4"
"7451304212898","","2018","EN_USO",".pdf","7451304212898.pdf","Candado de Anticizalla","I:\PROYECTOS DE DISEÑO(ADOLFO)\(PIERRE ZEITOUNE) FERRETTI\ADOLFO CODIGOS DE BARRAS\2018\Candado de Anticizalla\7451304212898.pdf","4"
"7451304212898","","2018","EN_USO",".svg","7451304212898.svg","Candado de Anticizalla","I:\PROYECTOS DE DISEÑO(ADOLFO)\(PIERRE ZEITOUNE) FERRETTI\ADOLFO CODIGOS DE BARRAS\2018\Candado de Anticizalla\7451304212898.svg","4"
"7451304212904","ZCE-6554BV","2018","EN_USO",".ai","7451304212904.ai","ZCE-6554BV","I:\PROYECTOS DE DISEÑO(ADOLFO)\(PIERRE ZEITOUNE) FERRETTI\ADOLFO CODIGOS DE BARRAS\2018\Candado Tipo Barrilito\ZCE-6554BV\7451304212904.ai","4"
"7451304212904","ZCE-6554BV","2018","EN_USO",".eps","7451304212904.eps","ZCE-6554BV","I:\PROYECTOS DE DISEÑO(ADOLFO)\(PIERRE ZEITOUNE) FERRETTI\ADOLFO CODIGOS DE BARRAS\2018\Candado Tipo Barrilito\ZCE-6554BV\7451304212904.eps","4"
"7451304212904","ZCE-6554BV","2018","EN_USO",".jpg","7451304212904.jpg","ZCE-6554BV","I:\PROYECTOS DE DISEÑO(ADOLFO)\(PIERRE ZEITOUNE) FERRETTI\ADOLFO CODIGOS DE BARRAS\2018\Candado Tipo Barrilito\ZCE-6554BV\7451304212904.jpg","4"
"7451304212904","ZCE-6554BV","2018","EN_USO",".pdf","7451304212904.pdf","ZCE-6554BV","I:\PROYECTOS DE DISEÑO(ADOLFO)\(PIERRE ZEITOUNE) FERRETTI\ADOLFO CODIGOS DE BARRAS\2018\Candado Tipo Barrilito\ZCE-6554BV\7451304212904.pdf","4"
"7451304213307","ZCE-5874DJ","PDF","EN_USO",".ai","7451304213307.ai","ZCE-5874DJ","I:\PROYECTOS DE DISEÑO(ADOLFO)\(PIERRE ZEITOUNE) FERRETTI\ADOLFO CODIGOS DE BARRAS\3. PDF Files\ZCE-5874DJ\7451304213307.ai","4"
"7451304213307","ZCE-5874DJ","PDF","EN_USO",".eps","7451304213307.eps","ZCE-5874DJ","I:\PROYECTOS DE DISEÑO(ADOLFO)\(PIERRE ZEITOUNE) FERRETTI\ADOLFO CODIGOS DE BARRAS\3. PDF Files\ZCE-5874DJ\7451304213307.eps","4"
"7451304213307","ZCE-5874DJ","PDF","EN_USO",".jpg","7451304213307.jpg","ZCE-5874DJ","I:\PROYECTOS DE DISEÑO(ADOLFO)\(PIERRE ZEITOUNE) FERRETTI\ADOLFO CODIGOS DE BARRAS\3. PDF Files\ZCE-5874DJ\7451304213307.jpg","4"
"7451304213307","ZCE-5874DJ","PDF","EN_USO",".pdf","7451304213307.pdf","ZCE-5874DJ","I:\PROYECTOS DE DISEÑO(ADOLFO)\(PIERRE ZEITOUNE) FERRETTI\ADOLFO CODIGOS DE BARRAS\3. PDF Files\ZCE-5874DJ\7451304213307.pdf","4"
"7451304213321","ZCE-4294DL","PDF","EN_USO",".ai","7451304213321.ai","ZCE-4294DL","I:\PROYECTOS DE DISEÑO(ADOLFO)\(PIERRE ZEITOUNE) FERRETTI\ADOLFO CODIGOS DE BARRAS\3. PDF Files\ZCE-4294DL\7451304213321.ai","4"
"7451304213321","ZCE-4294DL","PDF","EN_USO",".eps","7451304213321.eps","ZCE-4294DL","I:\PROYECTOS DE DISEÑO(ADOLFO)\(PIERRE ZEITOUNE) FERRETTI\ADOLFO CODIGOS DE BARRAS\3. PDF Files\ZCE-4294DL\7451304213321.eps","4"
"7451304213321","ZCE-4294DL","PDF","EN_USO",".jpg","7451304213321.jpg","ZCE-4294DL","I:\PROYECTOS DE DISEÑO(ADOLFO)\(PIERRE ZEITOUNE) FERRETTI\ADOLFO CODIGOS DE BARRAS\3. PDF Files\ZCE-4294DL\7451304213321.jpg","4"
"7451304213321","ZCE-4294DL","PDF","EN_USO",".pdf","7451304213321.pdf","ZCE-4294DL","I:\PROYECTOS DE DISEÑO(ADOLFO)\(PIERRE ZEITOUNE) FERRETTI\ADOLFO CODIGOS DE BARRAS\3. PDF Files\ZCE-4294DL\7451304213321.pdf","4"
"7451304213383","ZCE-1799DU","PDF","EN_USO",".ai","7451304213383.ai","ZCE-1799DU","I:\PROYECTOS DE DISEÑO(ADOLFO)\(PIERRE ZEITOUNE) FERRETTI\ADOLFO CODIGOS DE BARRAS\3. PDF Files\ZCE-1799DU\7451304213383.ai","4"
"7451304213383","ZCE-1799DU","PDF","EN_USO",".eps","7451304213383.eps","ZCE-1799DU","I:\PROYECTOS DE DISEÑO(ADOLFO)\(PIERRE ZEITOUNE) FERRETTI\ADOLFO CODIGOS DE BARRAS\3. PDF Files\ZCE-1799DU\7451304213383.eps","4"
"7451304213383","ZCE-1799DU","PDF","EN_USO",".jpg","7451304213383.jpg","ZCE-1799DU","I:\PROYECTOS DE DISEÑO(ADOLFO)\(PIERRE ZEITOUNE) FERRETTI\ADOLFO CODIGOS DE BARRAS\3. PDF Files\ZCE-1799DU\7451304213383.jpg","4"
"7451304213383","ZCE-1799DU","PDF","EN_USO",".pdf","7451304213383.pdf","ZCE-1799DU","I:\PROYECTOS DE DISEÑO(ADOLFO)\(PIERRE ZEITOUNE) FERRETTI\ADOLFO CODIGOS DE BARRAS\3. PDF Files\ZCE-1799DU\7451304213383.pdf","4"
"7451304213406","ZCE-1583DW","PDF","EN_USO",".ai","7451304213406.ai","ZCE-1583DW","I:\PROYECTOS DE DISEÑO(ADOLFO)\(PIERRE ZEITOUNE) FERRETTI\ADOLFO CODIGOS DE BARRAS\3. PDF Files\ZCE-1583DW\7451304213406.ai","4"
"7451304213406","ZCE-1583DW","PDF","EN_USO",".eps","7451304213406.eps","ZCE-1583DW","I:\PROYECTOS DE DISEÑO(ADOLFO)\(PIERRE ZEITOUNE) FERRETTI\ADOLFO CODIGOS DE BARRAS\3. PDF Files\ZCE-1583DW\7451304213406.eps","4"
"7451304213406","ZCE-1583DW","PDF","EN_USO",".jpg","7451304213406.jpg","ZCE-1583DW","I:\PROYECTOS DE DISEÑO(ADOLFO)\(PIERRE ZEITOUNE) FERRETTI\ADOLFO CODIGOS DE BARRAS\3. PDF Files\ZCE-1583DW\7451304213406.jpg","4"
"7451304213406","ZCE-1583DW","PDF","EN_USO",".pdf","7451304213406.pdf","ZCE-1583DW","I:\PROYECTOS DE DISEÑO(ADOLFO)\(PIERRE ZEITOUNE) FERRETTI\ADOLFO CODIGOS DE BARRAS\3. PDF Files\ZCE-1583DW\7451304213406.pdf","4"
"7451304214564","ZCE-6979BY","2018","EN_USO",".ai","7451304214564.ai","ZCE-6979BY","I:\PROYECTOS DE DISEÑO(ADOLFO)\(PIERRE ZEITOUNE) FERRETTI\ADOLFO CODIGOS DE BARRAS\2018\Candado Tipo Barrilito\ZCE-6979BY\7451304214564.ai","4"
"7451304214564","ZCE-6979BY","2018","EN_USO",".eps","7451304214564.eps","ZCE-6979BY","I:\PROYECTOS DE DISEÑO(ADOLFO)\(PIERRE ZEITOUNE) FERRETTI\ADOLFO CODIGOS DE BARRAS\2018\Candado Tipo Barrilito\ZCE-6979BY\7451304214564.eps","4"
"7451304214564","ZCE-6979BY","2018","EN_USO",".pdf","7451304214564.pdf","ZCE-6979BY","I:\PROYECTOS DE DISEÑO(ADOLFO)\(PIERRE ZEITOUNE) FERRETTI\ADOLFO CODIGOS DE BARRAS\2018\Candado Tipo Barrilito\ZCE-6979BY\7451304214564.pdf","4"
"7451304214564","ZCE-6979BY","2018","EN_USO",".svg","7451304214564.svg","ZCE-6979BY","I:\PROYECTOS DE DISEÑO(ADOLFO)\(PIERRE ZEITOUNE) FERRETTI\ADOLFO CODIGOS DE BARRAS\2018\Candado Tipo Barrilito\ZCE-6979BY\7451304214564.svg","4"
"7451304214779","","SIN_UTILIZAR","SIN_UTILIZAR",".ai","7451304214779.ai","USADOS EN 2021","I:\PROYECTOS DE DISEÑO(ADOLFO)\(PIERRE ZEITOUNE) FERRETTI\ADOLFO CODIGOS DE BARRAS\1. EPS-SIN UTILIZAR\USADOS EN 2021\7451304214779.ai","3"
"7451304214779","","SIN_UTILIZAR","SIN_UTILIZAR",".eps","7451304214779.eps","USADOS EN 2021","I:\PROYECTOS DE DISEÑO(ADOLFO)\(PIERRE ZEITOUNE) FERRETTI\ADOLFO CODIGOS DE BARRAS\1. EPS-SIN UTILIZAR\USADOS EN 2021\7451304214779.eps","3"
"7451304214779","","SIN_UTILIZAR","SIN_UTILIZAR",".jpg","7451304214779.jpg","USADOS EN 2021","I:\PROYECTOS DE DISEÑO(ADOLFO)\(PIERRE ZEITOUNE) FERRETTI\ADOLFO CODIGOS DE BARRAS\1. EPS-SIN UTILIZAR\USADOS EN 2021\7451304214779.jpg","3"
"7451304215950","ZCE-2981AA","SIN_UTILIZAR","SIN_UTILIZAR",".ai","7451304215950.ai","1-ZCE-2981AA","I:\PROYECTOS DE DISEÑO(ADOLFO)\(PIERRE ZEITOUNE) FERRETTI\ADOLFO CODIGOS DE BARRAS\1. EPS-SIN UTILIZAR\CARBODE-PROD AGOSTO2024(30)\1-ZCE-2981AA\7451304215950.ai","3"
"7451304215950","ZCE-2981AA","SIN_UTILIZAR","SIN_UTILIZAR",".eps","7451304215950.eps","1-ZCE-2981AA","I:\PROYECTOS DE DISEÑO(ADOLFO)\(PIERRE ZEITOUNE) FERRETTI\ADOLFO CODIGOS DE BARRAS\1. EPS-SIN UTILIZAR\CARBODE-PROD AGOSTO2024(30)\1-ZCE-2981AA\7451304215950.eps","3"
"7451304215950","ZCE-2981AA","SIN_UTILIZAR","SIN_UTILIZAR",".jpg","7451304215950.jpg","1-ZCE-2981AA","I:\PROYECTOS DE DISEÑO(ADOLFO)\(PIERRE ZEITOUNE) FERRETTI\ADOLFO CODIGOS DE BARRAS\1. EPS-SIN UTILIZAR\CARBODE-PROD AGOSTO2024(30)\1-ZCE-2981AA\7451304215950.jpg","3"
"7451304215967","ZCE-4634AB","SIN_UTILIZAR","SIN_UTILIZAR",".ai","7451304215967.ai","2-ZCE-4634AB","I:\PROYECTOS DE DISEÑO(ADOLFO)\(PIERRE ZEITOUNE) FERRETTI\ADOLFO CODIGOS DE BARRAS\1. EPS-SIN UTILIZAR\CARBODE-PROD AGOSTO2024(30)\2-ZCE-4634AB\7451304215967.ai","3"
"7451304215967","ZCE-4634AB","SIN_UTILIZAR","SIN_UTILIZAR",".eps","7451304215967.eps","2-ZCE-4634AB","I:\PROYECTOS DE DISEÑO(ADOLFO)\(PIERRE ZEITOUNE) FERRETTI\ADOLFO CODIGOS DE BARRAS\1. EPS-SIN UTILIZAR\CARBODE-PROD AGOSTO2024(30)\2-ZCE-4634AB\7451304215967.eps","3"
"7451304215967","ZCE-4634AB","SIN_UTILIZAR","SIN_UTILIZAR",".jpg","7451304215967.jpg","2-ZCE-4634AB","I:\PROYECTOS DE DISEÑO(ADOLFO)\(PIERRE ZEITOUNE) FERRETTI\ADOLFO CODIGOS DE BARRAS\1. EPS-SIN UTILIZAR\CARBODE-PROD AGOSTO2024(30)\2-ZCE-4634AB\7451304215967.jpg","3"
"7451304215974","ZCE-8126AC","SIN_UTILIZAR","SIN_UTILIZAR",".ai","7451304215974.ai","3-ZCE-8126AC","I:\PROYECTOS DE DISEÑO(ADOLFO)\(PIERRE ZEITOUNE) FERRETTI\ADOLFO CODIGOS DE BARRAS\1. EPS-SIN UTILIZAR\CARBODE-PROD AGOSTO2024(30)\3-ZCE-8126AC\7451304215974.ai","3"
"7451304215974","ZCE-8126AC","SIN_UTILIZAR","SIN_UTILIZAR",".eps","7451304215974.eps","3-ZCE-8126AC","I:\PROYECTOS DE DISEÑO(ADOLFO)\(PIERRE ZEITOUNE) FERRETTI\ADOLFO CODIGOS DE BARRAS\1. EPS-SIN UTILIZAR\CARBODE-PROD AGOSTO2024(30)\3-ZCE-8126AC\7451304215974.eps","3"
"7451304215974","ZCE-8126AC","SIN_UTILIZAR","SIN_UTILIZAR",".jpg","7451304215974.jpg","3-ZCE-8126AC","I:\PROYECTOS DE DISEÑO(ADOLFO)\(PIERRE ZEITOUNE) FERRETTI\ADOLFO CODIGOS DE BARRAS\1. EPS-SIN UTILIZAR\CARBODE-PROD AGOSTO2024(30)\3-ZCE-8126AC\7451304215974.jpg","3"
"7451304215981","ZCE-3227AD","SIN_UTILIZAR","SIN_UTILIZAR",".ai","7451304215981.ai","4-ZCE-3227AD","I:\PROYECTOS DE DISEÑO(ADOLFO)\(PIERRE ZEITOUNE) FERRETTI\ADOLFO CODIGOS DE BARRAS\1. EPS-SIN UTILIZAR\CARBODE-PROD AGOSTO2024(30)\4-ZCE-3227AD\7451304215981.ai","3"
"7451304215981","ZCE-3227AD","SIN_UTILIZAR","SIN_UTILIZAR",".eps","7451304215981.eps","4-ZCE-3227AD","I:\PROYECTOS DE DISEÑO(ADOLFO)\(PIERRE ZEITOUNE) FERRETTI\ADOLFO CODIGOS DE BARRAS\1. EPS-SIN UTILIZAR\CARBODE-PROD AGOSTO2024(30)\4-ZCE-3227AD\7451304215981.eps","3"
"7451304215981","ZCE-3227AD","SIN_UTILIZAR","SIN_UTILIZAR",".jpg","7451304215981.jpg","4-ZCE-3227AD","I:\PROYECTOS DE DISEÑO(ADOLFO)\(PIERRE ZEITOUNE) FERRETTI\ADOLFO CODIGOS DE BARRAS\1. EPS-SIN UTILIZAR\CARBODE-PROD AGOSTO2024(30)\4-ZCE-3227AD\7451304215981.jpg","3"
"7451304215998","ZCE-6338AE","SIN_UTILIZAR","SIN_UTILIZAR",".ai","7451304215998.ai","5-ZCE-6338AE","I:\PROYECTOS DE DISEÑO(ADOLFO)\(PIERRE ZEITOUNE) FERRETTI\ADOLFO CODIGOS DE BARRAS\1. EPS-SIN UTILIZAR\CARBODE-PROD AGOSTO2024(30)\5-ZCE-6338AE\7451304215998.ai","3"
"7451304215998","ZCE-6338AE","SIN_UTILIZAR","SIN_UTILIZAR",".eps","7451304215998.eps","5-ZCE-6338AE","I:\PROYECTOS DE DISEÑO(ADOLFO)\(PIERRE ZEITOUNE) FERRETTI\ADOLFO CODIGOS DE BARRAS\1. EPS-SIN UTILIZAR\CARBODE-PROD AGOSTO2024(30)\5-ZCE-6338AE\7451304215998.eps","3"
"7451304215998","ZCE-6338AE","SIN_UTILIZAR","SIN_UTILIZAR",".jpg","7451304215998.jpg","5-ZCE-6338AE","I:\PROYECTOS DE DISEÑO(ADOLFO)\(PIERRE ZEITOUNE) FERRETTI\ADOLFO CODIGOS DE BARRAS\1. EPS-SIN UTILIZAR\CARBODE-PROD AGOSTO2024(30)\5-ZCE-6338AE\7451304215998.jpg","3"
"7451304216001","ZCE-4844AF","SIN_UTILIZAR","SIN_UTILIZAR",".ai","7451304216001.ai","6-ZCE-4844AF","I:\PROYECTOS DE DISEÑO(ADOLFO)\(PIERRE ZEITOUNE) FERRETTI\ADOLFO CODIGOS DE BARRAS\1. EPS-SIN UTILIZAR\CARBODE-PROD AGOSTO2024(30)\6-ZCE-4844AF\7451304216001.ai","3"
"7451304216001","ZCE-4844AF","SIN_UTILIZAR","SIN_UTILIZAR",".eps","7451304216001.eps","6-ZCE-4844AF","I:\PROYECTOS DE DISEÑO(ADOLFO)\(PIERRE ZEITOUNE) FERRETTI\ADOLFO CODIGOS DE BARRAS\1. EPS-SIN UTILIZAR\CARBODE-PROD AGOSTO2024(30)\6-ZCE-4844AF\7451304216001.eps","3"
"7451304216001","ZCE-4844AF","SIN_UTILIZAR","SIN_UTILIZAR",".jpg","7451304216001.jpg","6-ZCE-4844AF","I:\PROYECTOS DE DISEÑO(ADOLFO)\(PIERRE ZEITOUNE) FERRETTI\ADOLFO CODIGOS DE BARRAS\1. EPS-SIN UTILIZAR\CARBODE-PROD AGOSTO2024(30)\6-ZCE-4844AF\7451304216001.jpg","3"
"7451304216018","ZCE-5221AG","SIN_UTILIZAR","SIN_UTILIZAR",".ai","7451304216018.ai","7-ZCE-5221AG","I:\PROYECTOS DE DISEÑO(ADOLFO)\(PIERRE ZEITOUNE) FERRETTI\ADOLFO CODIGOS DE BARRAS\1. EPS-SIN UTILIZAR\CARBODE-PROD AGOSTO2024(30)\7-ZCE-5221AG\7451304216018.ai","3"
"7451304216018","ZCE-5221AG","SIN_UTILIZAR","SIN_UTILIZAR",".eps","7451304216018.eps","7-ZCE-5221AG","I:\PROYECTOS DE DISEÑO(ADOLFO)\(PIERRE ZEITOUNE) FERRETTI\ADOLFO CODIGOS DE BARRAS\1. EPS-SIN UTILIZAR\CARBODE-PROD AGOSTO2024(30)\7-ZCE-5221AG\7451304216018.eps","3"
"7451304216018","ZCE-5221AG","SIN_UTILIZAR","SIN_UTILIZAR",".jpg","7451304216018.jpg","7-ZCE-5221AG","I:\PROYECTOS DE DISEÑO(ADOLFO)\(PIERRE ZEITOUNE) FERRETTI\ADOLFO CODIGOS DE BARRAS\1. EPS-SIN UTILIZAR\CARBODE-PROD AGOSTO2024(30)\7-ZCE-5221AG\7451304216018.jpg","3"
"7451304216025","ZCE-2756AH","SIN_UTILIZAR","SIN_UTILIZAR",".ai","7451304216025.ai","8-ZCE-2756AH","I:\PROYECTOS DE DISEÑO(ADOLFO)\(PIERRE ZEITOUNE) FERRETTI\ADOLFO CODIGOS DE BARRAS\1. EPS-SIN UTILIZAR\CARBODE-PROD AGOSTO2024(30)\8-ZCE-2756AH\7451304216025.ai","3"
"7451304216025","ZCE-2756AH","SIN_UTILIZAR","SIN_UTILIZAR",".eps","7451304216025.eps","8-ZCE-2756AH","I:\PROYECTOS DE DISEÑO(ADOLFO)\(PIERRE ZEITOUNE) FERRETTI\ADOLFO CODIGOS DE BARRAS\1. EPS-SIN UTILIZAR\CARBODE-PROD AGOSTO2024(30)\8-ZCE-2756AH\7451304216025.eps","3"
"7451304216025","ZCE-2756AH","SIN_UTILIZAR","SIN_UTILIZAR",".jpg","7451304216025.jpg","8-ZCE-2756AH","I:\PROYECTOS DE DISEÑO(ADOLFO)\(PIERRE ZEITOUNE) FERRETTI\ADOLFO CODIGOS DE BARRAS\1. EPS-SIN UTILIZAR\CARBODE-PROD AGOSTO2024(30)\8-ZCE-2756AH\7451304216025.jpg","3"
"7451304216032","ZCE-3417AI","SIN_UTILIZAR","SIN_UTILIZAR",".ai","7451304216032.ai","9-ZCE-3417AI","I:\PROYECTOS DE DISEÑO(ADOLFO)\(PIERRE ZEITOUNE) FERRETTI\ADOLFO CODIGOS DE BARRAS\1. EPS-SIN UTILIZAR\CARBODE-PROD AGOSTO2024(30)\9-ZCE-3417AI\7451304216032.ai","3"
"7451304216032","ZCE-3417AI","SIN_UTILIZAR","SIN_UTILIZAR",".eps","7451304216032.eps","9-ZCE-3417AI","I:\PROYECTOS DE DISEÑO(ADOLFO)\(PIERRE ZEITOUNE) FERRETTI\ADOLFO CODIGOS DE BARRAS\1. EPS-SIN UTILIZAR\CARBODE-PROD AGOSTO2024(30)\9-ZCE-3417AI\7451304216032.eps","3"
"7451304216032","ZCE-3417AI","SIN_UTILIZAR","SIN_UTILIZAR",".jpg","7451304216032.jpg","9-ZCE-3417AI","I:\PROYECTOS DE DISEÑO(ADOLFO)\(PIERRE ZEITOUNE) FERRETTI\ADOLFO CODIGOS DE BARRAS\1. EPS-SIN UTILIZAR\CARBODE-PROD AGOSTO2024(30)\9-ZCE-3417AI\7451304216032.jpg","3"
"7451304216049","ZCE-6111AJ","SIN_UTILIZAR","SIN_UTILIZAR",".ai","7451304216049.ai","10-ZCE-6111AJ","I:\PROYECTOS DE DISEÑO(ADOLFO)\(PIERRE ZEITOUNE) FERRETTI\ADOLFO CODIGOS DE BARRAS\1. EPS-SIN UTILIZAR\CARBODE-PROD AGOSTO2024(30)\10-ZCE-6111AJ\7451304216049.ai","3"
"7451304216049","ZCE-6111AJ","SIN_UTILIZAR","SIN_UTILIZAR",".eps","7451304216049.eps","10-ZCE-6111AJ","I:\PROYECTOS DE DISEÑO(ADOLFO)\(PIERRE ZEITOUNE) FERRETTI\ADOLFO CODIGOS DE BARRAS\1. EPS-SIN UTILIZAR\CARBODE-PROD AGOSTO2024(30)\10-ZCE-6111AJ\7451304216049.eps","3"
"7451304216049","ZCE-6111AJ","SIN_UTILIZAR","SIN_UTILIZAR",".jpg","7451304216049.jpg","10-ZCE-6111AJ","I:\PROYECTOS DE DISEÑO(ADOLFO)\(PIERRE ZEITOUNE) FERRETTI\ADOLFO CODIGOS DE BARRAS\1. EPS-SIN UTILIZAR\CARBODE-PROD AGOSTO2024(30)\10-ZCE-6111AJ\7451304216049.jpg","3"
"7451304216056","ZCE-3294AK","SIN_UTILIZAR","SIN_UTILIZAR",".ai","7451304216056.ai","11-ZCE-3294AK","I:\PROYECTOS DE DISEÑO(ADOLFO)\(PIERRE ZEITOUNE) FERRETTI\ADOLFO CODIGOS DE BARRAS\1. EPS-SIN UTILIZAR\CARBODE-PROD AGOSTO2024(30)\11-ZCE-3294AK\7451304216056.ai","3"
"7451304216056","ZCE-3294AK","SIN_UTILIZAR","SIN_UTILIZAR",".eps","7451304216056.eps","11-ZCE-3294AK","I:\PROYECTOS DE DISEÑO(ADOLFO)\(PIERRE ZEITOUNE) FERRETTI\ADOLFO CODIGOS DE BARRAS\1. EPS-SIN UTILIZAR\CARBODE-PROD AGOSTO2024(30)\11-ZCE-3294AK\7451304216056.eps","3"
"7451304216056","ZCE-3294AK","SIN_UTILIZAR","SIN_UTILIZAR",".jpg","7451304216056.jpg","11-ZCE-3294AK","I:\PROYECTOS DE DISEÑO(ADOLFO)\(PIERRE ZEITOUNE) FERRETTI\ADOLFO CODIGOS DE BARRAS\1. EPS-SIN UTILIZAR\CARBODE-PROD AGOSTO2024(30)\11-ZCE-3294AK\7451304216056.jpg","3"
"7451304216063","ZCE-1722AL","SIN_UTILIZAR","SIN_UTILIZAR",".ai","7451304216063.ai","12-ZCE-1722AL","I:\PROYECTOS DE DISEÑO(ADOLFO)\(PIERRE ZEITOUNE) FERRETTI\ADOLFO CODIGOS DE BARRAS\1. EPS-SIN UTILIZAR\CARBODE-PROD AGOSTO2024(30)\12-ZCE-1722AL\7451304216063.ai","3"
"7451304216063","ZCE-1722AL","SIN_UTILIZAR","SIN_UTILIZAR",".eps","7451304216063.eps","12-ZCE-1722AL","I:\PROYECTOS DE DISEÑO(ADOLFO)\(PIERRE ZEITOUNE) FERRETTI\ADOLFO CODIGOS DE BARRAS\1. EPS-SIN UTILIZAR\CARBODE-PROD AGOSTO2024(30)\12-ZCE-1722AL\7451304216063.eps","3"
"7451304216063","ZCE-1722AL","SIN_UTILIZAR","SIN_UTILIZAR",".jpg","7451304216063.jpg","12-ZCE-1722AL","I:\PROYECTOS DE DISEÑO(ADOLFO)\(PIERRE ZEITOUNE) FERRETTI\ADOLFO CODIGOS DE BARRAS\1. EPS-SIN UTILIZAR\CARBODE-PROD AGOSTO2024(30)\12-ZCE-1722AL\7451304216063.jpg","3"
"7451304216070","ZCE-3983AM","SIN_UTILIZAR","SIN_UTILIZAR",".ai","7451304216070.ai","13-ZCE-3983AM","I:\PROYECTOS DE DISEÑO(ADOLFO)\(PIERRE ZEITOUNE) FERRETTI\ADOLFO CODIGOS DE BARRAS\1. EPS-SIN UTILIZAR\CARBODE-PROD AGOSTO2024(30)\13-ZCE-3983AM\7451304216070.ai","3"
"7451304216070","ZCE-3983AM","SIN_UTILIZAR","SIN_UTILIZAR",".eps","7451304216070.eps","13-ZCE-3983AM","I:\PROYECTOS DE DISEÑO(ADOLFO)\(PIERRE ZEITOUNE) FERRETTI\ADOLFO CODIGOS DE BARRAS\1. EPS-SIN UTILIZAR\CARBODE-PROD AGOSTO2024(30)\13-ZCE-3983AM\7451304216070.eps","3"
"7451304216070","ZCE-3983AM","SIN_UTILIZAR","SIN_UTILIZAR",".jpg","7451304216070.jpg","13-ZCE-3983AM","I:\PROYECTOS DE DISEÑO(ADOLFO)\(PIERRE ZEITOUNE) FERRETTI\ADOLFO CODIGOS DE BARRAS\1. EPS-SIN UTILIZAR\CARBODE-PROD AGOSTO2024(30)\13-ZCE-3983AM\7451304216070.jpg","3"
"7451304216087","ZCE-5322BA","SIN_UTILIZAR","SIN_UTILIZAR",".ai","7451304216087.ai","14-ZCE-5322BA","I:\PROYECTOS DE DISEÑO(ADOLFO)\(PIERRE ZEITOUNE) FERRETTI\ADOLFO CODIGOS DE BARRAS\1. EPS-SIN UTILIZAR\CARBODE-PROD AGOSTO2024(30)\14-ZCE-5322BA\7451304216087.ai","3"
"7451304216087","ZCE-5322BA","SIN_UTILIZAR","SIN_UTILIZAR",".eps","7451304216087.eps","14-ZCE-5322BA","I:\PROYECTOS DE DISEÑO(ADOLFO)\(PIERRE ZEITOUNE) FERRETTI\ADOLFO CODIGOS DE BARRAS\1. EPS-SIN UTILIZAR\CARBODE-PROD AGOSTO2024(30)\14-ZCE-5322BA\7451304216087.eps","3"
"7451304216087","ZCE-5322BA","SIN_UTILIZAR","SIN_UTILIZAR",".jpg","7451304216087.jpg","14-ZCE-5322BA","I:\PROYECTOS DE DISEÑO(ADOLFO)\(PIERRE ZEITOUNE) FERRETTI\ADOLFO CODIGOS DE BARRAS\1. EPS-SIN UTILIZAR\CARBODE-PROD AGOSTO2024(30)\14-ZCE-5322BA\7451304216087.jpg","3"
"7451304216094","ZCE-5322BA","SIN_UTILIZAR","SIN_UTILIZAR",".ai","7451304216094.ai","15-ZCE-5322BA","I:\PROYECTOS DE DISEÑO(ADOLFO)\(PIERRE ZEITOUNE) FERRETTI\ADOLFO CODIGOS DE BARRAS\1. EPS-SIN UTILIZAR\CARBODE-PROD AGOSTO2024(30)\15-ZCE-5322BA\7451304216094.ai","3"
"7451304216094","ZCE-5322BA","SIN_UTILIZAR","SIN_UTILIZAR",".eps","7451304216094.eps","15-ZCE-5322BA","I:\PROYECTOS DE DISEÑO(ADOLFO)\(PIERRE ZEITOUNE) FERRETTI\ADOLFO CODIGOS DE BARRAS\1. EPS-SIN UTILIZAR\CARBODE-PROD AGOSTO2024(30)\15-ZCE-5322BA\7451304216094.eps","3"
"7451304216094","ZCE-5322BA","SIN_UTILIZAR","SIN_UTILIZAR",".jpg","7451304216094.jpg","15-ZCE-5322BA","I:\PROYECTOS DE DISEÑO(ADOLFO)\(PIERRE ZEITOUNE) FERRETTI\ADOLFO CODIGOS DE BARRAS\1. EPS-SIN UTILIZAR\CARBODE-PROD AGOSTO2024(30)\15-ZCE-5322BA\7451304216094.jpg","3"
"7451304216100","ZCE-6553BC","SIN_UTILIZAR","SIN_UTILIZAR",".ai","7451304216100.ai","16-ZCE-6553BC","I:\PROYECTOS DE DISEÑO(ADOLFO)\(PIERRE ZEITOUNE) FERRETTI\ADOLFO CODIGOS DE BARRAS\1. EPS-SIN UTILIZAR\CARBODE-PROD AGOSTO2024(30)\16-ZCE-6553BC\7451304216100.ai","3"
"7451304216100","ZCE-6553BC","SIN_UTILIZAR","SIN_UTILIZAR",".eps","7451304216100.eps","16-ZCE-6553BC","I:\PROYECTOS DE DISEÑO(ADOLFO)\(PIERRE ZEITOUNE) FERRETTI\ADOLFO CODIGOS DE BARRAS\1. EPS-SIN UTILIZAR\CARBODE-PROD AGOSTO2024(30)\16-ZCE-6553BC\7451304216100.eps","3"
"7451304216100","ZCE-6553BC","SIN_UTILIZAR","SIN_UTILIZAR",".jpg","7451304216100.jpg","16-ZCE-6553BC","I:\PROYECTOS DE DISEÑO(ADOLFO)\(PIERRE ZEITOUNE) FERRETTI\ADOLFO CODIGOS DE BARRAS\1. EPS-SIN UTILIZAR\CARBODE-PROD AGOSTO2024(30)\16-ZCE-6553BC\7451304216100.jpg","3"
"7451304216117","ZCE-2334BD","SIN_UTILIZAR","SIN_UTILIZAR",".ai","7451304216117.ai","17-ZCE-2334BD","I:\PROYECTOS DE DISEÑO(ADOLFO)\(PIERRE ZEITOUNE) FERRETTI\ADOLFO CODIGOS DE BARRAS\1. EPS-SIN UTILIZAR\CARBODE-PROD AGOSTO2024(30)\17-ZCE-2334BD\7451304216117.ai","3"
"7451304216117","ZCE-2334BD","SIN_UTILIZAR","SIN_UTILIZAR",".eps","7451304216117.eps","17-ZCE-2334BD","I:\PROYECTOS DE DISEÑO(ADOLFO)\(PIERRE ZEITOUNE) FERRETTI\ADOLFO CODIGOS DE BARRAS\1. EPS-SIN UTILIZAR\CARBODE-PROD AGOSTO2024(30)\17-ZCE-2334BD\7451304216117.eps","3"
"7451304216117","ZCE-2334BD","SIN_UTILIZAR","SIN_UTILIZAR",".jpg","7451304216117.jpg","17-ZCE-2334BD","I:\PROYECTOS DE DISEÑO(ADOLFO)\(PIERRE ZEITOUNE) FERRETTI\ADOLFO CODIGOS DE BARRAS\1. EPS-SIN UTILIZAR\CARBODE-PROD AGOSTO2024(30)\17-ZCE-2334BD\7451304216117.jpg","3"
"7451304216124","ZCE-6915BE","SIN_UTILIZAR","SIN_UTILIZAR",".ai","7451304216124.ai","18-ZCE-6915BE","I:\PROYECTOS DE DISEÑO(ADOLFO)\(PIERRE ZEITOUNE) FERRETTI\ADOLFO CODIGOS DE BARRAS\1. EPS-SIN UTILIZAR\CARBODE-PROD AGOSTO2024(30)\18-ZCE-6915BE\7451304216124.ai","3"
"7451304216124","ZCE-6915BE","SIN_UTILIZAR","SIN_UTILIZAR",".eps","7451304216124.eps","18-ZCE-6915BE","I:\PROYECTOS DE DISEÑO(ADOLFO)\(PIERRE ZEITOUNE) FERRETTI\ADOLFO CODIGOS DE BARRAS\1. EPS-SIN UTILIZAR\CARBODE-PROD AGOSTO2024(30)\18-ZCE-6915BE\7451304216124.eps","3"
"7451304216124","ZCE-6915BE","SIN_UTILIZAR","SIN_UTILIZAR",".jpg","7451304216124.jpg","18-ZCE-6915BE","I:\PROYECTOS DE DISEÑO(ADOLFO)\(PIERRE ZEITOUNE) FERRETTI\ADOLFO CODIGOS DE BARRAS\1. EPS-SIN UTILIZAR\CARBODE-PROD AGOSTO2024(30)\18-ZCE-6915BE\7451304216124.jpg","3"
"7451304216131","ZCE-2836BF","SIN_UTILIZAR","SIN_UTILIZAR",".ai","7451304216131.ai","19-ZCE-2836BF","I:\PROYECTOS DE DISEÑO(ADOLFO)\(PIERRE ZEITOUNE) FERRETTI\ADOLFO CODIGOS DE BARRAS\1. EPS-SIN UTILIZAR\CARBODE-PROD AGOSTO2024(30)\19-ZCE-2836BF\7451304216131.ai","3"
"7451304216131","ZCE-2836BF","SIN_UTILIZAR","SIN_UTILIZAR",".eps","7451304216131.eps","19-ZCE-2836BF","I:\PROYECTOS DE DISEÑO(ADOLFO)\(PIERRE ZEITOUNE) FERRETTI\ADOLFO CODIGOS DE BARRAS\1. EPS-SIN UTILIZAR\CARBODE-PROD AGOSTO2024(30)\19-ZCE-2836BF\7451304216131.eps","3"
"7451304216131","ZCE-2836BF","SIN_UTILIZAR","SIN_UTILIZAR",".jpg","7451304216131.jpg","19-ZCE-2836BF","I:\PROYECTOS DE DISEÑO(ADOLFO)\(PIERRE ZEITOUNE) FERRETTI\ADOLFO CODIGOS DE BARRAS\1. EPS-SIN UTILIZAR\CARBODE-PROD AGOSTO2024(30)\19-ZCE-2836BF\7451304216131.jpg","3"
"7451304216148","ZCE-4353BG","SIN_UTILIZAR","SIN_UTILIZAR",".ai","7451304216148.ai","20-ZCE-4353BG","I:\PROYECTOS DE DISEÑO(ADOLFO)\(PIERRE ZEITOUNE) FERRETTI\ADOLFO CODIGOS DE BARRAS\1. EPS-SIN UTILIZAR\CARBODE-PROD AGOSTO2024(30)\20-ZCE-4353BG\7451304216148.ai","3"
"7451304216148","ZCE-4353BG","SIN_UTILIZAR","SIN_UTILIZAR",".eps","7451304216148.eps","20-ZCE-4353BG","I:\PROYECTOS DE DISEÑO(ADOLFO)\(PIERRE ZEITOUNE) FERRETTI\ADOLFO CODIGOS DE BARRAS\1. EPS-SIN UTILIZAR\CARBODE-PROD AGOSTO2024(30)\20-ZCE-4353BG\7451304216148.eps","3"
"7451304216148","ZCE-4353BG","SIN_UTILIZAR","SIN_UTILIZAR",".jpg","7451304216148.jpg","20-ZCE-4353BG","I:\PROYECTOS DE DISEÑO(ADOLFO)\(PIERRE ZEITOUNE) FERRETTI\ADOLFO CODIGOS DE BARRAS\1. EPS-SIN UTILIZAR\CARBODE-PROD AGOSTO2024(30)\20-ZCE-4353BG\7451304216148.jpg","3"
"7451304216155","ZCE-1314CA","SIN_UTILIZAR","SIN_UTILIZAR",".ai","7451304216155.ai","21-ZCE-1314CA","I:\PROYECTOS DE DISEÑO(ADOLFO)\(PIERRE ZEITOUNE) FERRETTI\ADOLFO CODIGOS DE BARRAS\1. EPS-SIN UTILIZAR\CARBODE-PROD AGOSTO2024(30)\21-ZCE-1314CA\7451304216155.ai","3"
"7451304216155","ZCE-1314CA","SIN_UTILIZAR","SIN_UTILIZAR",".eps","7451304216155.eps","21-ZCE-1314CA","I:\PROYECTOS DE DISEÑO(ADOLFO)\(PIERRE ZEITOUNE) FERRETTI\ADOLFO CODIGOS DE BARRAS\1. EPS-SIN UTILIZAR\CARBODE-PROD AGOSTO2024(30)\21-ZCE-1314CA\7451304216155.eps","3"
"7451304216155","ZCE-1314CA","SIN_UTILIZAR","SIN_UTILIZAR",".jpg","7451304216155.jpg","21-ZCE-1314CA","I:\PROYECTOS DE DISEÑO(ADOLFO)\(PIERRE ZEITOUNE) FERRETTI\ADOLFO CODIGOS DE BARRAS\1. EPS-SIN UTILIZAR\CARBODE-PROD AGOSTO2024(30)\21-ZCE-1314CA\7451304216155.jpg","3"
"7451304216162","ZCE-5369CB","SIN_UTILIZAR","SIN_UTILIZAR",".ai","7451304216162.ai","22-ZCE-5369CB","I:\PROYECTOS DE DISEÑO(ADOLFO)\(PIERRE ZEITOUNE) FERRETTI\ADOLFO CODIGOS DE BARRAS\1. EPS-SIN UTILIZAR\CARBODE-PROD AGOSTO2024(30)\22-ZCE-5369CB\7451304216162.ai","3"
"7451304216162","ZCE-5369CB","SIN_UTILIZAR","SIN_UTILIZAR",".eps","7451304216162.eps","22-ZCE-5369CB","I:\PROYECTOS DE DISEÑO(ADOLFO)\(PIERRE ZEITOUNE) FERRETTI\ADOLFO CODIGOS DE BARRAS\1. EPS-SIN UTILIZAR\CARBODE-PROD AGOSTO2024(30)\22-ZCE-5369CB\7451304216162.eps","3"
"7451304216162","ZCE-5369CB","SIN_UTILIZAR","SIN_UTILIZAR",".jpg","7451304216162.jpg","22-ZCE-5369CB","I:\PROYECTOS DE DISEÑO(ADOLFO)\(PIERRE ZEITOUNE) FERRETTI\ADOLFO CODIGOS DE BARRAS\1. EPS-SIN UTILIZAR\CARBODE-PROD AGOSTO2024(30)\22-ZCE-5369CB\7451304216162.jpg","3"
"7451304216179","ZCE-9246CC","SIN_UTILIZAR","SIN_UTILIZAR",".ai","7451304216179.ai","23-ZCE-9246CC","I:\PROYECTOS DE DISEÑO(ADOLFO)\(PIERRE ZEITOUNE) FERRETTI\ADOLFO CODIGOS DE BARRAS\1. EPS-SIN UTILIZAR\CARBODE-PROD AGOSTO2024(30)\23-ZCE-9246CC\7451304216179.ai","3"
"7451304216179","ZCE-9246CC","SIN_UTILIZAR","SIN_UTILIZAR",".eps","7451304216179.eps","23-ZCE-9246CC","I:\PROYECTOS DE DISEÑO(ADOLFO)\(PIERRE ZEITOUNE) FERRETTI\ADOLFO CODIGOS DE BARRAS\1. EPS-SIN UTILIZAR\CARBODE-PROD AGOSTO2024(30)\23-ZCE-9246CC\7451304216179.eps","3"
"7451304216179","ZCE-9246CC","SIN_UTILIZAR","SIN_UTILIZAR",".jpg","7451304216179.jpg","23-ZCE-9246CC","I:\PROYECTOS DE DISEÑO(ADOLFO)\(PIERRE ZEITOUNE) FERRETTI\ADOLFO CODIGOS DE BARRAS\1. EPS-SIN UTILIZAR\CARBODE-PROD AGOSTO2024(30)\23-ZCE-9246CC\7451304216179.jpg","3"
"7451304216186","ZCE-6591CE","SIN_UTILIZAR","SIN_UTILIZAR",".ai","7451304216186.ai","24-ZCE-6591CE","I:\PROYECTOS DE DISEÑO(ADOLFO)\(PIERRE ZEITOUNE) FERRETTI\ADOLFO CODIGOS DE BARRAS\1. EPS-SIN UTILIZAR\CARBODE-PROD AGOSTO2024(30)\24-ZCE-6591CE\7451304216186.ai","3"
"7451304216186","ZCE-6591CE","SIN_UTILIZAR","SIN_UTILIZAR",".eps","7451304216186.eps","24-ZCE-6591CE","I:\PROYECTOS DE DISEÑO(ADOLFO)\(PIERRE ZEITOUNE) FERRETTI\ADOLFO CODIGOS DE BARRAS\1. EPS-SIN UTILIZAR\CARBODE-PROD AGOSTO2024(30)\24-ZCE-6591CE\7451304216186.eps","3"
"7451304216186","ZCE-6591CE","SIN_UTILIZAR","SIN_UTILIZAR",".jpg","7451304216186.jpg","24-ZCE-6591CE","I:\PROYECTOS DE DISEÑO(ADOLFO)\(PIERRE ZEITOUNE) FERRETTI\ADOLFO CODIGOS DE BARRAS\1. EPS-SIN UTILIZAR\CARBODE-PROD AGOSTO2024(30)\24-ZCE-6591CE\7451304216186.jpg","3"
"7451304216193","ZCE-9441CD","SIN_UTILIZAR","SIN_UTILIZAR",".ai","7451304216193.ai","25-ZCE-9441CD","I:\PROYECTOS DE DISEÑO(ADOLFO)\(PIERRE ZEITOUNE) FERRETTI\ADOLFO CODIGOS DE BARRAS\1. EPS-SIN UTILIZAR\CARBODE-PROD AGOSTO2024(30)\25-ZCE-9441CD\7451304216193.ai","3"
"7451304216193","ZCE-9441CD","SIN_UTILIZAR","SIN_UTILIZAR",".eps","7451304216193.eps","25-ZCE-9441CD","I:\PROYECTOS DE DISEÑO(ADOLFO)\(PIERRE ZEITOUNE) FERRETTI\ADOLFO CODIGOS DE BARRAS\1. EPS-SIN UTILIZAR\CARBODE-PROD AGOSTO2024(30)\25-ZCE-9441CD\7451304216193.eps","3"
"7451304216193","ZCE-9441CD","SIN_UTILIZAR","SIN_UTILIZAR",".jpg","7451304216193.jpg","25-ZCE-9441CD","I:\PROYECTOS DE DISEÑO(ADOLFO)\(PIERRE ZEITOUNE) FERRETTI\ADOLFO CODIGOS DE BARRAS\1. EPS-SIN UTILIZAR\CARBODE-PROD AGOSTO2024(30)\25-ZCE-9441CD\7451304216193.jpg","3"
"7451304216209","ZCE-7243CE","SIN_UTILIZAR","SIN_UTILIZAR",".ai","7451304216209.ai","26-ZCE-7243CE","I:\PROYECTOS DE DISEÑO(ADOLFO)\(PIERRE ZEITOUNE) FERRETTI\ADOLFO CODIGOS DE BARRAS\1. EPS-SIN UTILIZAR\CARBODE-PROD AGOSTO2024(30)\26-ZCE-7243CE\7451304216209.ai","3"
"7451304216209","ZCE-7243CE","SIN_UTILIZAR","SIN_UTILIZAR",".eps","7451304216209.eps","26-ZCE-7243CE","I:\PROYECTOS DE DISEÑO(ADOLFO)\(PIERRE ZEITOUNE) FERRETTI\ADOLFO CODIGOS DE BARRAS\1. EPS-SIN UTILIZAR\CARBODE-PROD AGOSTO2024(30)\26-ZCE-7243CE\7451304216209.eps","3"
"7451304216209","ZCE-7243CE","SIN_UTILIZAR","SIN_UTILIZAR",".jpg","7451304216209.jpg","26-ZCE-7243CE","I:\PROYECTOS DE DISEÑO(ADOLFO)\(PIERRE ZEITOUNE) FERRETTI\ADOLFO CODIGOS DE BARRAS\1. EPS-SIN UTILIZAR\CARBODE-PROD AGOSTO2024(30)\26-ZCE-7243CE\7451304216209.jpg","3"
"7451304216216","ZCE-3899CF","SIN_UTILIZAR","SIN_UTILIZAR",".ai","7451304216216.ai","27-ZCE-3899CF","I:\PROYECTOS DE DISEÑO(ADOLFO)\(PIERRE ZEITOUNE) FERRETTI\ADOLFO CODIGOS DE BARRAS\1. EPS-SIN UTILIZAR\CARBODE-PROD AGOSTO2024(30)\27-ZCE-3899CF\7451304216216.ai","3"
"7451304216216","ZCE-3899CF","SIN_UTILIZAR","SIN_UTILIZAR",".eps","7451304216216.eps","27-ZCE-3899CF","I:\PROYECTOS DE DISEÑO(ADOLFO)\(PIERRE ZEITOUNE) FERRETTI\ADOLFO CODIGOS DE BARRAS\1. EPS-SIN UTILIZAR\CARBODE-PROD AGOSTO2024(30)\27-ZCE-3899CF\7451304216216.eps","3"
"7451304216216","ZCE-3899CF","SIN_UTILIZAR","SIN_UTILIZAR",".jpg","7451304216216.jpg","27-ZCE-3899CF","I:\PROYECTOS DE DISEÑO(ADOLFO)\(PIERRE ZEITOUNE) FERRETTI\ADOLFO CODIGOS DE BARRAS\1. EPS-SIN UTILIZAR\CARBODE-PROD AGOSTO2024(30)\27-ZCE-3899CF\7451304216216.jpg","3"
"7451304216223","ZCE-8412CG","SIN_UTILIZAR","SIN_UTILIZAR",".ai","7451304216223.ai","28-ZCE-8412CG","I:\PROYECTOS DE DISEÑO(ADOLFO)\(PIERRE ZEITOUNE) FERRETTI\ADOLFO CODIGOS DE BARRAS\1. EPS-SIN UTILIZAR\CARBODE-PROD AGOSTO2024(30)\28-ZCE-8412CG\7451304216223.ai","3"
"7451304216223","ZCE-8412CG","SIN_UTILIZAR","SIN_UTILIZAR",".eps","7451304216223.eps","28-ZCE-8412CG","I:\PROYECTOS DE DISEÑO(ADOLFO)\(PIERRE ZEITOUNE) FERRETTI\ADOLFO CODIGOS DE BARRAS\1. EPS-SIN UTILIZAR\CARBODE-PROD AGOSTO2024(30)\28-ZCE-8412CG\7451304216223.eps","3"
"7451304216223","ZCE-8412CG","SIN_UTILIZAR","SIN_UTILIZAR",".jpg","7451304216223.jpg","28-ZCE-8412CG","I:\PROYECTOS DE DISEÑO(ADOLFO)\(PIERRE ZEITOUNE) FERRETTI\ADOLFO CODIGOS DE BARRAS\1. EPS-SIN UTILIZAR\CARBODE-PROD AGOSTO2024(30)\28-ZCE-8412CG\7451304216223.jpg","3"
"7451304216230","ZCE-4778CH","SIN_UTILIZAR","SIN_UTILIZAR",".ai","7451304216230.ai","29-ZCE-4778CH","I:\PROYECTOS DE DISEÑO(ADOLFO)\(PIERRE ZEITOUNE) FERRETTI\ADOLFO CODIGOS DE BARRAS\1. EPS-SIN UTILIZAR\CARBODE-PROD AGOSTO2024(30)\29-ZCE-4778CH\7451304216230.ai","3"
"7451304216230","ZCE-4778CH","SIN_UTILIZAR","SIN_UTILIZAR",".eps","7451304216230.eps","29-ZCE-4778CH","I:\PROYECTOS DE DISEÑO(ADOLFO)\(PIERRE ZEITOUNE) FERRETTI\ADOLFO CODIGOS DE BARRAS\1. EPS-SIN UTILIZAR\CARBODE-PROD AGOSTO2024(30)\29-ZCE-4778CH\7451304216230.eps","3"
"7451304216230","ZCE-4778CH","SIN_UTILIZAR","SIN_UTILIZAR",".jpg","7451304216230.jpg","29-ZCE-4778CH","I:\PROYECTOS DE DISEÑO(ADOLFO)\(PIERRE ZEITOUNE) FERRETTI\ADOLFO CODIGOS DE BARRAS\1. EPS-SIN UTILIZAR\CARBODE-PROD AGOSTO2024(30)\29-ZCE-4778CH\7451304216230.jpg","3"
"7451304216247","ZCE-8561CI","SIN_UTILIZAR","SIN_UTILIZAR",".ai","7451304216247.ai","30-ZCE-8561CI","I:\PROYECTOS DE DISEÑO(ADOLFO)\(PIERRE ZEITOUNE) FERRETTI\ADOLFO CODIGOS DE BARRAS\1. EPS-SIN UTILIZAR\CARBODE-PROD AGOSTO2024(30)\30-ZCE-8561CI\7451304216247.ai","3"
"7451304216247","ZCE-8561CI","SIN_UTILIZAR","SIN_UTILIZAR",".eps","7451304216247.eps","30-ZCE-8561CI","I:\PROYECTOS DE DISEÑO(ADOLFO)\(PIERRE ZEITOUNE) FERRETTI\ADOLFO CODIGOS DE BARRAS\1. EPS-SIN UTILIZAR\CARBODE-PROD AGOSTO2024(30)\30-ZCE-8561CI\7451304216247.eps","3"
"7451304216247","ZCE-8561CI","SIN_UTILIZAR","SIN_UTILIZAR",".jpg","7451304216247.jpg","30-ZCE-8561CI","I:\PROYECTOS DE DISEÑO(ADOLFO)\(PIERRE ZEITOUNE) FERRETTI\ADOLFO CODIGOS DE BARRAS\1. EPS-SIN UTILIZAR\CARBODE-PROD AGOSTO2024(30)\30-ZCE-8561CI\7451304216247.jpg","3"
"7451304216254","","SIN_UTILIZAR","SIN_UTILIZAR",".ai","7451304216254.ai","ARCHIVOS_AI","I:\PROYECTOS DE DISEÑO(ADOLFO)\(PIERRE ZEITOUNE) FERRETTI\ADOLFO CODIGOS DE BARRAS\1. EPS-SIN UTILIZAR\CODIGOS-EMPAQUES ZOE-AGOSTO 2024(32)\ARCHIVOS_AI\7451304216254.ai","3"
"7451304216254","","SIN_UTILIZAR","SIN_UTILIZAR",".eps","7451304216254.eps","ARCHIVOS_EPS","I:\PROYECTOS DE DISEÑO(ADOLFO)\(PIERRE ZEITOUNE) FERRETTI\ADOLFO CODIGOS DE BARRAS\1. EPS-SIN UTILIZAR\CODIGOS-EMPAQUES ZOE-AGOSTO 2024(32)\ARCHIVOS_EPS\7451304216254.eps","3"
"7451304216254","","SIN_UTILIZAR","SIN_UTILIZAR",".jpg","7451304216254.jpg","ARCHIVOS_JPG","I:\PROYECTOS DE DISEÑO(ADOLFO)\(PIERRE ZEITOUNE) FERRETTI\ADOLFO CODIGOS DE BARRAS\1. EPS-SIN UTILIZAR\CODIGOS-EMPAQUES ZOE-AGOSTO 2024(32)\ARCHIVOS_JPG\7451304216254.jpg","3"
"7451304216261","","SIN_UTILIZAR","SIN_UTILIZAR",".ai","7451304216261.ai","ARCHIVOS_AI","I:\PROYECTOS DE DISEÑO(ADOLFO)\(PIERRE ZEITOUNE) FERRETTI\ADOLFO CODIGOS DE BARRAS\1. EPS-SIN UTILIZAR\CODIGOS-EMPAQUES ZOE-AGOSTO 2024(32)\ARCHIVOS_AI\7451304216261.ai","3"
"7451304216261","","SIN_UTILIZAR","SIN_UTILIZAR",".eps","7451304216261.eps","ARCHIVOS_EPS","I:\PROYECTOS DE DISEÑO(ADOLFO)\(PIERRE ZEITOUNE) FERRETTI\ADOLFO CODIGOS DE BARRAS\1. EPS-SIN UTILIZAR\CODIGOS-EMPAQUES ZOE-AGOSTO 2024(32)\ARCHIVOS_EPS\7451304216261.eps","3"
"7451304216261","","SIN_UTILIZAR","SIN_UTILIZAR",".jpg","7451304216261.jpg","ARCHIVOS_JPG","I:\PROYECTOS DE DISEÑO(ADOLFO)\(PIERRE ZEITOUNE) FERRETTI\ADOLFO CODIGOS DE BARRAS\1. EPS-SIN UTILIZAR\CODIGOS-EMPAQUES ZOE-AGOSTO 2024(32)\ARCHIVOS_JPG\7451304216261.jpg","3"
"7451304216278","","SIN_UTILIZAR","SIN_UTILIZAR",".ai","7451304216278.ai","ARCHIVOS_AI","I:\PROYECTOS DE DISEÑO(ADOLFO)\(PIERRE ZEITOUNE) FERRETTI\ADOLFO CODIGOS DE BARRAS\1. EPS-SIN UTILIZAR\CODIGOS-EMPAQUES ZOE-AGOSTO 2024(32)\ARCHIVOS_AI\7451304216278.ai","3"
"7451304216278","","SIN_UTILIZAR","SIN_UTILIZAR",".eps","7451304216278.eps","ARCHIVOS_EPS","I:\PROYECTOS DE DISEÑO(ADOLFO)\(PIERRE ZEITOUNE) FERRETTI\ADOLFO CODIGOS DE BARRAS\1. EPS-SIN UTILIZAR\CODIGOS-EMPAQUES ZOE-AGOSTO 2024(32)\ARCHIVOS_EPS\7451304216278.eps","3"
"7451304216278","","SIN_UTILIZAR","SIN_UTILIZAR",".jpg","7451304216278.jpg","ARCHIVOS_JPG","I:\PROYECTOS DE DISEÑO(ADOLFO)\(PIERRE ZEITOUNE) FERRETTI\ADOLFO CODIGOS DE BARRAS\1. EPS-SIN UTILIZAR\CODIGOS-EMPAQUES ZOE-AGOSTO 2024(32)\ARCHIVOS_JPG\7451304216278.jpg","3"
"7451304216285","","SIN_UTILIZAR","SIN_UTILIZAR",".ai","7451304216285.ai","ARCHIVOS_AI","I:\PROYECTOS DE DISEÑO(ADOLFO)\(PIERRE ZEITOUNE) FERRETTI\ADOLFO CODIGOS DE BARRAS\1. EPS-SIN UTILIZAR\CODIGOS-EMPAQUES ZOE-AGOSTO 2024(32)\ARCHIVOS_AI\7451304216285.ai","3"
"7451304216285","","SIN_UTILIZAR","SIN_UTILIZAR",".eps","7451304216285.eps","ARCHIVOS_EPS","I:\PROYECTOS DE DISEÑO(ADOLFO)\(PIERRE ZEITOUNE) FERRETTI\ADOLFO CODIGOS DE BARRAS\1. EPS-SIN UTILIZAR\CODIGOS-EMPAQUES ZOE-AGOSTO 2024(32)\ARCHIVOS_EPS\7451304216285.eps","3"
"7451304216285","","SIN_UTILIZAR","SIN_UTILIZAR",".jpg","7451304216285.jpg","ARCHIVOS_JPG","I:\PROYECTOS DE DISEÑO(ADOLFO)\(PIERRE ZEITOUNE) FERRETTI\ADOLFO CODIGOS DE BARRAS\1. EPS-SIN UTILIZAR\CODIGOS-EMPAQUES ZOE-AGOSTO 2024(32)\ARCHIVOS_JPG\7451304216285.jpg","3"
"7451304216292","","SIN_UTILIZAR","SIN_UTILIZAR",".ai","7451304216292.ai","ARCHIVOS_AI","I:\PROYECTOS DE DISEÑO(ADOLFO)\(PIERRE ZEITOUNE) FERRETTI\ADOLFO CODIGOS DE BARRAS\1. EPS-SIN UTILIZAR\CODIGOS-EMPAQUES ZOE-AGOSTO 2024(32)\ARCHIVOS_AI\7451304216292.ai","3"
"7451304216292","","SIN_UTILIZAR","SIN_UTILIZAR",".eps","7451304216292.eps","ARCHIVOS_EPS","I:\PROYECTOS DE DISEÑO(ADOLFO)\(PIERRE ZEITOUNE) FERRETTI\ADOLFO CODIGOS DE BARRAS\1. EPS-SIN UTILIZAR\CODIGOS-EMPAQUES ZOE-AGOSTO 2024(32)\ARCHIVOS_EPS\7451304216292.eps","3"
"7451304216292","","SIN_UTILIZAR","SIN_UTILIZAR",".jpg","7451304216292.jpg","ARCHIVOS_JPG","I:\PROYECTOS DE DISEÑO(ADOLFO)\(PIERRE ZEITOUNE) FERRETTI\ADOLFO CODIGOS DE BARRAS\1. EPS-SIN UTILIZAR\CODIGOS-EMPAQUES ZOE-AGOSTO 2024(32)\ARCHIVOS_JPG\7451304216292.jpg","3"
"7451304216308","","SIN_UTILIZAR","SIN_UTILIZAR",".ai","7451304216308.ai","ARCHIVOS_AI","I:\PROYECTOS DE DISEÑO(ADOLFO)\(PIERRE ZEITOUNE) FERRETTI\ADOLFO CODIGOS DE BARRAS\1. EPS-SIN UTILIZAR\CODIGOS-EMPAQUES ZOE-AGOSTO 2024(32)\ARCHIVOS_AI\7451304216308.ai","3"
"7451304216308","","SIN_UTILIZAR","SIN_UTILIZAR",".eps","7451304216308.eps","ARCHIVOS_EPS","I:\PROYECTOS DE DISEÑO(ADOLFO)\(PIERRE ZEITOUNE) FERRETTI\ADOLFO CODIGOS DE BARRAS\1. EPS-SIN UTILIZAR\CODIGOS-EMPAQUES ZOE-AGOSTO 2024(32)\ARCHIVOS_EPS\7451304216308.eps","3"
"7451304216308","","SIN_UTILIZAR","SIN_UTILIZAR",".jpg","7451304216308.jpg","ARCHIVOS_JPG","I:\PROYECTOS DE DISEÑO(ADOLFO)\(PIERRE ZEITOUNE) FERRETTI\ADOLFO CODIGOS DE BARRAS\1. EPS-SIN UTILIZAR\CODIGOS-EMPAQUES ZOE-AGOSTO 2024(32)\ARCHIVOS_JPG\7451304216308.jpg","3"
"7451304216315","","SIN_UTILIZAR","SIN_UTILIZAR",".ai","7451304216315.ai","ARCHIVOS_AI","I:\PROYECTOS DE DISEÑO(ADOLFO)\(PIERRE ZEITOUNE) FERRETTI\ADOLFO CODIGOS DE BARRAS\1. EPS-SIN UTILIZAR\CODIGOS-EMPAQUES ZOE-AGOSTO 2024(32)\ARCHIVOS_AI\7451304216315.ai","3"
"7451304216315","","SIN_UTILIZAR","SIN_UTILIZAR",".eps","7451304216315.eps","ARCHIVOS_EPS","I:\PROYECTOS DE DISEÑO(ADOLFO)\(PIERRE ZEITOUNE) FERRETTI\ADOLFO CODIGOS DE BARRAS\1. EPS-SIN UTILIZAR\CODIGOS-EMPAQUES ZOE-AGOSTO 2024(32)\ARCHIVOS_EPS\7451304216315.eps","3"
"7451304216315","","SIN_UTILIZAR","SIN_UTILIZAR",".jpg","7451304216315.jpg","ARCHIVOS_JPG","I:\PROYECTOS DE DISEÑO(ADOLFO)\(PIERRE ZEITOUNE) FERRETTI\ADOLFO CODIGOS DE BARRAS\1. EPS-SIN UTILIZAR\CODIGOS-EMPAQUES ZOE-AGOSTO 2024(32)\ARCHIVOS_JPG\7451304216315.jpg","3"
"7451304216322","","SIN_UTILIZAR","SIN_UTILIZAR",".ai","7451304216322.ai","ARCHIVOS_AI","I:\PROYECTOS DE DISEÑO(ADOLFO)\(PIERRE ZEITOUNE) FERRETTI\ADOLFO CODIGOS DE BARRAS\1. EPS-SIN UTILIZAR\CODIGOS-EMPAQUES ZOE-AGOSTO 2024(32)\ARCHIVOS_AI\7451304216322.ai","3"
"7451304216322","","SIN_UTILIZAR","SIN_UTILIZAR",".eps","7451304216322.eps","ARCHIVOS_EPS","I:\PROYECTOS DE DISEÑO(ADOLFO)\(PIERRE ZEITOUNE) FERRETTI\ADOLFO CODIGOS DE BARRAS\1. EPS-SIN UTILIZAR\CODIGOS-EMPAQUES ZOE-AGOSTO 2024(32)\ARCHIVOS_EPS\7451304216322.eps","3"
"7451304216322","","SIN_UTILIZAR","SIN_UTILIZAR",".jpg","7451304216322.jpg","ARCHIVOS_JPG","I:\PROYECTOS DE DISEÑO(ADOLFO)\(PIERRE ZEITOUNE) FERRETTI\ADOLFO CODIGOS DE BARRAS\1. EPS-SIN UTILIZAR\CODIGOS-EMPAQUES ZOE-AGOSTO 2024(32)\ARCHIVOS_JPG\7451304216322.jpg","3"
"7451304216339","","SIN_UTILIZAR","SIN_UTILIZAR",".ai","7451304216339.ai","ARCHIVOS_AI","I:\PROYECTOS DE DISEÑO(ADOLFO)\(PIERRE ZEITOUNE) FERRETTI\ADOLFO CODIGOS DE BARRAS\1. EPS-SIN UTILIZAR\CODIGOS-EMPAQUES ZOE-AGOSTO 2024(32)\ARCHIVOS_AI\7451304216339.ai","3"
"7451304216339","","SIN_UTILIZAR","SIN_UTILIZAR",".eps","7451304216339.eps","ARCHIVOS_EPS","I:\PROYECTOS DE DISEÑO(ADOLFO)\(PIERRE ZEITOUNE) FERRETTI\ADOLFO CODIGOS DE BARRAS\1. EPS-SIN UTILIZAR\CODIGOS-EMPAQUES ZOE-AGOSTO 2024(32)\ARCHIVOS_EPS\7451304216339.eps","3"
"7451304216339","","SIN_UTILIZAR","SIN_UTILIZAR",".jpg","7451304216339.jpg","ARCHIVOS_JPG","I:\PROYECTOS DE DISEÑO(ADOLFO)\(PIERRE ZEITOUNE) FERRETTI\ADOLFO CODIGOS DE BARRAS\1. EPS-SIN UTILIZAR\CODIGOS-EMPAQUES ZOE-AGOSTO 2024(32)\ARCHIVOS_JPG\7451304216339.jpg","3"
"7451304216346","","SIN_UTILIZAR","SIN_UTILIZAR",".ai","7451304216346.ai","ARCHIVOS_AI","I:\PROYECTOS DE DISEÑO(ADOLFO)\(PIERRE ZEITOUNE) FERRETTI\ADOLFO CODIGOS DE BARRAS\1. EPS-SIN UTILIZAR\CODIGOS-EMPAQUES ZOE-AGOSTO 2024(32)\ARCHIVOS_AI\7451304216346.ai","3"
"7451304216346","","SIN_UTILIZAR","SIN_UTILIZAR",".eps","7451304216346.eps","ARCHIVOS_EPS","I:\PROYECTOS DE DISEÑO(ADOLFO)\(PIERRE ZEITOUNE) FERRETTI\ADOLFO CODIGOS DE BARRAS\1. EPS-SIN UTILIZAR\CODIGOS-EMPAQUES ZOE-AGOSTO 2024(32)\ARCHIVOS_EPS\7451304216346.eps","3"
"7451304216346","","SIN_UTILIZAR","SIN_UTILIZAR",".jpg","7451304216346.jpg","ARCHIVOS_JPG","I:\PROYECTOS DE DISEÑO(ADOLFO)\(PIERRE ZEITOUNE) FERRETTI\ADOLFO CODIGOS DE BARRAS\1. EPS-SIN UTILIZAR\CODIGOS-EMPAQUES ZOE-AGOSTO 2024(32)\ARCHIVOS_JPG\7451304216346.jpg","3"
"7451304216353","","SIN_UTILIZAR","SIN_UTILIZAR",".ai","7451304216353.ai","ARCHIVOS_AI","I:\PROYECTOS DE DISEÑO(ADOLFO)\(PIERRE ZEITOUNE) FERRETTI\ADOLFO CODIGOS DE BARRAS\1. EPS-SIN UTILIZAR\CODIGOS-EMPAQUES ZOE-AGOSTO 2024(32)\ARCHIVOS_AI\7451304216353.ai","3"
"7451304216353","","SIN_UTILIZAR","SIN_UTILIZAR",".eps","7451304216353.eps","ARCHIVOS_EPS","I:\PROYECTOS DE DISEÑO(ADOLFO)\(PIERRE ZEITOUNE) FERRETTI\ADOLFO CODIGOS DE BARRAS\1. EPS-SIN UTILIZAR\CODIGOS-EMPAQUES ZOE-AGOSTO 2024(32)\ARCHIVOS_EPS\7451304216353.eps","3"
"7451304216353","","SIN_UTILIZAR","SIN_UTILIZAR",".jpg","7451304216353.jpg","ARCHIVOS_JPG","I:\PROYECTOS DE DISEÑO(ADOLFO)\(PIERRE ZEITOUNE) FERRETTI\ADOLFO CODIGOS DE BARRAS\1. EPS-SIN UTILIZAR\CODIGOS-EMPAQUES ZOE-AGOSTO 2024(32)\ARCHIVOS_JPG\7451304216353.jpg","3"
"7451304216360","","SIN_UTILIZAR","SIN_UTILIZAR",".ai","7451304216360.ai","ARCHIVOS_AI","I:\PROYECTOS DE DISEÑO(ADOLFO)\(PIERRE ZEITOUNE) FERRETTI\ADOLFO CODIGOS DE BARRAS\1. EPS-SIN UTILIZAR\CODIGOS-EMPAQUES ZOE-AGOSTO 2024(32)\ARCHIVOS_AI\7451304216360.ai","3"
"7451304216360","","SIN_UTILIZAR","SIN_UTILIZAR",".eps","7451304216360.eps","ARCHIVOS_EPS","I:\PROYECTOS DE DISEÑO(ADOLFO)\(PIERRE ZEITOUNE) FERRETTI\ADOLFO CODIGOS DE BARRAS\1. EPS-SIN UTILIZAR\CODIGOS-EMPAQUES ZOE-AGOSTO 2024(32)\ARCHIVOS_EPS\7451304216360.eps","3"
"7451304216360","","SIN_UTILIZAR","SIN_UTILIZAR",".jpg","7451304216360.jpg","ARCHIVOS_JPG","I:\PROYECTOS DE DISEÑO(ADOLFO)\(PIERRE ZEITOUNE) FERRETTI\ADOLFO CODIGOS DE BARRAS\1. EPS-SIN UTILIZAR\CODIGOS-EMPAQUES ZOE-AGOSTO 2024(32)\ARCHIVOS_JPG\7451304216360.jpg","3"
"7451304216377","","SIN_UTILIZAR","SIN_UTILIZAR",".ai","7451304216377.ai","ARCHIVOS_AI","I:\PROYECTOS DE DISEÑO(ADOLFO)\(PIERRE ZEITOUNE) FERRETTI\ADOLFO CODIGOS DE BARRAS\1. EPS-SIN UTILIZAR\CODIGOS-EMPAQUES ZOE-AGOSTO 2024(32)\ARCHIVOS_AI\7451304216377.ai","3"
"7451304216377","","SIN_UTILIZAR","SIN_UTILIZAR",".eps","7451304216377.eps","ARCHIVOS_EPS","I:\PROYECTOS DE DISEÑO(ADOLFO)\(PIERRE ZEITOUNE) FERRETTI\ADOLFO CODIGOS DE BARRAS\1. EPS-SIN UTILIZAR\CODIGOS-EMPAQUES ZOE-AGOSTO 2024(32)\ARCHIVOS_EPS\7451304216377.eps","3"
"7451304216377","","SIN_UTILIZAR","SIN_UTILIZAR",".jpg","7451304216377.jpg","ARCHIVOS_JPG","I:\PROYECTOS DE DISEÑO(ADOLFO)\(PIERRE ZEITOUNE) FERRETTI\ADOLFO CODIGOS DE BARRAS\1. EPS-SIN UTILIZAR\CODIGOS-EMPAQUES ZOE-AGOSTO 2024(32)\ARCHIVOS_JPG\7451304216377.jpg","3"
"7451304216384","","SIN_UTILIZAR","SIN_UTILIZAR",".ai","7451304216384.ai","ARCHIVOS_AI","I:\PROYECTOS DE DISEÑO(ADOLFO)\(PIERRE ZEITOUNE) FERRETTI\ADOLFO CODIGOS DE BARRAS\1. EPS-SIN UTILIZAR\CODIGOS-EMPAQUES ZOE-AGOSTO 2024(32)\ARCHIVOS_AI\7451304216384.ai","3"
"7451304216384","","SIN_UTILIZAR","SIN_UTILIZAR",".eps","7451304216384.eps","ARCHIVOS_EPS","I:\PROYECTOS DE DISEÑO(ADOLFO)\(PIERRE ZEITOUNE) FERRETTI\ADOLFO CODIGOS DE BARRAS\1. EPS-SIN UTILIZAR\CODIGOS-EMPAQUES ZOE-AGOSTO 2024(32)\ARCHIVOS_EPS\7451304216384.eps","3"
"7451304216384","","SIN_UTILIZAR","SIN_UTILIZAR",".jpg","7451304216384.jpg","ARCHIVOS_JPG","I:\PROYECTOS DE DISEÑO(ADOLFO)\(PIERRE ZEITOUNE) FERRETTI\ADOLFO CODIGOS DE BARRAS\1. EPS-SIN UTILIZAR\CODIGOS-EMPAQUES ZOE-AGOSTO 2024(32)\ARCHIVOS_JPG\7451304216384.jpg","3"
"7451304216391","","SIN_UTILIZAR","SIN_UTILIZAR",".ai","7451304216391.ai","ARCHIVOS_AI","I:\PROYECTOS DE DISEÑO(ADOLFO)\(PIERRE ZEITOUNE) FERRETTI\ADOLFO CODIGOS DE BARRAS\1. EPS-SIN UTILIZAR\CODIGOS-EMPAQUES ZOE-AGOSTO 2024(32)\ARCHIVOS_AI\7451304216391.ai","3"
"7451304216391","","SIN_UTILIZAR","SIN_UTILIZAR",".eps","7451304216391.eps","ARCHIVOS_EPS","I:\PROYECTOS DE DISEÑO(ADOLFO)\(PIERRE ZEITOUNE) FERRETTI\ADOLFO CODIGOS DE BARRAS\1. EPS-SIN UTILIZAR\CODIGOS-EMPAQUES ZOE-AGOSTO 2024(32)\ARCHIVOS_EPS\7451304216391.eps","3"
"7451304216391","","SIN_UTILIZAR","SIN_UTILIZAR",".jpg","7451304216391.jpg","ARCHIVOS_JPG","I:\PROYECTOS DE DISEÑO(ADOLFO)\(PIERRE ZEITOUNE) FERRETTI\ADOLFO CODIGOS DE BARRAS\1. EPS-SIN UTILIZAR\CODIGOS-EMPAQUES ZOE-AGOSTO 2024(32)\ARCHIVOS_JPG\7451304216391.jpg","3"
"7451304216407","","SIN_UTILIZAR","SIN_UTILIZAR",".ai","7451304216407.ai","ARCHIVOS_AI","I:\PROYECTOS DE DISEÑO(ADOLFO)\(PIERRE ZEITOUNE) FERRETTI\ADOLFO CODIGOS DE BARRAS\1. EPS-SIN UTILIZAR\CODIGOS-EMPAQUES ZOE-AGOSTO 2024(32)\ARCHIVOS_AI\7451304216407.ai","2"
"7451304216407","","SIN_UTILIZAR","SIN_UTILIZAR",".eps","7451304216407.eps","ARCHIVOS_EPS","I:\PROYECTOS DE DISEÑO(ADOLFO)\(PIERRE ZEITOUNE) FERRETTI\ADOLFO CODIGOS DE BARRAS\1. EPS-SIN UTILIZAR\CODIGOS-EMPAQUES ZOE-AGOSTO 2024(32)\ARCHIVOS_EPS\7451304216407.eps","2"
"7451304216414","","SIN_UTILIZAR","SIN_UTILIZAR",".ai","7451304216414.ai","ARCHIVOS_AI","I:\PROYECTOS DE DISEÑO(ADOLFO)\(PIERRE ZEITOUNE) FERRETTI\ADOLFO CODIGOS DE BARRAS\1. EPS-SIN UTILIZAR\CODIGOS-EMPAQUES ZOE-AGOSTO 2024(32)\ARCHIVOS_AI\7451304216414.ai","3"
"7451304216414","","SIN_UTILIZAR","SIN_UTILIZAR",".eps","7451304216414.eps","ARCHIVOS_EPS","I:\PROYECTOS DE DISEÑO(ADOLFO)\(PIERRE ZEITOUNE) FERRETTI\ADOLFO CODIGOS DE BARRAS\1. EPS-SIN UTILIZAR\CODIGOS-EMPAQUES ZOE-AGOSTO 2024(32)\ARCHIVOS_EPS\7451304216414.eps","3"
"7451304216414","","SIN_UTILIZAR","SIN_UTILIZAR",".jpg","7451304216414.jpg","ARCHIVOS_JPG","I:\PROYECTOS DE DISEÑO(ADOLFO)\(PIERRE ZEITOUNE) FERRETTI\ADOLFO CODIGOS DE BARRAS\1. EPS-SIN UTILIZAR\CODIGOS-EMPAQUES ZOE-AGOSTO 2024(32)\ARCHIVOS_JPG\7451304216414.jpg","3"
"7451304216421","","SIN_UTILIZAR","SIN_UTILIZAR",".ai","7451304216421.ai","ARCHIVOS_AI","I:\PROYECTOS DE DISEÑO(ADOLFO)\(PIERRE ZEITOUNE) FERRETTI\ADOLFO CODIGOS DE BARRAS\1. EPS-SIN UTILIZAR\CODIGOS-EMPAQUES ZOE-AGOSTO 2024(32)\ARCHIVOS_AI\7451304216421.ai","3"
"7451304216421","","SIN_UTILIZAR","SIN_UTILIZAR",".eps","7451304216421.eps","ARCHIVOS_EPS","I:\PROYECTOS DE DISEÑO(ADOLFO)\(PIERRE ZEITOUNE) FERRETTI\ADOLFO CODIGOS DE BARRAS\1. EPS-SIN UTILIZAR\CODIGOS-EMPAQUES ZOE-AGOSTO 2024(32)\ARCHIVOS_EPS\7451304216421.eps","3"
"7451304216421","","SIN_UTILIZAR","SIN_UTILIZAR",".jpg","7451304216421.jpg","ARCHIVOS_JPG","I:\PROYECTOS DE DISEÑO(ADOLFO)\(PIERRE ZEITOUNE) FERRETTI\ADOLFO CODIGOS DE BARRAS\1. EPS-SIN UTILIZAR\CODIGOS-EMPAQUES ZOE-AGOSTO 2024(32)\ARCHIVOS_JPG\7451304216421.jpg","3"
"7451304216438","","SIN_UTILIZAR","SIN_UTILIZAR",".ai","7451304216438.ai","ARCHIVOS_AI","I:\PROYECTOS DE DISEÑO(ADOLFO)\(PIERRE ZEITOUNE) FERRETTI\ADOLFO CODIGOS DE BARRAS\1. EPS-SIN UTILIZAR\CODIGOS-EMPAQUES ZOE-AGOSTO 2024(32)\ARCHIVOS_AI\7451304216438.ai","3"
"7451304216438","","SIN_UTILIZAR","SIN_UTILIZAR",".eps","7451304216438.eps","ARCHIVOS_EPS","I:\PROYECTOS DE DISEÑO(ADOLFO)\(PIERRE ZEITOUNE) FERRETTI\ADOLFO CODIGOS DE BARRAS\1. EPS-SIN UTILIZAR\CODIGOS-EMPAQUES ZOE-AGOSTO 2024(32)\ARCHIVOS_EPS\7451304216438.eps","3"
"7451304216438","","SIN_UTILIZAR","SIN_UTILIZAR",".jpg","7451304216438.jpg","ARCHIVOS_JPG","I:\PROYECTOS DE DISEÑO(ADOLFO)\(PIERRE ZEITOUNE) FERRETTI\ADOLFO CODIGOS DE BARRAS\1. EPS-SIN UTILIZAR\CODIGOS-EMPAQUES ZOE-AGOSTO 2024(32)\ARCHIVOS_JPG\7451304216438.jpg","3"
"7451304216445","","SIN_UTILIZAR","SIN_UTILIZAR",".ai","7451304216445.ai","ARCHIVOS_AI","I:\PROYECTOS DE DISEÑO(ADOLFO)\(PIERRE ZEITOUNE) FERRETTI\ADOLFO CODIGOS DE BARRAS\1. EPS-SIN UTILIZAR\CODIGOS-EMPAQUES ZOE-AGOSTO 2024(32)\ARCHIVOS_AI\7451304216445.ai","3"
"7451304216445","","SIN_UTILIZAR","SIN_UTILIZAR",".eps","7451304216445.eps","ARCHIVOS_EPS","I:\PROYECTOS DE DISEÑO(ADOLFO)\(PIERRE ZEITOUNE) FERRETTI\ADOLFO CODIGOS DE BARRAS\1. EPS-SIN UTILIZAR\CODIGOS-EMPAQUES ZOE-AGOSTO 2024(32)\ARCHIVOS_EPS\7451304216445.eps","3"
"7451304216445","","SIN_UTILIZAR","SIN_UTILIZAR",".jpg","7451304216445.jpg","ARCHIVOS_JPG","I:\PROYECTOS DE DISEÑO(ADOLFO)\(PIERRE ZEITOUNE) FERRETTI\ADOLFO CODIGOS DE BARRAS\1. EPS-SIN UTILIZAR\CODIGOS-EMPAQUES ZOE-AGOSTO 2024(32)\ARCHIVOS_JPG\7451304216445.jpg","3"
"7451304216452","","SIN_UTILIZAR","SIN_UTILIZAR",".ai","7451304216452.ai","ARCHIVOS_AI","I:\PROYECTOS DE DISEÑO(ADOLFO)\(PIERRE ZEITOUNE) FERRETTI\ADOLFO CODIGOS DE BARRAS\1. EPS-SIN UTILIZAR\CODIGOS-EMPAQUES ZOE-AGOSTO 2024(32)\ARCHIVOS_AI\7451304216452.ai","3"
"7451304216452","","SIN_UTILIZAR","SIN_UTILIZAR",".eps","7451304216452.eps","ARCHIVOS_EPS","I:\PROYECTOS DE DISEÑO(ADOLFO)\(PIERRE ZEITOUNE) FERRETTI\ADOLFO CODIGOS DE BARRAS\1. EPS-SIN UTILIZAR\CODIGOS-EMPAQUES ZOE-AGOSTO 2024(32)\ARCHIVOS_EPS\7451304216452.eps","3"
"7451304216452","","SIN_UTILIZAR","SIN_UTILIZAR",".jpg","7451304216452.jpg","ARCHIVOS_JPG","I:\PROYECTOS DE DISEÑO(ADOLFO)\(PIERRE ZEITOUNE) FERRETTI\ADOLFO CODIGOS DE BARRAS\1. EPS-SIN UTILIZAR\CODIGOS-EMPAQUES ZOE-AGOSTO 2024(32)\ARCHIVOS_JPG\7451304216452.jpg","3"
"7451304216469","","SIN_UTILIZAR","SIN_UTILIZAR",".ai","7451304216469.ai","ARCHIVOS_AI","I:\PROYECTOS DE DISEÑO(ADOLFO)\(PIERRE ZEITOUNE) FERRETTI\ADOLFO CODIGOS DE BARRAS\1. EPS-SIN UTILIZAR\CODIGOS-EMPAQUES ZOE-AGOSTO 2024(32)\ARCHIVOS_AI\7451304216469.ai","3"
"7451304216469","","SIN_UTILIZAR","SIN_UTILIZAR",".eps","7451304216469.eps","ARCHIVOS_EPS","I:\PROYECTOS DE DISEÑO(ADOLFO)\(PIERRE ZEITOUNE) FERRETTI\ADOLFO CODIGOS DE BARRAS\1. EPS-SIN UTILIZAR\CODIGOS-EMPAQUES ZOE-AGOSTO 2024(32)\ARCHIVOS_EPS\7451304216469.eps","3"
"7451304216469","","SIN_UTILIZAR","SIN_UTILIZAR",".jpg","7451304216469.jpg","ARCHIVOS_JPG","I:\PROYECTOS DE DISEÑO(ADOLFO)\(PIERRE ZEITOUNE) FERRETTI\ADOLFO CODIGOS DE BARRAS\1. EPS-SIN UTILIZAR\CODIGOS-EMPAQUES ZOE-AGOSTO 2024(32)\ARCHIVOS_JPG\7451304216469.jpg","3"
"7451304216476","","SIN_UTILIZAR","SIN_UTILIZAR",".ai","7451304216476.ai","ARCHIVOS_AI","I:\PROYECTOS DE DISEÑO(ADOLFO)\(PIERRE ZEITOUNE) FERRETTI\ADOLFO CODIGOS DE BARRAS\1. EPS-SIN UTILIZAR\CODIGOS-EMPAQUES ZOE-AGOSTO 2024(32)\ARCHIVOS_AI\7451304216476.ai","3"
"7451304216476","","SIN_UTILIZAR","SIN_UTILIZAR",".eps","7451304216476.eps","ARCHIVOS_EPS","I:\PROYECTOS DE DISEÑO(ADOLFO)\(PIERRE ZEITOUNE) FERRETTI\ADOLFO CODIGOS DE BARRAS\1. EPS-SIN UTILIZAR\CODIGOS-EMPAQUES ZOE-AGOSTO 2024(32)\ARCHIVOS_EPS\7451304216476.eps","3"
"7451304216476","","SIN_UTILIZAR","SIN_UTILIZAR",".jpg","7451304216476.jpg","ARCHIVOS_JPG","I:\PROYECTOS DE DISEÑO(ADOLFO)\(PIERRE ZEITOUNE) FERRETTI\ADOLFO CODIGOS DE BARRAS\1. EPS-SIN UTILIZAR\CODIGOS-EMPAQUES ZOE-AGOSTO 2024(32)\ARCHIVOS_JPG\7451304216476.jpg","3"
"7451304216483","","SIN_UTILIZAR","SIN_UTILIZAR",".ai","7451304216483.ai","ARCHIVOS_AI","I:\PROYECTOS DE DISEÑO(ADOLFO)\(PIERRE ZEITOUNE) FERRETTI\ADOLFO CODIGOS DE BARRAS\1. EPS-SIN UTILIZAR\CODIGOS-EMPAQUES ZOE-AGOSTO 2024(32)\ARCHIVOS_AI\7451304216483.ai","3"
"7451304216483","","SIN_UTILIZAR","SIN_UTILIZAR",".eps","7451304216483.eps","ARCHIVOS_EPS","I:\PROYECTOS DE DISEÑO(ADOLFO)\(PIERRE ZEITOUNE) FERRETTI\ADOLFO CODIGOS DE BARRAS\1. EPS-SIN UTILIZAR\CODIGOS-EMPAQUES ZOE-AGOSTO 2024(32)\ARCHIVOS_EPS\7451304216483.eps","3"
"7451304216483","","SIN_UTILIZAR","SIN_UTILIZAR",".jpg","7451304216483.jpg","ARCHIVOS_JPG","I:\PROYECTOS DE DISEÑO(ADOLFO)\(PIERRE ZEITOUNE) FERRETTI\ADOLFO CODIGOS DE BARRAS\1. EPS-SIN UTILIZAR\CODIGOS-EMPAQUES ZOE-AGOSTO 2024(32)\ARCHIVOS_JPG\7451304216483.jpg","3"
"7451304216490","","SIN_UTILIZAR","SIN_UTILIZAR",".ai","7451304216490.ai","ARCHIVOS_AI","I:\PROYECTOS DE DISEÑO(ADOLFO)\(PIERRE ZEITOUNE) FERRETTI\ADOLFO CODIGOS DE BARRAS\1. EPS-SIN UTILIZAR\CODIGOS-EMPAQUES ZOE-AGOSTO 2024(32)\ARCHIVOS_AI\7451304216490.ai","3"
"7451304216490","","SIN_UTILIZAR","SIN_UTILIZAR",".eps","7451304216490.eps","ARCHIVOS_EPS","I:\PROYECTOS DE DISEÑO(ADOLFO)\(PIERRE ZEITOUNE) FERRETTI\ADOLFO CODIGOS DE BARRAS\1. EPS-SIN UTILIZAR\CODIGOS-EMPAQUES ZOE-AGOSTO 2024(32)\ARCHIVOS_EPS\7451304216490.eps","3"
"7451304216490","","SIN_UTILIZAR","SIN_UTILIZAR",".jpg","7451304216490.jpg","ARCHIVOS_JPG","I:\PROYECTOS DE DISEÑO(ADOLFO)\(PIERRE ZEITOUNE) FERRETTI\ADOLFO CODIGOS DE BARRAS\1. EPS-SIN UTILIZAR\CODIGOS-EMPAQUES ZOE-AGOSTO 2024(32)\ARCHIVOS_JPG\7451304216490.jpg","3"
"7451304216506","","SIN_UTILIZAR","SIN_UTILIZAR",".ai","7451304216506.ai","ARCHIVOS_AI","I:\PROYECTOS DE DISEÑO(ADOLFO)\(PIERRE ZEITOUNE) FERRETTI\ADOLFO CODIGOS DE BARRAS\1. EPS-SIN UTILIZAR\CODIGOS-EMPAQUES ZOE-AGOSTO 2024(32)\ARCHIVOS_AI\7451304216506.ai","3"
"7451304216506","","SIN_UTILIZAR","SIN_UTILIZAR",".eps","7451304216506.eps","ARCHIVOS_EPS","I:\PROYECTOS DE DISEÑO(ADOLFO)\(PIERRE ZEITOUNE) FERRETTI\ADOLFO CODIGOS DE BARRAS\1. EPS-SIN UTILIZAR\CODIGOS-EMPAQUES ZOE-AGOSTO 2024(32)\ARCHIVOS_EPS\7451304216506.eps","3"
"7451304216506","","SIN_UTILIZAR","SIN_UTILIZAR",".jpg","7451304216506.jpg","ARCHIVOS_JPG","I:\PROYECTOS DE DISEÑO(ADOLFO)\(PIERRE ZEITOUNE) FERRETTI\ADOLFO CODIGOS DE BARRAS\1. EPS-SIN UTILIZAR\CODIGOS-EMPAQUES ZOE-AGOSTO 2024(32)\ARCHIVOS_JPG\7451304216506.jpg","3"
"7451304216513","","SIN_UTILIZAR","SIN_UTILIZAR",".ai","7451304216513.ai","ARCHIVOS_AI","I:\PROYECTOS DE DISEÑO(ADOLFO)\(PIERRE ZEITOUNE) FERRETTI\ADOLFO CODIGOS DE BARRAS\1. EPS-SIN UTILIZAR\CODIGOS-EMPAQUES ZOE-AGOSTO 2024(32)\ARCHIVOS_AI\7451304216513.ai","3"
"7451304216513","","SIN_UTILIZAR","SIN_UTILIZAR",".eps","7451304216513.eps","ARCHIVOS_EPS","I:\PROYECTOS DE DISEÑO(ADOLFO)\(PIERRE ZEITOUNE) FERRETTI\ADOLFO CODIGOS DE BARRAS\1. EPS-SIN UTILIZAR\CODIGOS-EMPAQUES ZOE-AGOSTO 2024(32)\ARCHIVOS_EPS\7451304216513.eps","3"
"7451304216513","","SIN_UTILIZAR","SIN_UTILIZAR",".jpg","7451304216513.jpg","ARCHIVOS_JPG","I:\PROYECTOS DE DISEÑO(ADOLFO)\(PIERRE ZEITOUNE) FERRETTI\ADOLFO CODIGOS DE BARRAS\1. EPS-SIN UTILIZAR\CODIGOS-EMPAQUES ZOE-AGOSTO 2024(32)\ARCHIVOS_JPG\7451304216513.jpg","3"
"7451304216520","","SIN_UTILIZAR","SIN_UTILIZAR",".ai","7451304216520.ai","ARCHIVOS_AI","I:\PROYECTOS DE DISEÑO(ADOLFO)\(PIERRE ZEITOUNE) FERRETTI\ADOLFO CODIGOS DE BARRAS\1. EPS-SIN UTILIZAR\CODIGOS-EMPAQUES ZOE-AGOSTO 2024(32)\ARCHIVOS_AI\7451304216520.ai","3"
"7451304216520","","SIN_UTILIZAR","SIN_UTILIZAR",".eps","7451304216520.eps","ARCHIVOS_EPS","I:\PROYECTOS DE DISEÑO(ADOLFO)\(PIERRE ZEITOUNE) FERRETTI\ADOLFO CODIGOS DE BARRAS\1. EPS-SIN UTILIZAR\CODIGOS-EMPAQUES ZOE-AGOSTO 2024(32)\ARCHIVOS_EPS\7451304216520.eps","3"
"7451304216520","","SIN_UTILIZAR","SIN_UTILIZAR",".jpg","7451304216520.jpg","ARCHIVOS_JPG","I:\PROYECTOS DE DISEÑO(ADOLFO)\(PIERRE ZEITOUNE) FERRETTI\ADOLFO CODIGOS DE BARRAS\1. EPS-SIN UTILIZAR\CODIGOS-EMPAQUES ZOE-AGOSTO 2024(32)\ARCHIVOS_JPG\7451304216520.jpg","3"
"7451304216537","","SIN_UTILIZAR","SIN_UTILIZAR",".ai","7451304216537.ai","ARCHIVOS_AI","I:\PROYECTOS DE DISEÑO(ADOLFO)\(PIERRE ZEITOUNE) FERRETTI\ADOLFO CODIGOS DE BARRAS\1. EPS-SIN UTILIZAR\CODIGOS-EMPAQUES ZOE-AGOSTO 2024(32)\ARCHIVOS_AI\7451304216537.ai","3"
"7451304216537","","SIN_UTILIZAR","SIN_UTILIZAR",".eps","7451304216537.eps","ARCHIVOS_EPS","I:\PROYECTOS DE DISEÑO(ADOLFO)\(PIERRE ZEITOUNE) FERRETTI\ADOLFO CODIGOS DE BARRAS\1. EPS-SIN UTILIZAR\CODIGOS-EMPAQUES ZOE-AGOSTO 2024(32)\ARCHIVOS_EPS\7451304216537.eps","3"
"7451304216537","","SIN_UTILIZAR","SIN_UTILIZAR",".jpg","7451304216537.jpg","ARCHIVOS_JPG","I:\PROYECTOS DE DISEÑO(ADOLFO)\(PIERRE ZEITOUNE) FERRETTI\ADOLFO CODIGOS DE BARRAS\1. EPS-SIN UTILIZAR\CODIGOS-EMPAQUES ZOE-AGOSTO 2024(32)\ARCHIVOS_JPG\7451304216537.jpg","3"
"7451304216544","","SIN_UTILIZAR","SIN_UTILIZAR",".ai","7451304216544.ai","ARCHIVOS_AI","I:\PROYECTOS DE DISEÑO(ADOLFO)\(PIERRE ZEITOUNE) FERRETTI\ADOLFO CODIGOS DE BARRAS\1. EPS-SIN UTILIZAR\CODIGOS-EMPAQUES ZOE-AGOSTO 2024(32)\ARCHIVOS_AI\7451304216544.ai","3"
"7451304216544","","SIN_UTILIZAR","SIN_UTILIZAR",".eps","7451304216544.eps","ARCHIVOS_EPS","I:\PROYECTOS DE DISEÑO(ADOLFO)\(PIERRE ZEITOUNE) FERRETTI\ADOLFO CODIGOS DE BARRAS\1. EPS-SIN UTILIZAR\CODIGOS-EMPAQUES ZOE-AGOSTO 2024(32)\ARCHIVOS_EPS\7451304216544.eps","3"
"7451304216544","","SIN_UTILIZAR","SIN_UTILIZAR",".jpg","7451304216544.jpg","ARCHIVOS_JPG","I:\PROYECTOS DE DISEÑO(ADOLFO)\(PIERRE ZEITOUNE) FERRETTI\ADOLFO CODIGOS DE BARRAS\1. EPS-SIN UTILIZAR\CODIGOS-EMPAQUES ZOE-AGOSTO 2024(32)\ARCHIVOS_JPG\7451304216544.jpg","3"
"7451304216551","","SIN_UTILIZAR","SIN_UTILIZAR",".ai","7451304216551.ai","ARCHIVOS_AI","I:\PROYECTOS DE DISEÑO(ADOLFO)\(PIERRE ZEITOUNE) FERRETTI\ADOLFO CODIGOS DE BARRAS\1. EPS-SIN UTILIZAR\CODIGOS-EMPAQUES ZOE-AGOSTO 2024(32)\ARCHIVOS_AI\7451304216551.ai","3"
"7451304216551","","SIN_UTILIZAR","SIN_UTILIZAR",".eps","7451304216551.eps","ARCHIVOS_EPS","I:\PROYECTOS DE DISEÑO(ADOLFO)\(PIERRE ZEITOUNE) FERRETTI\ADOLFO CODIGOS DE BARRAS\1. EPS-SIN UTILIZAR\CODIGOS-EMPAQUES ZOE-AGOSTO 2024(32)\ARCHIVOS_EPS\7451304216551.eps","3"
"7451304216551","","SIN_UTILIZAR","SIN_UTILIZAR",".jpg","7451304216551.jpg","ARCHIVOS_JPG","I:\PROYECTOS DE DISEÑO(ADOLFO)\(PIERRE ZEITOUNE) FERRETTI\ADOLFO CODIGOS DE BARRAS\1. EPS-SIN UTILIZAR\CODIGOS-EMPAQUES ZOE-AGOSTO 2024(32)\ARCHIVOS_JPG\7451304216551.jpg","3"
"7451304216568","","SIN_UTILIZAR","SIN_UTILIZAR",".ai","7451304216568.ai","ARCHIVOS_AI","I:\PROYECTOS DE DISEÑO(ADOLFO)\(PIERRE ZEITOUNE) FERRETTI\ADOLFO CODIGOS DE BARRAS\1. EPS-SIN UTILIZAR\CODIGOS-EMPAQUES ZOE-AGOSTO 2024(32)\ARCHIVOS_AI\7451304216568.ai","3"
"7451304216568","","SIN_UTILIZAR","SIN_UTILIZAR",".eps","7451304216568.eps","ARCHIVOS_EPS","I:\PROYECTOS DE DISEÑO(ADOLFO)\(PIERRE ZEITOUNE) FERRETTI\ADOLFO CODIGOS DE BARRAS\1. EPS-SIN UTILIZAR\CODIGOS-EMPAQUES ZOE-AGOSTO 2024(32)\ARCHIVOS_EPS\7451304216568.eps","3"
"7451304216568","","SIN_UTILIZAR","SIN_UTILIZAR",".jpg","7451304216568.jpg","ARCHIVOS_JPG","I:\PROYECTOS DE DISEÑO(ADOLFO)\(PIERRE ZEITOUNE) FERRETTI\ADOLFO CODIGOS DE BARRAS\1. EPS-SIN UTILIZAR\CODIGOS-EMPAQUES ZOE-AGOSTO 2024(32)\ARCHIVOS_JPG\7451304216568.jpg","3"
"7451304216575","ZCE-6697AI","SIN_UTILIZAR","SIN_UTILIZAR",".ai","7451304216575.ai","ZCE-6697AI","I:\PROYECTOS DE DISEÑO(ADOLFO)\(PIERRE ZEITOUNE) FERRETTI\ADOLFO CODIGOS DE BARRAS\1. EPS-SIN UTILIZAR\PIES DE AMIGO PLEGABLE-2024-SEP\ZCE-6697AI\7451304216575.ai","3"
"7451304216575","ZCE-6697AI","SIN_UTILIZAR","SIN_UTILIZAR",".eps","7451304216575.eps","ZCE-6697AI","I:\PROYECTOS DE DISEÑO(ADOLFO)\(PIERRE ZEITOUNE) FERRETTI\ADOLFO CODIGOS DE BARRAS\1. EPS-SIN UTILIZAR\PIES DE AMIGO PLEGABLE-2024-SEP\ZCE-6697AI\7451304216575.eps","3"
"7451304216575","ZCE-6697AI","SIN_UTILIZAR","SIN_UTILIZAR",".jpg","7451304216575.jpg","ZCE-6697AI","I:\PROYECTOS DE DISEÑO(ADOLFO)\(PIERRE ZEITOUNE) FERRETTI\ADOLFO CODIGOS DE BARRAS\1. EPS-SIN UTILIZAR\PIES DE AMIGO PLEGABLE-2024-SEP\ZCE-6697AI\7451304216575.jpg","3"
"7451304216582","ZCE-1845AJ","SIN_UTILIZAR","SIN_UTILIZAR",".ai","7451304216582.ai","ZCE-1845AJ","I:\PROYECTOS DE DISEÑO(ADOLFO)\(PIERRE ZEITOUNE) FERRETTI\ADOLFO CODIGOS DE BARRAS\1. EPS-SIN UTILIZAR\PIES DE AMIGO PLEGABLE-2024-SEP\ZCE-1845AJ\7451304216582.ai","3"
"7451304216582","ZCE-1845AJ","SIN_UTILIZAR","SIN_UTILIZAR",".eps","7451304216582.eps","ZCE-1845AJ","I:\PROYECTOS DE DISEÑO(ADOLFO)\(PIERRE ZEITOUNE) FERRETTI\ADOLFO CODIGOS DE BARRAS\1. EPS-SIN UTILIZAR\PIES DE AMIGO PLEGABLE-2024-SEP\ZCE-1845AJ\7451304216582.eps","3"
"7451304216582","ZCE-1845AJ","SIN_UTILIZAR","SIN_UTILIZAR",".jpg","7451304216582.jpg","ZCE-1845AJ","I:\PROYECTOS DE DISEÑO(ADOLFO)\(PIERRE ZEITOUNE) FERRETTI\ADOLFO CODIGOS DE BARRAS\1. EPS-SIN UTILIZAR\PIES DE AMIGO PLEGABLE-2024-SEP\ZCE-1845AJ\7451304216582.jpg","3"
"7451304216599","ZCE-9751AK","SIN_UTILIZAR","SIN_UTILIZAR",".ai","7451304216599.ai","ZCE-9751AK","I:\PROYECTOS DE DISEÑO(ADOLFO)\(PIERRE ZEITOUNE) FERRETTI\ADOLFO CODIGOS DE BARRAS\1. EPS-SIN UTILIZAR\PIES DE AMIGO PLEGABLE-2024-SEP\ZCE-9751AK\7451304216599.ai","3"
"7451304216599","ZCE-9751AK","SIN_UTILIZAR","SIN_UTILIZAR",".eps","7451304216599.eps","ZCE-9751AK","I:\PROYECTOS DE DISEÑO(ADOLFO)\(PIERRE ZEITOUNE) FERRETTI\ADOLFO CODIGOS DE BARRAS\1. EPS-SIN UTILIZAR\PIES DE AMIGO PLEGABLE-2024-SEP\ZCE-9751AK\7451304216599.eps","3"
"7451304216599","ZCE-9751AK","SIN_UTILIZAR","SIN_UTILIZAR",".jpg","7451304216599.jpg","ZCE-9751AK","I:\PROYECTOS DE DISEÑO(ADOLFO)\(PIERRE ZEITOUNE) FERRETTI\ADOLFO CODIGOS DE BARRAS\1. EPS-SIN UTILIZAR\PIES DE AMIGO PLEGABLE-2024-SEP\ZCE-9751AK\7451304216599.jpg","3"
"7451304216605","","SIN_UTILIZAR","SIN_UTILIZAR",".ai","7451304216605.ai","COD-NUEVOS SEP2024(14)","I:\PROYECTOS DE DISEÑO(ADOLFO)\(PIERRE ZEITOUNE) FERRETTI\ADOLFO CODIGOS DE BARRAS\1. EPS-SIN UTILIZAR\COD-NUEVOS SEP2024(14)\7451304216605.ai","3"
"7451304216605","","SIN_UTILIZAR","SIN_UTILIZAR",".eps","7451304216605.eps","COD-NUEVOS SEP2024(14)","I:\PROYECTOS DE DISEÑO(ADOLFO)\(PIERRE ZEITOUNE) FERRETTI\ADOLFO CODIGOS DE BARRAS\1. EPS-SIN UTILIZAR\COD-NUEVOS SEP2024(14)\7451304216605.eps","3"
"7451304216605","","SIN_UTILIZAR","SIN_UTILIZAR",".jpg","7451304216605.jpg","COD-NUEVOS SEP2024(14)","I:\PROYECTOS DE DISEÑO(ADOLFO)\(PIERRE ZEITOUNE) FERRETTI\ADOLFO CODIGOS DE BARRAS\1. EPS-SIN UTILIZAR\COD-NUEVOS SEP2024(14)\7451304216605.jpg","3"
"7451304216612","","SIN_UTILIZAR","SIN_UTILIZAR",".ai","7451304216612.ai","COD-NUEVOS SEP2024(14)","I:\PROYECTOS DE DISEÑO(ADOLFO)\(PIERRE ZEITOUNE) FERRETTI\ADOLFO CODIGOS DE BARRAS\1. EPS-SIN UTILIZAR\COD-NUEVOS SEP2024(14)\7451304216612.ai","3"
"7451304216612","","SIN_UTILIZAR","SIN_UTILIZAR",".eps","7451304216612.eps","COD-NUEVOS SEP2024(14)","I:\PROYECTOS DE DISEÑO(ADOLFO)\(PIERRE ZEITOUNE) FERRETTI\ADOLFO CODIGOS DE BARRAS\1. EPS-SIN UTILIZAR\COD-NUEVOS SEP2024(14)\7451304216612.eps","3"
"7451304216612","","SIN_UTILIZAR","SIN_UTILIZAR",".jpg","7451304216612.jpg","COD-NUEVOS SEP2024(14)","I:\PROYECTOS DE DISEÑO(ADOLFO)\(PIERRE ZEITOUNE) FERRETTI\ADOLFO CODIGOS DE BARRAS\1. EPS-SIN UTILIZAR\COD-NUEVOS SEP2024(14)\7451304216612.jpg","3"
"7451304216629","","SIN_UTILIZAR","SIN_UTILIZAR",".ai","7451304216629.ai","COD-NUEVOS SEP2024(14)","I:\PROYECTOS DE DISEÑO(ADOLFO)\(PIERRE ZEITOUNE) FERRETTI\ADOLFO CODIGOS DE BARRAS\1. EPS-SIN UTILIZAR\COD-NUEVOS SEP2024(14)\7451304216629.ai","3"
"7451304216629","","SIN_UTILIZAR","SIN_UTILIZAR",".eps","7451304216629.eps","COD-NUEVOS SEP2024(14)","I:\PROYECTOS DE DISEÑO(ADOLFO)\(PIERRE ZEITOUNE) FERRETTI\ADOLFO CODIGOS DE BARRAS\1. EPS-SIN UTILIZAR\COD-NUEVOS SEP2024(14)\7451304216629.eps","3"
"7451304216629","","SIN_UTILIZAR","SIN_UTILIZAR",".jpg","7451304216629.jpg","COD-NUEVOS SEP2024(14)","I:\PROYECTOS DE DISEÑO(ADOLFO)\(PIERRE ZEITOUNE) FERRETTI\ADOLFO CODIGOS DE BARRAS\1. EPS-SIN UTILIZAR\COD-NUEVOS SEP2024(14)\7451304216629.jpg","3"
"7451304216636","","SIN_UTILIZAR","SIN_UTILIZAR",".ai","7451304216636.ai","COD-NUEVOS SEP2024(14)","I:\PROYECTOS DE DISEÑO(ADOLFO)\(PIERRE ZEITOUNE) FERRETTI\ADOLFO CODIGOS DE BARRAS\1. EPS-SIN UTILIZAR\COD-NUEVOS SEP2024(14)\7451304216636.ai","3"
"7451304216636","","SIN_UTILIZAR","SIN_UTILIZAR",".eps","7451304216636.eps","COD-NUEVOS SEP2024(14)","I:\PROYECTOS DE DISEÑO(ADOLFO)\(PIERRE ZEITOUNE) FERRETTI\ADOLFO CODIGOS DE BARRAS\1. EPS-SIN UTILIZAR\COD-NUEVOS SEP2024(14)\7451304216636.eps","3"
"7451304216636","","SIN_UTILIZAR","SIN_UTILIZAR",".jpg","7451304216636.jpg","COD-NUEVOS SEP2024(14)","I:\PROYECTOS DE DISEÑO(ADOLFO)\(PIERRE ZEITOUNE) FERRETTI\ADOLFO CODIGOS DE BARRAS\1. EPS-SIN UTILIZAR\COD-NUEVOS SEP2024(14)\7451304216636.jpg","3"
"7451304216643","","SIN_UTILIZAR","SIN_UTILIZAR",".ai","7451304216643.ai","COD-NUEVOS SEP2024(14)","I:\PROYECTOS DE DISEÑO(ADOLFO)\(PIERRE ZEITOUNE) FERRETTI\ADOLFO CODIGOS DE BARRAS\1. EPS-SIN UTILIZAR\COD-NUEVOS SEP2024(14)\7451304216643.ai","3"
"7451304216643","","SIN_UTILIZAR","SIN_UTILIZAR",".eps","7451304216643.eps","COD-NUEVOS SEP2024(14)","I:\PROYECTOS DE DISEÑO(ADOLFO)\(PIERRE ZEITOUNE) FERRETTI\ADOLFO CODIGOS DE BARRAS\1. EPS-SIN UTILIZAR\COD-NUEVOS SEP2024(14)\7451304216643.eps","3"
"7451304216643","","SIN_UTILIZAR","SIN_UTILIZAR",".jpg","7451304216643.jpg","COD-NUEVOS SEP2024(14)","I:\PROYECTOS DE DISEÑO(ADOLFO)\(PIERRE ZEITOUNE) FERRETTI\ADOLFO CODIGOS DE BARRAS\1. EPS-SIN UTILIZAR\COD-NUEVOS SEP2024(14)\7451304216643.jpg","3"
"7451304216650","","SIN_UTILIZAR","SIN_UTILIZAR",".ai","7451304216650.ai","COD-NUEVOS SEP2024(14)","I:\PROYECTOS DE DISEÑO(ADOLFO)\(PIERRE ZEITOUNE) FERRETTI\ADOLFO CODIGOS DE BARRAS\1. EPS-SIN UTILIZAR\COD-NUEVOS SEP2024(14)\7451304216650.ai","3"
"7451304216650","","SIN_UTILIZAR","SIN_UTILIZAR",".eps","7451304216650.eps","COD-NUEVOS SEP2024(14)","I:\PROYECTOS DE DISEÑO(ADOLFO)\(PIERRE ZEITOUNE) FERRETTI\ADOLFO CODIGOS DE BARRAS\1. EPS-SIN UTILIZAR\COD-NUEVOS SEP2024(14)\7451304216650.eps","3"
"7451304216650","","SIN_UTILIZAR","SIN_UTILIZAR",".jpg","7451304216650.jpg","COD-NUEVOS SEP2024(14)","I:\PROYECTOS DE DISEÑO(ADOLFO)\(PIERRE ZEITOUNE) FERRETTI\ADOLFO CODIGOS DE BARRAS\1. EPS-SIN UTILIZAR\COD-NUEVOS SEP2024(14)\7451304216650.jpg","3"
"7451304216667","","SIN_UTILIZAR","SIN_UTILIZAR",".ai","7451304216667.ai","COD-NUEVOS SEP2024(14)","I:\PROYECTOS DE DISEÑO(ADOLFO)\(PIERRE ZEITOUNE) FERRETTI\ADOLFO CODIGOS DE BARRAS\1. EPS-SIN UTILIZAR\COD-NUEVOS SEP2024(14)\7451304216667.ai","3"
"7451304216667","","SIN_UTILIZAR","SIN_UTILIZAR",".eps","7451304216667.eps","COD-NUEVOS SEP2024(14)","I:\PROYECTOS DE DISEÑO(ADOLFO)\(PIERRE ZEITOUNE) FERRETTI\ADOLFO CODIGOS DE BARRAS\1. EPS-SIN UTILIZAR\COD-NUEVOS SEP2024(14)\7451304216667.eps","3"
"7451304216667","","SIN_UTILIZAR","SIN_UTILIZAR",".jpg","7451304216667.jpg","COD-NUEVOS SEP2024(14)","I:\PROYECTOS DE DISEÑO(ADOLFO)\(PIERRE ZEITOUNE) FERRETTI\ADOLFO CODIGOS DE BARRAS\1. EPS-SIN UTILIZAR\COD-NUEVOS SEP2024(14)\7451304216667.jpg","3"
"7451304216674","","SIN_UTILIZAR","SIN_UTILIZAR",".ai","7451304216674.ai","COD-NUEVOS SEP2024(14)","I:\PROYECTOS DE DISEÑO(ADOLFO)\(PIERRE ZEITOUNE) FERRETTI\ADOLFO CODIGOS DE BARRAS\1. EPS-SIN UTILIZAR\COD-NUEVOS SEP2024(14)\7451304216674.ai","3"
"7451304216674","","SIN_UTILIZAR","SIN_UTILIZAR",".eps","7451304216674.eps","COD-NUEVOS SEP2024(14)","I:\PROYECTOS DE DISEÑO(ADOLFO)\(PIERRE ZEITOUNE) FERRETTI\ADOLFO CODIGOS DE BARRAS\1. EPS-SIN UTILIZAR\COD-NUEVOS SEP2024(14)\7451304216674.eps","3"
"7451304216674","","SIN_UTILIZAR","SIN_UTILIZAR",".jpg","7451304216674.jpg","COD-NUEVOS SEP2024(14)","I:\PROYECTOS DE DISEÑO(ADOLFO)\(PIERRE ZEITOUNE) FERRETTI\ADOLFO CODIGOS DE BARRAS\1. EPS-SIN UTILIZAR\COD-NUEVOS SEP2024(14)\7451304216674.jpg","3"
"7451304216681","","SIN_UTILIZAR","SIN_UTILIZAR",".ai","7451304216681.ai","COD-NUEVOS SEP2024(14)","I:\PROYECTOS DE DISEÑO(ADOLFO)\(PIERRE ZEITOUNE) FERRETTI\ADOLFO CODIGOS DE BARRAS\1. EPS-SIN UTILIZAR\COD-NUEVOS SEP2024(14)\7451304216681.ai","3"
"7451304216681","","SIN_UTILIZAR","SIN_UTILIZAR",".eps","7451304216681.eps","COD-NUEVOS SEP2024(14)","I:\PROYECTOS DE DISEÑO(ADOLFO)\(PIERRE ZEITOUNE) FERRETTI\ADOLFO CODIGOS DE BARRAS\1. EPS-SIN UTILIZAR\COD-NUEVOS SEP2024(14)\7451304216681.eps","3"
"7451304216681","","SIN_UTILIZAR","SIN_UTILIZAR",".jpg","7451304216681.jpg","COD-NUEVOS SEP2024(14)","I:\PROYECTOS DE DISEÑO(ADOLFO)\(PIERRE ZEITOUNE) FERRETTI\ADOLFO CODIGOS DE BARRAS\1. EPS-SIN UTILIZAR\COD-NUEVOS SEP2024(14)\7451304216681.jpg","3"
"7451304216698","","SIN_UTILIZAR","SIN_UTILIZAR",".ai","7451304216698.ai","COD-NUEVOS SEP2024(14)","I:\PROYECTOS DE DISEÑO(ADOLFO)\(PIERRE ZEITOUNE) FERRETTI\ADOLFO CODIGOS DE BARRAS\1. EPS-SIN UTILIZAR\COD-NUEVOS SEP2024(14)\7451304216698.ai","3"
"7451304216698","","SIN_UTILIZAR","SIN_UTILIZAR",".eps","7451304216698.eps","COD-NUEVOS SEP2024(14)","I:\PROYECTOS DE DISEÑO(ADOLFO)\(PIERRE ZEITOUNE) FERRETTI\ADOLFO CODIGOS DE BARRAS\1. EPS-SIN UTILIZAR\COD-NUEVOS SEP2024(14)\7451304216698.eps","3"
"7451304216698","","SIN_UTILIZAR","SIN_UTILIZAR",".jpg","7451304216698.jpg","COD-NUEVOS SEP2024(14)","I:\PROYECTOS DE DISEÑO(ADOLFO)\(PIERRE ZEITOUNE) FERRETTI\ADOLFO CODIGOS DE BARRAS\1. EPS-SIN UTILIZAR\COD-NUEVOS SEP2024(14)\7451304216698.jpg","3"
"7451304216704","","SIN_UTILIZAR","SIN_UTILIZAR",".ai","7451304216704.ai","COD-NUEVOS SEP2024(14)","I:\PROYECTOS DE DISEÑO(ADOLFO)\(PIERRE ZEITOUNE) FERRETTI\ADOLFO CODIGOS DE BARRAS\1. EPS-SIN UTILIZAR\COD-NUEVOS SEP2024(14)\7451304216704.ai","3"
"7451304216704","","SIN_UTILIZAR","SIN_UTILIZAR",".eps","7451304216704.eps","COD-NUEVOS SEP2024(14)","I:\PROYECTOS DE DISEÑO(ADOLFO)\(PIERRE ZEITOUNE) FERRETTI\ADOLFO CODIGOS DE BARRAS\1. EPS-SIN UTILIZAR\COD-NUEVOS SEP2024(14)\7451304216704.eps","3"
"7451304216704","","SIN_UTILIZAR","SIN_UTILIZAR",".jpg","7451304216704.jpg","COD-NUEVOS SEP2024(14)","I:\PROYECTOS DE DISEÑO(ADOLFO)\(PIERRE ZEITOUNE) FERRETTI\ADOLFO CODIGOS DE BARRAS\1. EPS-SIN UTILIZAR\COD-NUEVOS SEP2024(14)\7451304216704.jpg","3"
"7451304216896","","SIN_UTILIZAR","SIN_UTILIZAR",".ai","7451304216896.ai","TANQUE GALONERA DE COMBUSTIBLE PORTÁTIL","I:\PROYECTOS DE DISEÑO(ADOLFO)\(PIERRE ZEITOUNE) FERRETTI\ADOLFO CODIGOS DE BARRAS\1. EPS-SIN UTILIZAR\TANQUE GALONERA DE COMBUSTIBLE PORTÁTIL\7451304216896.ai","3"
"7451304216896","","SIN_UTILIZAR","SIN_UTILIZAR",".eps","7451304216896.eps","TANQUE GALONERA DE COMBUSTIBLE PORTÁTIL","I:\PROYECTOS DE DISEÑO(ADOLFO)\(PIERRE ZEITOUNE) FERRETTI\ADOLFO CODIGOS DE BARRAS\1. EPS-SIN UTILIZAR\TANQUE GALONERA DE COMBUSTIBLE PORTÁTIL\7451304216896.eps","3"
"7451304216896","","SIN_UTILIZAR","SIN_UTILIZAR",".jpg","7451304216896.jpg","TANQUE GALONERA DE COMBUSTIBLE PORTÁTIL","I:\PROYECTOS DE DISEÑO(ADOLFO)\(PIERRE ZEITOUNE) FERRETTI\ADOLFO CODIGOS DE BARRAS\1. EPS-SIN UTILIZAR\TANQUE GALONERA DE COMBUSTIBLE PORTÁTIL\7451304216896.jpg","3"
"7451304216902","","CerraduraPomoMinimalista","EN_USO",".ai","7451304216902.ai","CERRADURA POMO MINIMALISTA, SIN ROSETA(3)","I:\PROYECTOS DE DISEÑO(ADOLFO)\(PIERRE ZEITOUNE) FERRETTI\ADOLFO CODIGOS DE BARRAS\CERRADURA POMO MINIMALISTA, SIN ROSETA(3)\7451304216902.ai","3"
"7451304216902","","CerraduraPomoMinimalista","EN_USO",".eps","7451304216902.eps","CERRADURA POMO MINIMALISTA, SIN ROSETA(3)","I:\PROYECTOS DE DISEÑO(ADOLFO)\(PIERRE ZEITOUNE) FERRETTI\ADOLFO CODIGOS DE BARRAS\CERRADURA POMO MINIMALISTA, SIN ROSETA(3)\7451304216902.eps","3"
"7451304216902","","CerraduraPomoMinimalista","EN_USO",".jpg","7451304216902.jpg","CERRADURA POMO MINIMALISTA, SIN ROSETA(3)","I:\PROYECTOS DE DISEÑO(ADOLFO)\(PIERRE ZEITOUNE) FERRETTI\ADOLFO CODIGOS DE BARRAS\CERRADURA POMO MINIMALISTA, SIN ROSETA(3)\7451304216902.jpg","3"
"7451304217411","","CerraduraPomoMinimalista","EN_USO",".ai","7451304217411.ai","CERRADURA POMO MINIMALISTA, SIN ROSETA(3)","I:\PROYECTOS DE DISEÑO(ADOLFO)\(PIERRE ZEITOUNE) FERRETTI\ADOLFO CODIGOS DE BARRAS\CERRADURA POMO MINIMALISTA, SIN ROSETA(3)\7451304217411.ai","3"
"7451304217411","","CerraduraPomoMinimalista","EN_USO",".eps","7451304217411.eps","CERRADURA POMO MINIMALISTA, SIN ROSETA(3)","I:\PROYECTOS DE DISEÑO(ADOLFO)\(PIERRE ZEITOUNE) FERRETTI\ADOLFO CODIGOS DE BARRAS\CERRADURA POMO MINIMALISTA, SIN ROSETA(3)\7451304217411.eps","3"
"7451304217411","","CerraduraPomoMinimalista","EN_USO",".jpg","7451304217411.jpg","CERRADURA POMO MINIMALISTA, SIN ROSETA(3)","I:\PROYECTOS DE DISEÑO(ADOLFO)\(PIERRE ZEITOUNE) FERRETTI\ADOLFO CODIGOS DE BARRAS\CERRADURA POMO MINIMALISTA, SIN ROSETA(3)\7451304217411.jpg","3"
"7451304217428","","CerraduraPomoMinimalista","EN_USO",".ai","7451304217428.ai","CERRADURA POMO MINIMALISTA, SIN ROSETA(3)","I:\PROYECTOS DE DISEÑO(ADOLFO)\(PIERRE ZEITOUNE) FERRETTI\ADOLFO CODIGOS DE BARRAS\CERRADURA POMO MINIMALISTA, SIN ROSETA(3)\7451304217428.ai","3"
"7451304217428","","CerraduraPomoMinimalista","EN_USO",".eps","7451304217428.eps","CERRADURA POMO MINIMALISTA, SIN ROSETA(3)","I:\PROYECTOS DE DISEÑO(ADOLFO)\(PIERRE ZEITOUNE) FERRETTI\ADOLFO CODIGOS DE BARRAS\CERRADURA POMO MINIMALISTA, SIN ROSETA(3)\7451304217428.eps","3"
"7451304217428","","CerraduraPomoMinimalista","EN_USO",".jpg","7451304217428.jpg","CERRADURA POMO MINIMALISTA, SIN ROSETA(3)","I:\PROYECTOS DE DISEÑO(ADOLFO)\(PIERRE ZEITOUNE) FERRETTI\ADOLFO CODIGOS DE BARRAS\CERRADURA POMO MINIMALISTA, SIN ROSETA(3)\7451304217428.jpg","3"
